pos,insert,nuc len,count,gene,AA pos,AA insert,avg QC,top pango,top pango pct,pango total,top cntry,top cntry pct,cntry total,submit lab total,origin lab total,ins priv mut pct of HQCS,ins priv mut pct of HQCS pango,ins seqs with all ins priv muts,ins seqs with all ins priv muts pct,Submit Lab Counts,Origin Lab Counts,Insert Seqs
22204,GAGCCAGAA,9,2000000,S,214,EPE,0.0,BA.1,99.0,1,USA,30.0,100,1000,1000,99.0,99.0,99,99.0,,,
21608,TCATGCCGCTGT,12,2000000,S,214,MPLF,0.0,BA.2.86,99.0,1,USA,30.0,100,1000,1000,99.0,99.0,99,99.0,,,
22204,GCTTCAGACACT,12,3700,S,214,ASDT,0.0,BA.3.2,99.0,1,USA,30.0,100,100,100,99.0,99.0,99,99.0,,,
6425,AGTCTTCGCTGG,12,20,ORF1a,2053,KSSL,2.7,BF.5,100.0,1,Germany,80.0,4,4,4,0.1,0.1,0,0.1,"16--Robert Koch Institute
2--National Institute for Public Health and the Environment (RIVM)
1--5. Laboratory of Communicable Diseases (Estonia); 2. Eurofins Genomics Europe Sequencing GmbH
1--Statens Serum Institut Bioinformatics and Microbial Genomics","8--MVZ Labor Dr. Limbach & Kollegen GbR
2--Limbach - Ganzimmun Diagnostics AG Mainz
2--Medizinisches Versorgungszentrum Göttingen (MVZ)  Kinderwunschzentrum Zentrum für Labordiagnostik Institut für Pathologie und Zytologie
2--LADR Zentrallabor DR. Kramer & Kollegen Geesthacht
1--MDI Limbach Berlin GmbH; MVZ Labor Berlin
1--Department of Bacteria, Parasites and Fungi, Statens Serum Institut, Copenhagen, Denmark
1--Radboudumc
1--National Institute for Public Health and the Environment (RIVM)
1--LabKom - Labor Mainz MVZ GmbH
1--SYNLAB Eesti OÜ (SYNLAB)","EPI_ISL_14934871, EPI_ISL_15134296, EPI_ISL_15147098, EPI_ISL_15147209, EPI_ISL_15148243, EPI_ISL_15148262, EPI_ISL_15150369, EPI_ISL_15439208, EPI_ISL_15444082, EPI_ISL_15444092, EPI_ISL_15446456, EPI_ISL_15519768, EPI_ISL_15519776, EPI_ISL_15520620, EPI_ISL_15520669, EPI_ISL_15521638, EPI_ISL_15524243, EPI_ISL_15632197, EPI_ISL_16296009, EPI_ISL_20114404"
6477,CAGTGGGTG,9,11,ORF1a,2071,SGC,4.8,LP.8.1.1,100.0,1,USA,100.0,1,3,3,60.0,60.0,9,81.8,"5--Los Angeles County Public Health Laboratories
4--Kaiser Permanente Chino Hills Regional Reference Laboratory
2--Laboratory Branch, Coronaviruses and Other Respiratory Viruses Division, National Center for Immunization and Respiratory Diseases, Centers for Disease Control and Prevention (CDC)","5--Los Angeles County Public Health Laboratory
4--Kaiser Permanente Chino Hills Regional Reference Laboratory
2--Laboratory Corporation of America","EPI_ISL_19825042, EPI_ISL_19825107, EPI_ISL_19842951, EPI_ISL_19842953, EPI_ISL_19861655, EPI_ISL_19869157, EPI_ISL_19877965, EPI_ISL_19877981, EPI_ISL_19883655, EPI_ISL_20263610, EPI_ISL_20264064"
6500,TACCCGTGAACTCAT,15,6,ORF1a,2083,SANN,5.4,BA.1,100.0,1,England,100.0,1,2,2,60.0,75.0,6,100.0,"3--Wellcome Sanger Institute
3--COVID-19 Genomics UK (COG-UK) Consortium","3--Oncologica UK Ltd
2--Lighthouse Lab in Milton Keynes
1--Lighthouse Lab in Alderley Park","EPI_ISL_8657929, EPI_ISL_9374317, EPI_ISL_10388027, EPI_ISL_10424674, EPI_ISL_10440737, EPI_ISL_10453753"
27406,TAACAGAGA,9,3,ORF7a,5,TEI,1.9,BA.2.9,100.0,1,Mexico,100.0,1,3,3,100.0,100.0,2,66.7,"1--Instituto Nacional de Medicina Genomica
1--Unidad de Genomica Avanzada
1--Instituto de Biotecnología de la UNAM","1--SALUD DIGNA
1--Unidad de Investigación Médica de Yucatán (UIMY)
1--Unidad de Investigacion Medica de Yucatan (UIMY)","EPI_ISL_13575581, EPI_ISL_13727772, EPI_ISL_13802974"
27402,CAATTGGGGG,10,9,ORF7a,3,QLG,83.8,BA.2.3,100.0,1,USA,100.0,1,3,3,100.0,100.0,5,55.6,"6--Centers for Disease Control and Prevention, Division of Viral Diseases, Pathogen Discovery
2--Michigan State University
1--Michigan Department of Health and Human Services, Bureau of Laboratories","3--Helix
3--Quest Diagnostics Incorporated
1--Spectrum Health Medical Group
1--Michigan Department of Health and Human Services, Bureau of Laboratories
1--Spectrum Health","EPI_ISL_11951542, EPI_ISL_11952168, EPI_ISL_11997739, EPI_ISL_11997827, EPI_ISL_11997834, EPI_ISL_12149529, EPI_ISL_13109644, EPI_ISL_14503524, EPI_ISL_17418623"
27808,GAACTTGGG,9,4,ORF7b,18,NLG,13.7,AY.25,100.0,1,USA,100.0,1,2,2,100.0,100.0,3,75.0,"3--Centers for Disease Control and Prevention, Division of Viral Diseases, Pathogen Discovery
1--Houston Health Dept.","3--Aegis Sciences Corporation
1--HIRAM CLARKE MSC - 3810 W FUQUA ST","EPI_ISL_6073352, EPI_ISL_6165355, EPI_ISL_6420091, EPI_ISL_7406620"
2228,CCCACCAGA,9,4,ORF1a,654,SHQ,20.2,XFG.1.1,100.0,1,France,75.0,2,2,2,100.0,100.0,4,100.0,"3--CNR Virus des Infections Respiratoires, France SUD - GenEPII, Plateform
1--The Public Health Agency of Sweden","1--24127 HC GROSSESSES PATHOLOGIQUES
1--Swedish national genomic surveillance program of SARS-CoV-2
1--21551 ACCUEIL URG ADULTE N
1--36313 AU SAU URGENCES","EPI_ISL_20249046, EPI_ISL_20249062, EPI_ISL_20249086, EPI_ISL_20409677"
27700,ATGGAGAAG,9,7,ORF7a,102,NGE,0.0,AY.125,100.0,1,Albania,85.7,2,2,2,100.0,100.0,4,57.1,"6--Institute of Public Health
1--Department of Microbiology, National Institute of Public Health of Kosovo","6--Institute of Public Health
1--Department of Microbiology, National Institute of Public Health of Kosovo","EPI_ISL_9237991, EPI_ISL_16854900, EPI_ISL_16855002, EPI_ISL_16855063, EPI_ISL_16855065, EPI_ISL_16855250, EPI_ISL_16855263"
22304,CAGGAAGCGGAG,12,3,S,247,SGSG,1.6,BA.5.1.6,100.0,1,Puerto_Rico,66.7,2,2,2,100.0,100.0,2,66.7,"2--Puerto Rico Science, Technology and Research Trust
1--Houston Methodist Hospital","1--Houston Methodist Hospital
1--Laboratorio Clinico Toledo
1--Laboratorio Borinquen","EPI_ISL_14609143, EPI_ISL_15435618, EPI_ISL_20231416"
2218,GAGAGAGGT,9,11,ORF1a,651,ERG,2.0,BA.2.3,100.0,1,USA,100.0,1,3,3,0.1,0.3,11,100.0,"5--Colorado Department of Public Health and Environment
4--Centers for Disease Control and Prevention, Division of Viral Diseases, Pathogen Discovery
2--Pandemic Response Lab, R&D","5--Colorado Department of Public Health and Environment
4--Quest Diagnostics Incorporated
2--Pandemic Response Lab - NYC","EPI_ISL_11084005, EPI_ISL_11435566, EPI_ISL_11436524, EPI_ISL_11744547, EPI_ISL_11744758, EPI_ISL_12149678, EPI_ISL_12272945, EPI_ISL_12273126, EPI_ISL_12305859, EPI_ISL_12328586, EPI_ISL_12328851"
28050,AGCAGTGT,8,3,ORF8,53,QC,5.1,BF.7.15,66.7,2,Japan,100.0,1,2,2,100.0,100.0,2,66.7,"1--National Center for Global Health and Medicine
1--Tokyo Metropolitan Institute of Public Health","1--The SB Coronavirus Inspection Center
1--Tokyo Metropolitan Institute of Public Health","EPI_ISL_16864867, EPI_ISL_19575420"
27809,GGCGCGGGGAA,11,5,ORF7b,18,GAG,14.6,BA.2.38,100.0,1,USA,60.0,3,4,4,22.7,31.3,5,100.0,"2--Centers for Disease Control and Prevention, Division of Viral Diseases, Pathogen Discovery
1--Laboratoire Cerba
1--Microbiological Diagnostic Unit - Public Health Laboratory (MDU-PHL)
1--Oregon State Public Health Laboratory","2--Laboratory Corporation of America
1--Microbiological Diagnostic Unit - Public Health Laboratory (MDU-PHL)
1--Oregon State Public Health Laboratory
1--Cerballiance Cote D'Azur Labo Des Ecoles","EPI_ISL_13376190, EPI_ISL_13542336, EPI_ISL_13707875, EPI_ISL_13709407, EPI_ISL_14152338"
22304,CTGCGA,6,12,S,247,SA,2.1,BA.2,100.0,1,Slovakia,33.3,6,6,6,15.9,20.8,10,83.3,"4--Laboratory of Genomics and Bioinformatics, Comenius University Science Park
3--COVID-19 Genomics UK (COG-UK) Consortium
2--Robert Koch Institute
1--SA Pathology
1--Pathogen Genomics Center, National Institute of Infectious Diseases
1--Public Health Wales Microbiology Cardiff Wales Specialist Virology Centre","3--Laboratory of Genomics and Bioinformatics, Comenius University Science Park
2--Respiratory Virus Unit, Microbiology Services Colindale, Public Health England
1--Medizinisches Versorgungszentrum Göttingen (MVZ)  Kinderwunschzentrum Zentrum für Labordiagnostik Institut für Pathologie und Zytologie
1--SA Pathology
1--Originating lab: Wales Specialist Virology Centre Sequencing lab: Pathogen Genomics Unit
1--Sonic - Labor Dr. von Froreich GmbH
1--Barts Health NHS Trust
1--Regional Public Health Authority with the seat in Trenčín, Slovakia
1--SARS-CoV-2 testing team, National Institute of Infectious Diseases","EPI_ISL_12039767, EPI_ISL_12080076, EPI_ISL_12080077, EPI_ISL_12097020, EPI_ISL_12563022, EPI_ISL_13013443, EPI_ISL_13090323, EPI_ISL_13229157, EPI_ISL_13229239, EPI_ISL_13249014, EPI_ISL_13386373, EPI_ISL_13432443"
1407,CGGCCG,6,8,ORF1a,380,DG,5.2,BA.5.2.7,100.0,1,Denmark,50.0,3,3,3,88.9,88.9,8,100.0,"4--Statens Serum Institut Bioinformatics and Microbial Genomics
3--Robert Koch Institute
1--Wellcome Sanger Institute","4--Department of Bacteria, Parasites and Fungi, Statens Serum Institut, Copenhagen, Denmark
3--MVZ Labor Dr. Limbach & Kollegen GbR
1--Lighthouse Lab in Glasgow","EPI_ISL_15677287, EPI_ISL_15902727, EPI_ISL_15918726, EPI_ISL_15918857, EPI_ISL_15959656, EPI_ISL_15986102, EPI_ISL_15986104, EPI_ISL_16062549"
22105,AGCCAGGATTCCCGA,15,2,S,181,SQDSR,0.1,BF.14,100.0,1,USA,100.0,1,2,2,66.7,66.7,2,100.0,"1--Centers for Disease Control and Prevention, Division of Viral Diseases, Pathogen Discovery
1--Bioinformatics Shared Resource, University of Vermont","1--VT Dept. of Health Laboratory
1--Bioinformatics Shared Resource, University of Vermont","EPI_ISL_16893674, EPI_ISL_17122132"
3314,AATTTTGGG,9,6,ORF1a,1016,KFW,6.7,XEK.2,100.0,1,USA,100.0,1,3,3,100.0,100.0,4,66.7,"4--Los Angeles County Public Health Laboratories
1--Public Health Laboratory, Los Angeles County Department of Public Health
1--Laboratory Branch, Coronaviruses and Other Respiratory Viruses Division, National Center for Immunization and Respiratory Diseases, Centers for Disease Control and Prevention (CDC)","4--Los Angeles County Public Health Laboratory
1--Laboratory Corporation of America
1--Public Health Laboratory, Los Angeles County Department of Public Health","EPI_ISL_19802563, EPI_ISL_19837950, EPI_ISL_19842960, EPI_ISL_19852785, EPI_ISL_19861588, EPI_ISL_19869114"
27850,CAAGGAGCGCGG,12,24,ORF7b,32,KERG,2.7,HV.1,100.0,1,USA,100.0,1,4,4,15.5,15.7,24,100.0,"14--Colorado Department of Public Health and Environment
5--Centers for Disease Control and Prevention, Division of Viral Diseases, Pathogen Discovery
4--University at Buffalo Genomics and Bioinformatics Core
1--URMC LABS","14--Colorado Department of Public Health and Environment
5--Quest Diagnostics Incorporated
3--Catholic Health Laboratories
1--Erie County Medical Center (ECMC)
1--URMC LABS","EPI_ISL_18534752, EPI_ISL_18602155, EPI_ISL_18644454, EPI_ISL_18666724, EPI_ISL_18666958, EPI_ISL_18670071, EPI_ISL_18670085, EPI_ISL_18670092, EPI_ISL_18670093, EPI_ISL_18670307, EPI_ISL_18670327, EPI_ISL_18757625, EPI_ISL_18791412, EPI_ISL_18797410, EPI_ISL_18808719, EPI_ISL_18813695, EPI_ISL_18813726, EPI_ISL_18869844, EPI_ISL_18869847, EPI_ISL_18869853, EPI_ISL_19148020, EPI_ISL_19148299, EPI_ISL_19148330, EPI_ISL_19148401"
28208,TGCCGTCACGG,11,2,ORF8,105,CRH,0.1,BQ.1.12,100.0,1,USA,100.0,1,2,2,100.0,100.0,2,100.0,"1--R&D, Pandemic Response Lab
1--Centers for Disease Control and Prevention, Division of Viral Diseases, Pathogen Discovery","1--Pandemic Response Lab
1--Laboratory Corporation of America","EPI_ISL_15749887, EPI_ISL_15815729"
22303,GAGTTTGGG,9,95,S,247,EFG,7.9,BA.2.12.1,100.0,1,USA,92.6,3,17,19,95.0,95.0,76,80.9,"34--Centers for Disease Control and Prevention, Division of Viral Diseases, Pathogen Discovery
16--Center for Global Health, University of New Mexico Health Sciences Center
11--New Mexico Department of Health Scientific Laboratory
6--Public Health Ontario
5--California Department of Public Health
5--Colorado Department of Public Health and Environment
3--Utah Public Health Laboratory
2--Idaho Bureau of Laboratories
2--Virginia Division of Consolidated Laboratory Services
1--NSW Health Pathology - Institute of Clinical Pathology and Medical Research (ICPMR); Westmead Hospital; University of Sydney
1--Helix
1--Minnesota Department of Health, Public Health Laboratory
1--North Dakota Department of Health, Public Health Laboratory
1--Department of Pathology, Johns Hopkins Hospital
1--Pandemic Response Lab, R&D
1--Nevada State Public Health Laboratory
1--Mathers Lab
1--Georgia Department of Public Health
1--Houston Methodist Hospital","14--Laboratory Corporation of America
13--Quest Diagnostics Incorporated
9--TriCore Reference Laboratory Inc.
8--TriCore Reference Laboratories
6--Helix
6--Univeristy of New Mexico Hospital
5--Colorado Department of Public Health and Environment
4--Tidewater Physicians Multispecialty Group Regional Laboratory
4--Public Health Ontario Laboratory
3--Utah Public Health Laboratory
2--The Hospital for Sick Children
2--Idaho Bureau of Laboratories
2--Virginia Tech
2--University of New Mexico Hospital
2--New Mexico Department of Health Scientific Laboratory
1--UVA Clinical Microbiology Lab
1--Laverty Pathology
1--Kaiser Permanente Southern California
1--INFINITY BIOLOGIX
1--TPMG Regional Laboratory
1--North Dakota Department of Health, Public Health Laboratory
1--Department of Pathology, Johns Hopkins Hospital
1--Pandemic Response Lab - NYC
1--""""""NM Dept. Health, Scientific Laboratory Division """"""
1--Nevada State Public Health Laboratory
1--Georgia Department of Public Health
1--Houston Methodist Hospital","EPI_ISL_12711909, EPI_ISL_12874256, EPI_ISL_12923634, EPI_ISL_13044378, EPI_ISL_13060644, EPI_ISL_13191680, EPI_ISL_13290305, EPI_ISL_13290463, EPI_ISL_13291017, EPI_ISL_13291159, EPI_ISL_13315874, EPI_ISL_13416160, EPI_ISL_13432649, EPI_ISL_13435031, EPI_ISL_13451116, EPI_ISL_13451270, EPI_ISL_13482735, EPI_ISL_13505614, EPI_ISL_13510151, EPI_ISL_13528500, EPI_ISL_13540372, EPI_ISL_13547091, EPI_ISL_13547776, EPI_ISL_13547783, EPI_ISL_13550531, EPI_ISL_13551167, EPI_ISL_13551169, EPI_ISL_13585934, EPI_ISL_13640875, EPI_ISL_13644536, EPI_ISL_13645104, EPI_ISL_13654227, EPI_ISL_13704236, EPI_ISL_13704272, EPI_ISL_13704354, EPI_ISL_13704379, EPI_ISL_13759449, EPI_ISL_13759486, EPI_ISL_13778911, EPI_ISL_13850691, EPI_ISL_13957350, EPI_ISL_13997949, EPI_ISL_14005907, EPI_ISL_14031722, EPI_ISL_14037410, EPI_ISL_14037494, EPI_ISL_14037678, EPI_ISL_14056331, EPI_ISL_14075391, EPI_ISL_14080061, EPI_ISL_14124540, EPI_ISL_14209708, EPI_ISL_14267759, EPI_ISL_14276939, EPI_ISL_14287967, EPI_ISL_14335603, EPI_ISL_14418847, EPI_ISL_14418856, EPI_ISL_14418896, EPI_ISL_14426246, EPI_ISL_14438210, EPI_ISL_14466414, EPI_ISL_14467370, EPI_ISL_14486812, EPI_ISL_14486906, EPI_ISL_14491487, EPI_ISL_14565445, EPI_ISL_14582264, EPI_ISL_14656842, EPI_ISL_14673479, EPI_ISL_14715662, EPI_ISL_14715791, EPI_ISL_14780565, EPI_ISL_14790289, EPI_ISL_14866766, EPI_ISL_14869859, EPI_ISL_14911745, EPI_ISL_15043064, EPI_ISL_15061804, EPI_ISL_15166484, EPI_ISL_15166522, EPI_ISL_15183405, EPI_ISL_15183418, EPI_ISL_15183426, EPI_ISL_15205209, EPI_ISL_15455737, EPI_ISL_15455738, EPI_ISL_15466578, EPI_ISL_15976330, EPI_ISL_16190642, EPI_ISL_17151418, EPI_ISL_19938207, EPI_ISL_19941654"
27362,GTGAATGAGTTTATGTGGGTT,21,15,ORF6,54,*MSLCGL,3.1,BA.1.1,100.0,1,USA,100.0,1,3,3,32.6,71.4,15,100.0,"12--Centers for Disease Control and Prevention, Division of Viral Diseases, Pathogen Discovery
2--Santa Clara County Public Health Laboratory
1--California Department of Public Health","12--Fulgent Genetics
1--Santa Clara County Public Health Laboratory
1--Santa Clara Valley Medical Center
1--Tidewater Physicians Multispecialty Group Regional Laboratory","EPI_ISL_9333155, EPI_ISL_9593863, EPI_ISL_9593873, EPI_ISL_9668315, EPI_ISL_9954233, EPI_ISL_9954386, EPI_ISL_10277733, EPI_ISL_10323124, EPI_ISL_10323137, EPI_ISL_10323187, EPI_ISL_10477429, EPI_ISL_10483024, EPI_ISL_10483038, EPI_ISL_11893839, EPI_ISL_12928939"
27436,GCGAGGGTC,9,4,ORF7a,15,EGR,6.3,AY.44,100.0,1,USA,100.0,1,3,3,100.0,100.0,4,100.0,"2--Infectious Disease Program, Broad Institute of Harvard and MIT
1--Rhode Island State Health Laboratory
1--Centers for Disease Control and Prevention, Division of Viral Diseases, Pathogen Discovery","2--Broad Institute Clinical Research Sequencing Platform
1--Rhode Island State Health Laboratory
1--Aegis Sciences Corporation","EPI_ISL_3431305, EPI_ISL_3669248, EPI_ISL_5003119, EPI_ISL_19894110"
12610,AAAGCATACAAT,12,4,ORF1a,4115,KAYN,3.5,BA.2.9,100.0,1,France,100.0,1,2,2,100.0,100.0,4,100.0,"3--Gen-Bio Inovie Gravanches
1--Laborizon Centre","2--Lspb - Marseille Place Castellane
1--Genbio - Pt / Clermont Gravanches
1--Biogroup-Laboratoire-Alphabio","EPI_ISL_12070992, EPI_ISL_12079077, EPI_ISL_12079191, EPI_ISL_13517229"
27584,AGATCAG,7,2,ORF7a,63,I,97.3,BA.2,100.0,1,Luxembourg,100.0,1,2,2,100.0,100.0,2,100.0,"1--Microbiology, Microbial Genomics Platform, LNS Laboratoire National De Santé
1--Laboratoire national de sante, Microbiology, Microbial Genomics Platform","1--Hospital Center Emile Mayrisch
1--BioneXt Lab","EPI_ISL_12837354, EPI_ISL_13282556"
20485,ACAGGGGAG,9,3,ORF1b,2339,NRG,0.0,BA.5.1.3|BA.2.20|BA.2.10,33.3,3,USA|England|Singapore,33.3,3,3,3,0.1,0.1,0,0.1,"1--Centers for Disease Control and Prevention, Division of Viral Diseases, Pathogen Discovery
1--COVID-19 Genomics UK (COG-UK) Consortium
1--National Public Health Laboratory, National Centre for Infectious Diseases","1--Respiratory Virus Unit, Microbiology Services Colindale, Public Health England
1--National Public Health Laboratory, National Centre for Infectious Diseases
1--Aegis Sciences Corporation","EPI_ISL_11000923, EPI_ISL_12052245, EPI_ISL_14459885"
27298,AGCTGTCGGG,10,5,ORF6,32,KLS,47.9,BA.2.3.13,100.0,1,Japan,100.0,1,2,2,100.0,100.0,4,80.0,"2--National Center for Global Health and Medicine
1--Gifu Prefectural Research Institute for Health and Environmental Sciences","2--The SB Coronavirus Inspection Center
1--Department of Health Science, Gifu Prefectural Research Institute for Health and Environmental Sciences","EPI_ISL_14119461, EPI_ISL_19579901, EPI_ISL_19579927"
6403,GCTTTGGTTTAT,12,3,ORF1a,2046,ALVY,0.0,BF.7.4.1,100.0,1,USA,100.0,1,3,3,0.0,0.3,3,100.0,"1--Centers for Disease Control and Prevention, Division of Viral Diseases, Pathogen Discovery
1--UW Virology Lab
1--Wisconsin State Laboratory of Hygiene Communicable Disease Division","1--UW Virology Lab
1--Laboratory Corporation of America
1--Wisconsin State Laboratory of Hygiene Communicable Disease Division","EPI_ISL_15412577, EPI_ISL_15773225, EPI_ISL_15992636"
22305,CAAATCTGG,9,2,S,248,KSG,0.0,BQ.1.1,100.0,1,France,100.0,1,2,2,100.0,100.0,2,100.0,"1--Gen-Bio Inovie Gravanches
1--Centre National de Reference des Virus des Infections Respiratoires","1--Hopital
1--Genbio - Pt / Clermont Gravanches","EPI_ISL_16259678, EPI_ISL_16866127"
1312,ACTAAAGAAGGTGCC,15,179,ORF1a,349,TKEGA,6.3,BF.7,98.3,3,USA,56.4,12,35,37,48.1,17500.0,175,97.8,"59--Centers for Disease Control and Prevention, Division of Viral Diseases, Pathogen Discovery
26--Public Health Ontario
19--Wellcome Sanger Institute
12--Helix
9--Lauring Lab, University of Michigan, Department of Microbiology and Immunology
6--Tokyo Metropolitan Institute of Public Health
4--""""""National Public Health Organization""""""
3--California Department of Public Health
3--Michigan Department of Health and Human Services, Bureau of Laboratories
3--Greek Genome Center, Biomedical Research Foundation of the Academy of Athens (BRFAA)
2--Alberta Precision Labs (APL)
2--Wake Forest School of Medicine, Internal Medicine
2--Tennessee Department of Health Laboratory Services
2--Pathogen Genomics Center, National Institute of Infectious Diseases
2--Michigan State University
2--Servizo de Microbioloxía. Complexo Hospitalario de Santiago de Compostela
2--School of Medicine and Public Health, UW Madison
2--Banc de Sang i Teixits
1--Lauring Lab, Department of Microbiology and Immunology, University of Michigan
1--Instituto Nacional de Medicina Genomica
1--Oregon Health & Science University
1--Hospital Universitari Vall d'Hebron - Vall d'Hebron Institut de Recerca
1--British Columbia Centre For Disease Control
1--Unità Operativa di Microbiologia, IRCSS Policlinico di Sant'Orsola, Azienda Ospedaliero Universitaria di Bologna
1--NLZOH (National Laboratory for Health, Environment and Food)
1--GA Department of Public Health
1--Clinical Virology Laboratory
1--Wisconsin State Laboratory of Hygiene Communicable Disease Division
1--National Public Health Organization
1--IACS LaSARD
1--IRCCS Regina Elena National Cancer Institute
1--UOSD Genetica e Citogenetica - Azienda ULSS 3 Serenissima; Istituto Zooprofilattico Sperimentale delle Venezie
1--City of Milwaukee Health Department Laboratory
1--Institute of Medical Virology, University of Zurich / Department of Biosystems Science and Engineering, ETH Zürich
1--Riga East University Hospital, National Microbiology Reference Laboratory
1--TN DOH Lab Services
1--Robert Koch Institute","37--Quest Diagnostics Incorporated
22--The Hospital for Sick Children
22--Laboratory Corporation of America
12--Kaiser Permanente Southern California
10--Lighthouse Laboratory Plymouth
9--Henry Ford Health Microbiology Laboratory
6--Tokyo Metropolitan Institute of Public Health
5--Rosalind Franklin Laboratory
4--St. Joseph's Healthcare Hamilton
4--""""""National Public Health Organization""""""
4--Lighthouse Lab in Glasgow
3--Tidewater Physicians Multispecialty Group Regional Laboratory
3--Hellenic National Blood Transfusion Center - EKEA
3--Michigan Department of Health and Human Services, Bureau of Laboratories
2--Alberta Precision Labs (APL)
2--Spectrum Health
2--Tennessee Department of Health Laboratory Services
2--Pathogen Genomics Center, National Institute of Infectious Diseases
2--Carolinas HealthCare Systems Laboratory
2--Servizo de Microbioloxía. Complexo Hospitalario de Santiago de Compostela
2--School of Medicine and Public Health, UW Madison
2--Fundacio Althaia-Manresa
1--Stadtspital Triemli
1--Kaiser Permanente NW Reginal Lab
1--Stanford Health Care
1--British Columbia Centre For Disease Control
1--Summit Clinical Laboratories
1--SALUD DIGNA
1--National Laboratory for Health, Environment and Food, OMM, Maribor
1--Wisconsin State Laboratory of Hygiene Communicable Disease Division
1--GA Department of Public Health
1--MVZ für Laboratoriumsmedizin und Mikrobiologie Koblenz-Mittelrhein (Labor Koblenz)
1--AULSS 3 Venezia
1--Riga East University Hospital
1--IVY5 Central Lab, Vanderbilt University Medical Center
1--Hospital Universitario San Jorge
1--Hospital Universitari Doctor Josep Trueta
1--National Public Health Organization
1--UO Microbiologia, IRCCS Az.Ospedaliero-Universitaria di Bologna, Policlinico di S.Orsola
1--IRCCS San Gallicano Dermatological Institute
1--TN DOH Lab Services","EPI_ISL_14264329, EPI_ISL_14929758, EPI_ISL_14979479, EPI_ISL_15028652, EPI_ISL_15061592, EPI_ISL_15112675, EPI_ISL_15153689, EPI_ISL_15179087, EPI_ISL_15181485, EPI_ISL_15193250, EPI_ISL_15209905, EPI_ISL_15219999, EPI_ISL_15220064, EPI_ISL_15285280, EPI_ISL_15285281, EPI_ISL_15312449, EPI_ISL_15341664, EPI_ISL_15344549, EPI_ISL_15344615, EPI_ISL_15365135, EPI_ISL_15457800, EPI_ISL_15467809, EPI_ISL_15467854, EPI_ISL_15467887, EPI_ISL_15467897, EPI_ISL_15467902, EPI_ISL_15468374, EPI_ISL_15468382, EPI_ISL_15472899, EPI_ISL_15482038, EPI_ISL_15486148, EPI_ISL_15495853, EPI_ISL_15545688, EPI_ISL_15546092, EPI_ISL_15546100, EPI_ISL_15584125, EPI_ISL_15618979, EPI_ISL_15661221, EPI_ISL_15703200, EPI_ISL_15707017, EPI_ISL_15707609, EPI_ISL_15708412, EPI_ISL_15720724, EPI_ISL_15731411, EPI_ISL_15758653, EPI_ISL_15767351, EPI_ISL_15771177, EPI_ISL_15781022, EPI_ISL_15821570, EPI_ISL_15836818, EPI_ISL_15859880, EPI_ISL_15877656, EPI_ISL_15890209, EPI_ISL_15892923, EPI_ISL_15927192, EPI_ISL_15932162, EPI_ISL_15939792, EPI_ISL_15939794, EPI_ISL_15941240, EPI_ISL_15941864, EPI_ISL_15976214, EPI_ISL_15976772, EPI_ISL_16010459, EPI_ISL_16010885, EPI_ISL_16011432, EPI_ISL_16035831, EPI_ISL_16035915, EPI_ISL_16084414, EPI_ISL_16086084, EPI_ISL_16089376, EPI_ISL_16091515, EPI_ISL_16091573, EPI_ISL_16131647, EPI_ISL_16133857, EPI_ISL_16137574, EPI_ISL_16165381, EPI_ISL_16168404, EPI_ISL_16168661, EPI_ISL_16185756, EPI_ISL_16189071, EPI_ISL_16204022, EPI_ISL_16221795, EPI_ISL_16222193, EPI_ISL_16318055, EPI_ISL_16318093, EPI_ISL_16320858, EPI_ISL_16357297, EPI_ISL_16383226, EPI_ISL_16383458, EPI_ISL_16383549, EPI_ISL_16390541, EPI_ISL_16390726, EPI_ISL_16454812, EPI_ISL_16489071, EPI_ISL_16489072, EPI_ISL_16489073, EPI_ISL_16492554, EPI_ISL_16512273, EPI_ISL_16532854, EPI_ISL_16532883, EPI_ISL_16532886, EPI_ISL_16532992, EPI_ISL_16571473, EPI_ISL_16573235, EPI_ISL_16601910, EPI_ISL_16602220, EPI_ISL_16603150, EPI_ISL_16628470, EPI_ISL_16648078, EPI_ISL_16654347, EPI_ISL_16654348, EPI_ISL_16655983, EPI_ISL_16655984, EPI_ISL_16657188, EPI_ISL_16671380, EPI_ISL_16704790, EPI_ISL_16706980, EPI_ISL_16707369, EPI_ISL_16711212, EPI_ISL_16718656, EPI_ISL_16719930, EPI_ISL_16721135, EPI_ISL_16728610, EPI_ISL_16729820, EPI_ISL_16781929, EPI_ISL_16783292, EPI_ISL_16808377, EPI_ISL_16810157, EPI_ISL_16817726, EPI_ISL_16827983, EPI_ISL_16850865, EPI_ISL_16859092, EPI_ISL_16863607, EPI_ISL_16891005, EPI_ISL_16892505, EPI_ISL_16895486, EPI_ISL_16909608, EPI_ISL_16914354, EPI_ISL_16952473, EPI_ISL_16963156, EPI_ISL_17026150, EPI_ISL_17055926, EPI_ISL_17060317, EPI_ISL_17157311, EPI_ISL_17157397, EPI_ISL_17163269, EPI_ISL_17163270, EPI_ISL_17199253, EPI_ISL_17199261, EPI_ISL_17228277, EPI_ISL_17443638, EPI_ISL_17443763, EPI_ISL_19235699, EPI_ISL_19914559, EPI_ISL_19915641, EPI_ISL_19923212, EPI_ISL_19923226, EPI_ISL_19930176, EPI_ISL_20022135, EPI_ISL_20022142, EPI_ISL_20022143, EPI_ISL_20022273, EPI_ISL_20022274, EPI_ISL_20022369, EPI_ISL_20022751, EPI_ISL_20022916, EPI_ISL_20022932, EPI_ISL_20023261, EPI_ISL_20023262, EPI_ISL_20023263, EPI_ISL_20023264, EPI_ISL_20023303, EPI_ISL_20023304, EPI_ISL_20023308, EPI_ISL_20023885, EPI_ISL_20024785, EPI_ISL_20024951, EPI_ISL_20025456, EPI_ISL_20042073"
22204,TACAGGAGG,9,432,S,212,ERY,1.7,JG.3.2,99.8,2,Canada,85.9,3,26,28,0.1,0.1,0,0.1,"182--Public Health Ontario
128--Alberta Precision Labs (APL)
16--Centers for Disease Control and Prevention, Division of Viral Diseases, Pathogen Discovery
15--Manitoba Cadham Provincial Laboratory
14--New Brunswick - Vitalite Health Network
14--National Reference Center for Viruses of Respiratory Infections (CNR VIR), Institut Pasteur
12--B.C. Centre for Disease Control Public Health Laboratory
8--Minnesota Department of Health, Public Health Laboratory
7--Kingston Health Sciences Centre
6--Saskatchewan - Roy Romanow Provincial Laboratory (RRPL)
4--Colorado Department of Public Health and Environment
3--Delaware Public Health Lab
3--Wadsworth Center, New York State Department of Health
3--British Columbia Centre For Disease Control Public Health Laboratory
2--Nevada State Public Health Laboratory
2--Ohio Department of Health Laboratory
2--RIPHL at Rush University Medical Center
1--Helix
1--Laboratoire de santé publique du Québec
1--Utah Public Health Laboratory
1--Nova Scotia Health Authority
1--Massachusetts State Public Health Lab
1--Newfoundland and Labrador Health Services, Public Health Microbiology Laboratory
1--Nova Scotia Health Authority, Queen Elizabeth II Health Science Centre
1--Blake Hanson's Lab at the University of Texas, School of Public Health Houston
1--Houston Methodist Hospital
1--University at Buffalo Genomics and Bioinformatics Core
1--URMC LABS","128--Alberta Precision Labs (APL)
84--The Hospital for Sick Children
74--Public Health Ontario Laboratory
19--St. Joseph's Healthcare Hamilton
15--British Columbia Centre For Disease Control
14--New Brunswick - Vitalite Health Network
11--Labo Analyses Med
9--MB-Cadham Provincial laboratory
8--Quest Diagnostics Incorporated
6--SK-Roy Romanow Provincial Laboratory
6--MB-Cadham Provincial Laboratory
5--Shared Hospital Laboratory
5--Laboratory Corporation of America
4--EORLA
4--Colorado Department of Public Health and Environment
3--Albany Medical Center Hospital Clinical Laboratories
3--Helix
2--CCMC
2--MINNESOTA DEPARTMENT OF HEALTH, IDEPC
2--Hopital
2--Nevada State Public Health Laboratory
2--Pathology and Laboratory Medicine Institute, Cleveland Clinic, Ohio, USA
1--Kingston Health Sciences Centre
1--Utah Public Health Laboratory
1--Eastern Ontario Regional Laboratory Association (EORLA)
1--Baylor College of Medicine
1--University Of Minnesota - Infectious Disease Diagnostic Labo
1--Anne & Robert H. Lurie Children's Hospital of Chicago
1--Laboratoire de santé publique du Québec
1--Centracare - Monticello Hospital
1--Perth Smiths Falls
1--Bioalliance Laboratoire Des Droits De L'Homme
1--Sanford Bemidji Medical Center
1--UNIVERSITY OF MINNESOTA - INFECTIOUS DISEASE DIAGNOSTIC LABO
1--NS-QEII Health Sciences Centre
1--Newfoundland and Labrador Health Services, Public Health Microbiology Laboratory
1--Houston Methodist Hospital
1--Children's Hospital And Clinic - Minneapolis
1--Catholic Health Laboratories
1--Kaiser Permanente Southern California
1--Massachusetts State Public Health Lab
1--Delaware Public Health Lab
1--RIDGEVIEW MEDICAL CENTER
1--Queen Elizabeth II Health Science Centre
1--Loyola University Medical Center
1--URMC LABS",
22120,AGCGGCGGG,9,43,S,186,SGG,3.4,XBB.1.8,95.3,2,Denmark,90.7,4,5,5,0.1,0.1,0,0.1,"39--Statens Serum Institut Bioinformatics and Microbial Genomics
1--Laboratório Central de Saúde Pública do Estado de Santa Catarina (LACEN/SC)
1--Instituto Oswaldo Cruz FIOCRUZ - Laboratory of Respiratory Viruses and Measles (LVRS)
1--AGES IMED Vienna
1--Robert Koch Institute","39--Department of Bacteria, Parasites and Fungi, Statens Serum Institut, Copenhagen, Denmark
1--Laboratorio Central de Saude Publica do Estado de Santa Catarina (LACEN/SC)
1--Laboratório Central de Saúde Pública do Estado de Santa Catarina (LACEN/SC)
1--Covid Fighters
1--amedes MVZ für Laboratoriumsdiagnostik Raubling GmbH","EPI_ISL_15960248, EPI_ISL_15999693, EPI_ISL_16017683, EPI_ISL_16017767, EPI_ISL_16017826, EPI_ISL_16017968, EPI_ISL_16029585, EPI_ISL_16110570, EPI_ISL_16110784, EPI_ISL_16111603, EPI_ISL_16127194, EPI_ISL_16170508, EPI_ISL_16201709, EPI_ISL_16201867, EPI_ISL_16214535, EPI_ISL_16214897, EPI_ISL_16238694, EPI_ISL_16256779, EPI_ISL_16306129, EPI_ISL_16330952, EPI_ISL_16331015, EPI_ISL_16331222, EPI_ISL_16331454, EPI_ISL_16331652, EPI_ISL_16332200, EPI_ISL_16356721, EPI_ISL_16356777, EPI_ISL_16356998, EPI_ISL_16357072, EPI_ISL_16408896, EPI_ISL_16409062, EPI_ISL_16409701, EPI_ISL_16409892, EPI_ISL_16410158, EPI_ISL_16410159, EPI_ISL_16430492, EPI_ISL_16430921, EPI_ISL_16485380, EPI_ISL_16547561, EPI_ISL_16547814, EPI_ISL_16866454, EPI_ISL_19769219, EPI_ISL_19785136"
22119,TATTTTAGG,9,3,S,186,ILG,0.0,BQ.1,66.7,2,USA,100.0,1,3,3,0.2,200.0,2,66.7,"1--Los Angeles County Public Health Laboratory
1--Centers for Disease Control and Prevention, Division of Viral Diseases, Pathogen Discovery
1--Minnesota Department of Health, Public Health Laboratory","1--Helix
1--Flow Diagnostics Lab
1--Centracare Laboratory Services","EPI_ISL_16569350, EPI_ISL_16644064, EPI_ISL_19423695"
28017,GGGTCGCGCC,10,23,ORF8,41,WVA,76.1,B.1,100.0,1,USA,100.0,1,5,5,81.0,81.0,17,73.9,"13--CZ Biohub
7--California Department of Public Health
1--Houston Methodist Hospital
1--Cedars-Sinai Medical Center, Molecular Pathology Laboratory of Department of Pathology & Laboratory Medicine and Genomic Core
1--Pathogen Discovery, Respiratory Viruses Branch, Division of Viral Diseases, Centers for Disease Control and Prevention","9--Humboldt County Public Health Laboratory
7--California Department of Public Health Valencia Branch Laboratory
3--Santa Clara County Public Health Laboratory
1--Houston Methodist Hospital
1--Cedars-Sinai Medical Center, Molecular Pathology Laboratory of Department of Pathology & Laboratory Medicine and Genomic Core
1--Alameda County Public Health Lab
1--Kaiser Permanente Washington Health Research Institute","EPI_ISL_1623837, EPI_ISL_2213434, EPI_ISL_2659205, EPI_ISL_2659340, EPI_ISL_2659346, EPI_ISL_2659385, EPI_ISL_2659403, EPI_ISL_2659408, EPI_ISL_2659459, EPI_ISL_2659461, EPI_ISL_2659549, EPI_ISL_2659588, EPI_ISL_2659591, EPI_ISL_2659632, EPI_ISL_2659638, EPI_ISL_3671288, EPI_ISL_3691227, EPI_ISL_3722460, EPI_ISL_7509182, EPI_ISL_7855327, EPI_ISL_7857310, EPI_ISL_7857632, EPI_ISL_11973779"
28006,GTTTATGAGAATCTT,15,3,ORF8,38,FMRIF,23.2,BA.5.1,100.0,1,Scotland,66.7,2,3,3,100.0,100.0,2,66.7,"1--Wellcome Sanger Institute
1--COVID-19 Genomics UK (COG-UK) Consortium
1--GIGA Medical Genomics","1--Rosalind Franklin Laboratory
1--University of Liège COVID-19 testing center
1--West of Scotland Specialist Virology Centre, NHSGGC / MRC-University of Glasgow Centre for Virus Research","EPI_ISL_14819119, EPI_ISL_14973673, EPI_ISL_15101809"
7045,TTAAGGCTGGGG,12,7,ORF1a,2260,LRLG,7.6,XBB.1.5,100.0,1,Sweden,100.0,1,2,2,85.7,85.7,6,85.7,"6--Unilabs Eskilstuna Laboratorium
1--The Public Health Agency of Sweden","6--Unilabs Skövde Laboratorium
1--The Public Health Agency of Sweden","EPI_ISL_17784857, EPI_ISL_17809252, EPI_ISL_17884709, EPI_ISL_17884710, EPI_ISL_17884713, EPI_ISL_17884714, EPI_ISL_17884715"
28882,ACTCTCAAA,9,13,N,202,MTL,23.8,BA.5.1,92.3,2,USA,100.0,1,5,6,80.0,80.0,8,80.0,"4--OHSU MM Lab
2--Centers for Disease Control and Prevention, Division of Viral Diseases, Pathogen Discovery
2--New York City Public Health Laboratory
2--Fulgent Genetics
2--State Laboratories Division, Hawaii State Department of Health
1--Helix","3--Kaiser Permanente NW Reginal Lab
2--DOHMH Jamaica
2--Laboratory Corporation of America
2--Fulgent Genetics
2--State Laboratories Division, Hawaii State Department of Health
1--OHSU MM Lab
1--Kaiser Permanente Southern California","EPI_ISL_15182666, EPI_ISL_15183206, EPI_ISL_15196054, EPI_ISL_15196057, EPI_ISL_15373709, EPI_ISL_15396331, EPI_ISL_15414937, EPI_ISL_15436640, EPI_ISL_15481873, EPI_ISL_15512560, EPI_ISL_17702029, EPI_ISL_17702046, EPI_ISL_17805615"
27300,GCCGGAGAAGAAA,13,115,ORF6,33,AGEE,2.5,AY.4.2.2,100.0,1,England,93.9,4,3,4,61.6,93.9,77,67.0,"104--Wellcome Sanger Institute
5--COVID-19 Genomics UK (COG-UK) Consortium
5--Public Health Wales Microbiology Cardiff Wales Specialist Virology Centre
1--Clinical Microbiology Laboratory, Tel Aviv Sourasky Medical Center","68--Lighthouse Lab in Milton Keynes
17--Berkshire and Surrey Pathology Services Lighthouse Laboratory
8--Lighthouse Laboratory Plymouth
7--Lighthouse Lab in Alderley Park
5--Originating lab: Wales Specialist Virology Centre Sequencing lab: Pathogen Genomics Unit
4--Rosalind Franklin Laboratory
3--Respiratory Virus Unit, Microbiology Services Colindale, Public Health England
1--Regional Virus Laboratory, Belfast Health and Social Care Trust; and: Genomics Core Technology Unit, Queen's University Belfast.
1--Northumbria University / South Tees Hospitals NHS Foundation Trust / North Cumbria Integrated Care NHS Foundation Trust / North Tees and Hartlepool NHS Foundation Trust / Newcastle Hospitals NHS Foundation Trust
1--Clinical Microbiology Laboratory, Tel Aviv Sourasky Medical Center","EPI_ISL_5994431, EPI_ISL_6041959, EPI_ISL_6152055, EPI_ISL_6212826, EPI_ISL_6214427, EPI_ISL_6296622, EPI_ISL_6343871, EPI_ISL_6350644, EPI_ISL_6350684, EPI_ISL_6359097, EPI_ISL_6365290, EPI_ISL_6429105, EPI_ISL_6495106, EPI_ISL_6563031, EPI_ISL_6622869, EPI_ISL_6670261, EPI_ISL_6672932, EPI_ISL_6759076, EPI_ISL_6769407, EPI_ISL_6770315, EPI_ISL_6869698, EPI_ISL_6919023, EPI_ISL_6919675, EPI_ISL_6990723, EPI_ISL_7028721, EPI_ISL_7029049, EPI_ISL_7036928, EPI_ISL_7037316, EPI_ISL_7144402, EPI_ISL_7157255, EPI_ISL_7180556, EPI_ISL_7180977, EPI_ISL_7181997, EPI_ISL_7197003, EPI_ISL_7197264, EPI_ISL_7197532, EPI_ISL_7198403, EPI_ISL_7198599, EPI_ISL_7203774, EPI_ISL_7295216, EPI_ISL_7297818, EPI_ISL_7298298, EPI_ISL_7305117, EPI_ISL_7342377, EPI_ISL_7345410, EPI_ISL_7349344, EPI_ISL_7381947, EPI_ISL_7383462, EPI_ISL_7383493, EPI_ISL_7392048, EPI_ISL_7393812, EPI_ISL_7395013, EPI_ISL_7395530, EPI_ISL_7395713, EPI_ISL_7395848, EPI_ISL_7396198, EPI_ISL_7396343, EPI_ISL_7396503, EPI_ISL_7396581, EPI_ISL_7479587, EPI_ISL_7479777, EPI_ISL_7483020, EPI_ISL_7509955, EPI_ISL_7512080, EPI_ISL_7512554, EPI_ISL_7513090, EPI_ISL_7513367, EPI_ISL_7520831, EPI_ISL_7524620, EPI_ISL_7537590, EPI_ISL_7552171, EPI_ISL_7555750, EPI_ISL_7556417, EPI_ISL_7560132, EPI_ISL_7560832, EPI_ISL_7572503, EPI_ISL_7572663, EPI_ISL_7581343, EPI_ISL_7582751, EPI_ISL_7587401, EPI_ISL_7625442, EPI_ISL_7633518, EPI_ISL_7676606, EPI_ISL_7719486, EPI_ISL_7720732, EPI_ISL_7722067, EPI_ISL_7722804, EPI_ISL_7725176, EPI_ISL_7726655, EPI_ISL_7728276, EPI_ISL_7759146, EPI_ISL_7760250, EPI_ISL_7772716, EPI_ISL_7814814, EPI_ISL_7838388, EPI_ISL_7838515, EPI_ISL_7843416, EPI_ISL_7862333, EPI_ISL_7870308, EPI_ISL_7876556, EPI_ISL_7954913, EPI_ISL_7964013, EPI_ISL_7964014, EPI_ISL_7967885, EPI_ISL_7967952, EPI_ISL_7973281, EPI_ISL_7990392, EPI_ISL_8071119, EPI_ISL_8075037, EPI_ISL_8085624, EPI_ISL_8086135, EPI_ISL_8165768, EPI_ISL_8193566, EPI_ISL_8276839, EPI_ISL_10171757"
28030,CAGAAGCTGAGG,12,44,ORF8,46,RS*G,1.5,BF.7,97.7,2,Germany,95.5,2,3,3,22.5,23.3,38,86.4,"40--Robert Koch Institute
2--Hannover Medical School, Institute of Virology
2--National Institute for Public Health and the Environment (RIVM)","6--LabKom - MVZ Labor Bochum MLB GmbH
6--Eurofins MVZ Labor Gelsenkirchen
4--MVZ Dr. Eberhard & Partner Dortmund
4--Labor Mönchengladbach MVZ Dr. Stein + Kollegen GbR
3--LADR Zentrallabor DR. Kramer & Kollegen Geesthacht
3--MVZ Labor Dr. Quade & Kollegen GmbH
3--Bioscientia Labor Wermsdorf
2--Hannover Medical School, Institute of Virology
2--MVZ Labor Dr. Limbach & Kollegen GbR
2--LabKom - Labor Hannover MVZ GmbH
2--MVZ Labor Krone GbR
2--National Institute for Public Health and the Environment (RIVM)
1--Limbach - MVZ Labor Dr. Volkmann & Kollegen
1--LabKom - Labor Hamburg-Lübeck
1--Medizinisches Labor Mohr
1--MVZ Medizinisches Labor Hannover GmbH
1--Limbach - MVZ Labor Münster (Cullen)","EPI_ISL_15451461, EPI_ISL_15518961, EPI_ISL_15540496, EPI_ISL_15645934, EPI_ISL_15646309, EPI_ISL_15646448, EPI_ISL_15738092, EPI_ISL_15902731, EPI_ISL_15903165, EPI_ISL_15904497, EPI_ISL_15904629, EPI_ISL_15986574, EPI_ISL_15987764, EPI_ISL_15990757, EPI_ISL_16041588, EPI_ISL_16041625, EPI_ISL_16042298, EPI_ISL_16042935, EPI_ISL_16150921, EPI_ISL_16152630, EPI_ISL_16152811, EPI_ISL_16152837, EPI_ISL_16216804, EPI_ISL_16217557, EPI_ISL_16220054, EPI_ISL_16331513, EPI_ISL_16487503, EPI_ISL_16488560, EPI_ISL_16589841, EPI_ISL_16590520, EPI_ISL_16590852, EPI_ISL_16591815, EPI_ISL_16594775, EPI_ISL_16596172, EPI_ISL_16596199, EPI_ISL_16597828, EPI_ISL_16695220, EPI_ISL_16696971, EPI_ISL_16759792, EPI_ISL_16812211, EPI_ISL_16881412, EPI_ISL_16984941, EPI_ISL_16985010, EPI_ISL_17345387"
12608,GGGTGGCGG,9,3,ORF1a,4114,RVA,0.3,BA.5.2,100.0,1,USA,66.7,2,2,2,75.0,75.0,3,100.0,"2--Centers for Disease Control and Prevention, Division of Viral Diseases, Pathogen Discovery
1--Wellcome Sanger Institute","1--CT-Dr. Katherine A. Kelley State Public Health Lab
1--Lighthouse Lab in Glasgow
1--Quest Diagnostics Incorporated","EPI_ISL_13604142, EPI_ISL_14555852, EPI_ISL_14656557"
3119,AGTCAGTGGCCA,12,7,ORF1a,952,SVAK,11.9,BD.1,100.0,1,Wales,100.0,1,2,2,100.0,100.0,5,71.4,"5--Public Health Wales Microbiology Cardiff Wales Specialist Virology Centre
2--Wellcome Sanger Institute","5--Originating lab: Wales Specialist Virology Centre Sequencing lab: Pathogen Genomics Unit
1--Lighthouse Lab in Glasgow
1--Lighthouse Lab in Alderley Park","EPI_ISL_11154249, EPI_ISL_11836787, EPI_ISL_11836821, EPI_ISL_11837129, EPI_ISL_11968293, EPI_ISL_12031935, EPI_ISL_18021300"
27507,CAGGCAAACAGCGA,14,2,ORF7a,38,QANS,56.3,BA.2.12.1,100.0,1,USA,100.0,1,2,2,100.0,100.0,2,100.0,"1--Infectious Disease Program, Broad Institute of Harvard and MIT
1--Centers for Disease Control and Prevention, Division of Viral Diseases, Pathogen Discovery","1--Broad Institute Clinical Research Sequencing Platform
1--Laboratory Corporation of America","EPI_ISL_13197259, EPI_ISL_13315763"
28208,GAAGTAGA,8,6,ORF8,106,VX,0.6,BA.5.2.9,100.0,1,USA,100.0,1,2,4,100.0,100.0,6,100.0,"2--Centers for Disease Control and Prevention, Division of Viral Diseases, Pathogen Discovery
2--Aegis Sciences Corporation
1--Helix
1--Laboratory Medicine and Pathology, University of Washington","2--Aegis Sciences Corporation
1--Laboratory Corporation of America
1--Quest Diagnostics Incorporated
1--Kaiser Permanente Southern California
1--Laboratory Medicine and Pathology, University of Washington","EPI_ISL_15414871, EPI_ISL_15425096, EPI_ISL_15842827, EPI_ISL_15877807, EPI_ISL_15878538, EPI_ISL_19569514"
28157,ACATGGAAGTC,11,6,ORF8,86,T,48.3,AY.129,100.0,1,Germany,100.0,1,2,2,100.0,100.0,2,33.3,"3--ZOTZ KLIMAS MVZ Düsseldorf-Centrum GbR ÜBAG für Labormedizin, Genetik, Zytologie, Pathologie
3--Center of Medical Microbiology, Virology, and Hospital Hygiene, University of Duesseldorf","6--ZOTZ KLIMAS MVZ Düsseldorf-Centrum GbR ÜBAG für Labormedizin, Genetik, Zytologie, Pathologie","EPI_ISL_8377038, EPI_ISL_8377040, EPI_ISL_8377041, EPI_ISL_20161787, EPI_ISL_20163536, EPI_ISL_20164105"
5833,GCCGGC,6,2,ORF1a,1856,AG,10.2,B.1.575,100.0,1,Dominican_Republic,100.0,1,2,2,100.0,100.0,2,100.0,"1--Laboratory of Respiratory Viruses and Measles, Oswaldo Cruz Institute, FIOCRUZ
1--Viral Special Pathogens Branch, Centers for Disease Control and Prevention","1--Laboratorio nacional de salud publica
1--Laboratorio Nacional de Salud Pública Dr. Defilló - LNSPDD","EPI_ISL_2274015, EPI_ISL_6437545"
23605,GCCAGCGCG,9,24,S,678,KSH,2.4,XBB.1.5,100.0,1,Germany,83.3,3,4,4,0.1,0.1,0,0.1,"16--Robert Koch Institute
4--Bayerisches Landesamt fuer Gesundheit und Lebensmittelsicherheit (LGL)
3--AGES IMED Vienna
1--Unilabs Eskilstuna Laboratorium","4--LabKom - Labor Augsburg MVZ GmbH
4--SYNLAB MVZ Weiden
4--Bayerisches Landesamt fuer Gesundheit und Lebensmittelsicherheit (LGL)
3--MVZ Labor Passau GbR
1--Covid Fighters
1--LabKom - Labor an der Salzbrücke MVZ GmbH
1--Sonic - Labor Staber Nürnberg
1--Lifebrain COVID 19 Labor GmbH
1--alphaomega Labor GbR (Medizinische Kooperationsgemeinschaft Dres. Ackermann/Tennert/Zaiß)
1--Uniklinikum Regensburg; Institut für klinische Mikrobiologie und Hygiene
1--Unilabs Skövde Laboratorium
1--Sonic - Dr. Staber & Kollegen GmbH München
1--Novatium","EPI_ISL_16914130, EPI_ISL_16939949, EPI_ISL_17005523, EPI_ISL_17176244, EPI_ISL_17254674, EPI_ISL_17254723, EPI_ISL_17254805, EPI_ISL_17255469, EPI_ISL_17263374, EPI_ISL_17263782, EPI_ISL_17263846, EPI_ISL_17274314, EPI_ISL_17328443, EPI_ISL_17349294, EPI_ISL_17349298, EPI_ISL_17406294, EPI_ISL_17407330, EPI_ISL_17497582, EPI_ISL_17513875, EPI_ISL_17519436, EPI_ISL_17519517, EPI_ISL_17565270, EPI_ISL_17599392, EPI_ISL_17711600"
28906,AGCGAAAGCTTT,12,1111,N,211,SESF,6.3,BA.5.1.3,96.4,6,Germany,49.0,37,131,136,0.1,0.1,0,0.1,"490--Robert Koch Institute
59--Statens Serum Institut Bioinformatics and Microbial Genomics
59--Centers for Disease Control and Prevention, Division of Viral Diseases, Pathogen Discovery
24--California Department of Public Health
23--Center of Medical Microbiology, Virology, and Hospital Hygiene, University of Duesseldorf
19--National Institute for Public Health and the Environment (RIVM)
18--Wellcome Sanger Institute
18--Unilabs Eskilstuna Laboratorium
16--Helix
14--Tokyo Metropolitan Institute of Public Health
14--Heinrich Pette Institute, Leibniz Institute for Experimental Virology
12--Laboratoire national de sante, Microbiology, Microbial Genomics Platform
12--Section for Molecular Diagnostics
11--Department of Virology, Henri Mondor University Hospital, Assistance Publique Hôpitaux de Paris, Université Paris-Est Créteil, INSERM U955
9--AGES IMED Vienna
8--Gen-Bio Inovie Gravanches
8--Laborizon Centre
8--Dr Risch Laboratory
7--CQRC_QUALITY CONTROL CHEMICAL BIOLOGICAL RISK_AOOR Villa Sofia Cervello Palermo
7--Los Angeles County Public Health Laboratories
7--Laboratory of Genomics and Bioinformatics, Comenius University Science Park
7--Lifebrain Covid Labor GmbH
7--Centre National de Reference des Virus des Infections Respiratoires
7--Fulgent Genetics
6--Utah Public Health Laboratory
6--B.C. Centre for Disease Control Public Health Laboratory
6--CQRC QUALITY CONTROL CHEMICAL BIOLOGICAL RISK AOOR Villa Sofia Cervello Palermo
6--Riga East University Hospital, National Microbiology Reference Laboratory
6--Institute of Medical Microbiology and Hospital Hygiene
5--Department of Medical Microbiology & Infection prevention, Amsterdam University Medical Centers location AMC
5--HOSPITAL UNIVERSITARIO SON ESPASES
5--Hospital General Universitario Gregorio Marañón
5--Los Angeles County Public Health Laboratory
5--Institut f. med. Mikrobiologie & Hygiene - Österr. AGES GmbH
5--Clinical Microbiology Laboratory, Tel Aviv Sourasky Medical Center
5--Institut Hospitalo-Universitaire Mediterranee Infection
5--Labo Klinische Biologie, UZA
5--Shamir Medical Center (Asaf Harofe)
5--National Public Health Organization
4--GIGA Medical Genomics
4--National Institute of Public Health
4--Laboratoire Cerba
4--Clinical Bioinformatics Area, Fundación Progreso y Salud
4--Virology Unit, Institut Pasteur du Cambodge
4--Maladies infectieuses, Hospices Civils de Lyon
4--Department of Microbiology, Tochigi Prefectural Institute of Public Health and Environmental Science
4--CHU Purpan - Laboratoire de Virologie - Institut Fédératif de Biologie
4--Aegis Sciences Corporation
4--Charité Universitätsmedizin Berlin, Institut für Virologie/Labor Berlin
3--Pathogen Genomics Center, National Institute of Infectious Diseases
3--Karolinska University Hospital
3--Hospital Clínico Universitario Virgen de la Arrixaca
3--Instituto Nacional de Saude Doutor Ricardo Jorge (INSA)
3--UW Virology Lab
3--Basurto University Hospital: Clinical Microbiology Laboratory
3--Eurofins-NMDL
3--Institute of Microbiology and Immunology, Faculty of Medicine, University of Ljubljana
3--University Hospital Hradec Kralove
3--Division of Virology and Zoology, Chiba Prefectural Institute of Public Health
2--Hannover Medical School, Institute of Virology
2--Jessa
2--WHO National Influenza Centre Russian Federation
2--Laboratorio di Riferimento Regionale della Sicilia Occidentale per l’Emergenza COVID-19
2--US Air Force School of Aerospace Medicine
2--Erasmus Medical Center
2--Lauring Lab, University of Michigan, Department of Microbiology and Immunology
2--Fundación para el Fomento de la Investigación Sanitaria y Biomédica (FISABIO)
2--Infectious Disease Program, Broad Institute of Harvard and MIT
2--Andersen Lab at The Scripps Research Institute
2--Microbiology Department, Complexo Hospitalario Universitario de Vigo
2--ASST MONZA
2--California Department of Public Health - UCSF Center for Advanced Technology
2--NSW Health Pathology - Institute of Clinical Pathology and Medical Research (ICPMR); Westmead Hospital; University of Sydney
2--Enfer
2--Fundación Progreso y Salud Computational Medicine Platform
2--Akademiska Sjukhuset, Clinical Microbiology and Hospital Hygiene
2--Institut Pasteur
2--Public Health Ontario
2--UMC Groningen, Clinical Virology, Department of Medical Microbiology and Infection Prevention
1--Kingston Health Sciences Centre
1--County of San Luis Obispo Public Health Laboratory
1--Genome Information Research Center, Research Institute for Microbial Diseases, Osaka University
1--Region Västerbotten, Klinisk mikrobiologi
1--National Institute of Public Health Laboratory
1--Centre Hospitalier Universitaire (CHU) Nîmes
1--Plateforme de testing Namuroise
1--National Microbiology Laboratory (NML)
1--Instituto de Salud Publica de Chile
1--U.O. Microbiologia, Laboratorio Unico Centro Servizi - AUSL della Romagna
1--Institute of Environmental Science and Research (ESR), Kenepuru Science Centre
1--Centre Hospitalier Universitaire (CHU) Tours
1--Banc de Sang i Teixits
1--Institute of Virology, Clinial Virus Genomics, Medical Center, University of Freiburg, Freiburg, Germany
1--HOSPITAL UNIVERSITARIO 12 DE OCTUBRE
1--Laboratory for Functional Genome Analysis; Dept. Genomics; Gene Center of the LMU Munich
1--Azienda Sanitaria dell'Alto Adige
1--Hrvatski zavod za javno zdravstvo
1--Dipartimento di Medicina di Laboratorio, Azienda Sanitaria Universitaria Friuli Centrale (ASU FC)
1--Reference laboratory for diagnostics of HIV/AIDS, virological and especially dangerous pathogens
1--Wojewódzka Stacja Sanitarno-Epidemiologiczna w Katowicach
1--OHSU MM Lab
1--Centre Hospitalier Universitaire (CHU) Rouen
1--Norwegian Institute of Public Health, Department of Virology
1--Institute of Environmental Science and Research (ESR)
1--National Platform bis COVID ULB-IBC
1--Medical Microbiology, Maastricht University Medical Centre
1--Bundeswehr Institute of Microbiology
1--AZ Delta Medical Laboratories in Roeselare, Belgium
1--Alberta Precision Labs (APL)
1--University Hospital Brno, CMBG
1--COVID-19 Genomics UK (COG-UK) Consortium
1--Department of Microbiology, University Hospital in Pilsen
1--Minnesota Department of Health, Public Health Laboratory
1--University of Texas School of Public Health Houston
1--New Brunswick - Vitalite Health Network
1--Microbiology Department
1--Public Health Wales Microbiology Cardiff Wales Specialist Virology Centre
1--Saitama Institute of Public Health
1--Hospital General Universitario de Ciudad Real
1--Division of Emerging Infectious Diseases, Bureau of Infectious Diseases Diagnosis Control, Korea Disease Control and Prevention Agency
1--Hospital Universitari Joan XXIII
1--Centre Hospitalier Universitaire (CHU) Poitiers
1--The Public Health Agency of Sweden
1--South Dakota Public Health Laboratory
1--British Columbia Centre For Disease Control
1--CNR Virus des Infections Respiratoires - France SUD
1--Institute of Virology Department of Hygiene, Microbiology and Public Health at Innsbruck Medical University
1--UNC Charlotte Environmental Monitoring Laboratory
1--Istituto Zooprofilattico Sperimentale della Lombardia e dell'Emilia Romagna (IZSLER), Risk Analysis and Genomic Epidemiology Unit
1--Servicio de Microbiología, Hospital Universitario de Badajoz
1--Institute of Molecular and Translational Medicine / Laboratory of Experimental Medicine, Faculty of Medicine and Dentistry, Palacky University
1--NLZOH (National Laboratory for Health, Environment and Food) - Department for Public Health Microbiology
1--Bergthaler laboratory, CeMM Research Center for Molecular Medicine of the Austrian Academy of Sciences
1--SHIELD SAIL Lab
1--Charles University, Faculty of Science, BIOCEV, OMICS Genomics
1--State Veterinary Institute Prague","56--Department of Bacteria, Parasites and Fungi, Statens Serum Institut, Copenhagen, Denmark
53--Labor Mönchengladbach  MVZ Dr. Stein + Kollegen GbR
41--Bioscientia Labor Wermsdorf
37--LADR Zentrallabor DR. Kramer & Kollegen Geesthacht
33--Medizinische Laboratorien Düsseldorf
26--Quest Diagnostics Incorporated
23--Diagnosticum - Labor Neukirchen
21--Laboratory Corporation of America
18--""Mühlenkreiskliniken Standort Minden:  Institut für Laboratoriumsmedizin Mikrobiologie Hygiene und Transfusionsmedizin; wird auch unter dem Namen """"LaborZentrum Weser"""" geführt""
17--Landesamt für Verbraucherschutz des Landes Sachsen-Anhalt
16--MVZ Labor Dr. Limbach & Kollegen GbR
16--Kaiser Permanente Southern California
16--Sonic - MVZ Medizinisches Labor Bremen GmbH
16--National Institute for Public Health and the Environment (RIVM)
15--Limbach - MVZ Labor Dr. Volkmann & Kollegen
14--Unilabs Eskilstuna Laboratorium
14--Labor Dr. Fenner und Kollegen
14--Tokyo Metropolitan Institute of Public Health
13--Center of Medical Microbiology, Virology, and Hospital Hygiene, University of Duesseldorf
13--Laboratorio CQRC
12--Helix
12--Clinical Microbiology, Infection Prevention and Control
12--MVZ Labor Dr. Quade & Kollegen GmbH
11--Medizinisches Versorgungszentrum Göttingen (MVZ)  Kinderwunschzentrum Zentrum für Labordiagnostik Institut für Pathologie und Zytologie
11--Sonic - Bioscientia - MVZ Labor Saar GmbH
10--ZOTZ KLIMAS MVZ Düsseldorf-Centrum GbR ÜBAG für Labormedizin, Genetik, Zytologie, Pathologie
10--Rosalind Franklin Laboratory
9--Labor 28 MVZ GmbH
9--Optum
8--Laborarztpraxis Osnabrück
8--Labor Dr. Krause & Kollegen MVZ GmbH Kiel
8--MVZ für Laboratoriumsmedizin und Mikrobiologie Koblenz-Mittelrhein (Labor Koblenz)
8--Labor Lübeck bzw. Laborärztliche Gemeinschaftspraxis Lübeck
7--Dr. Risch Ostschweiz AG
7--Fulgent Genetics
7--Sonic - Labor Dr. von Froreich GmbH
7--MVZ Labor Dr. Fenner und Kollegen (Standort Hamburg)
7--British Columbia Centre For Disease Control
7--Ruppiner Kliniken
7--MVZ Medizinisches Labor Hannover GmbH
7--Lighthouse Lab in Glasgow
7--Lifebrain Covid Labor GmbH
6--Utah Public Health Laboratory
6--MVZ Dr. Eberhard & Partner Dortmund
6--Institute of Medical Microbiology and Hospital Hygiene
6--Limbach - MVZ Labor Münster (Cullen)
6--Laboratoire national de sante, Microbiology, Virology
6--MVZ Labor Dr. Reising-Ackermann und Kollegen
5--Hospital General Universitario Gregorio Marañón
5--Institut f. med. Mikrobiologie & Hygiene - Österr. AGES GmbH
5--Eurofins MVZ Labor Gelsenkirchen
5--Flow Diagnostics Lab
5--Institut Hospitalo-Universitaire Mediterranee Infection
5--Tidewater Physicians Multispecialty Group Regional Laboratory
5--Labo Analyses Med
5--Nacionālais medicīnas serviss - laboratorija
5--Laboratory of Genomics and Bioinformatics, Comenius University Science Park
5--Clinical Microbiology Laboratory, Tel Aviv Sourasky Medical Center
5--Shamir Medical Center (Asaf Harofe)
5--LabKom - Labor an der Salzbrücke MVZ GmbH
5--Limbach - MVZ Labor Ravensburg Labor Dr. Gärtner
4--USC Clinical Lab
4--Unilabs Skövde Laboratorium
4--National Public Health Organization
4--Department of Microbiology, Tochigi Prefectural Institute of Public Health and Environmental Science
4--HOSPITAL UNIVERSITARIO SON ESPASES
4--Platform BIS UZA/UAntwerpen
4--Niels-Stensen-Kliniken
4--Labor Berlin Charité Vivantes GmbH / Institut für Virologie
4--Medizinisches Labor Ostsachsen MVZ GbR  Nebenbetriebsstätte Dresden
4--Limbach - MVZ  Labor Vorpommern-Rügen Stralsund
4--AGES Institut für medizinische Mikrobiologie
4--Virology Unit, Institut Pasteur du Cambodge
4--Limbach - MVZ Clotten Labor Freiburg  Labor Dr. Haas Dr. Raif & Kollegen GbR
4--Aegis Sciences Corporation
4--CHU Toulouse
4--Sonic - Labor Staber Dresden (Klipphausen)
4--Helios Universitätsklinikum Wuppertal: Universität Witten/Herdecke: Institut für Medizinische Labordiagnostik
4--Public Health Laboratory, Public Health Service Amsterdam, The Netherlands
4--Color Health Inc
3--Klinikum Ernst von Bergmann gemeinnützige GmbH - stationärer Bereich
3--Hopital
3--Hospital Clínico Universitario Virgen de la Arrixaca
3--Chiba Prefectural Institute of Public Health
3--Limbach - MVZ Labor Eveld & Kollegen Essen
3--Genbio - Pt / Clermont Gravanches
3--Eurofins-NMDL
3--Servicio de Microbiologia, Hospital Universitario Virgen del Rocio, Sevilla, Spain
3--Institut für Labormedizin Mikrobiologie und Hygiene
3--UW Virology Lab
3--Basurto University Hospital: Clinical Microbiology Laboratory
3--Institute of Microbiology and Immunology, Faculty of Medicine, University of Ljubljana
3--Pathogen Genomics Center, National Institute of Infectious Diseases
3--Institut für med. Mikrobiologie u. Virologie Klinikum Oldenburg
3--California Department of Public Health
2--IMD - Medizinisches Labor Rostock
2--Jessa
2--TPMG Regional Laboratory
2--US Air Force School of Aerospace Medicine
2--LPA BESANCON
2--Karolinska University Hospital Huddinge
2--Hospital Center Luxembourg
2--LabKom - Labor Hannover MVZ GmbH
2--STMARTINS ORIADE
2--Servicio de Microbiologia, Hospital Universitario San Cecilio, Granada, Spain
2--SYNLAB
2--MVZ Labor Passau GbR
2--Clemenshospital - Alexianer Clemenshospital Münster
2--Biogroup Laboratoire Garches
2--Hannover Medical School, Institute of Virology
2--H Guimaraes
2--Labor Dr. Schumacher MVZ
2--Czech Laboratory
2--Royal GD
2--ASST MONZA
2--Enfer
2--Akademiska Sjukhuset, Clinical Microbiology and Hospital Hygiene
2--MVZ Labor Krone GbR
2--BioneXt Lab
2--Chemische und Veterinäruntersuchungsamt Münsterland-Emscher-Lippe (CVUA-MEL)
2--Erasmus Medical Center
2--Laboratorio di Riferimento Regionale della Sicilia Occidentale per l'Emergenza COVID-19
2--MVZ Medizinische Labore Dessau Kassel GmbH
2--IMD - MVZ Labor Martinsried
2--CNR Virus des Infections Respiratoires - France SUD
2--Broad Institute Clinical Research Sequencing Platform
2--UMC Groningen, Clinical Virology, Department of Medical Microbiology and Infection Prevention
2--Novatium
2--Histopath
2--Limbach - MVZ Labor Nürnberg
2--Sonic - Labor Lademannbogen MVZ GmbH
2--Microbiology Department. Complexo Hospitalario Universitario de Vigo
2--Procomcure Biotech Germany GmbH
2--LabKom - Labor Augsburg MVZ GmbH
2--California Department of Public Health, Valencia Branch Laboratory
2--Department of Clinical Microbiology, Herlev and Gentofte University Hospital
2--University Hospital Hradec Kralove
2--Nationale Referenzzentrum für Influenza; FG17
1--Servicio de Microbiologia, Plataforma Provincial de Almería, Almería, Spain
1--Sharp HealthCare Laboratory
1--Covid Fighters
1--Biomedical Centre Martin, Jessenius Faculty of Medicine in Martin, Comenius University
1--AZDelta
1--Labor Dr. Wisplinghoff - Köln
1--Plateforme de testing Namuroise
1--Biogroup Laboratoire Mery Sur Oise
1--Institute of Virology, Medical Center, University of Freiburg, Freiburg, Germany
1--Prevedig
1--PANNES BPR Analyses spécialisées
1--Centre Hospitalier Universitaire (CHU) Tours
1--HOSPITAL UNIVERSITARIO 12 DE OCTUBRE
1--AeskuLab
1--Wellington SCL
1--Novatium GmbH
1--Axi - Darmon
1--Flow Diagnostics Laboratories
1--Niedersächsisches Landesgesundheitsamt (NLGA)
1--alphaomega Labor GbR (Medizinische Kooperationsgemeinschaft  Dres. Ackermann/Tennert/Zaiß)
1--Austrian Agency for Health and Food Safety (AGES)
1--Public Health Authority of the Slovak Republic
1--DiagnoVIE Laboratoire de Ronchin-Lezennes
1--Udine-Dipartimento di prevenzione
1--Azienda Sanitaria Locale di Piacenza - Presidio Ospedaliero - Laboratorio di Microbiologia
1--University of Michigan Clinical Microbiology Laboratory
1--Alberta Precision Labs (APL)
1--Department of Microbiology, University Hospital in Pilsen
1--Biogroup Laboratoire Loches
1--KHSC
1--Tyumen City Polyclinic No 3
1--Color Health Inc.
1--IMD - Labor Oderland
1--Hospital Universitari Joan XXIII
1--Bundeswehrkrankenhaus Hamburg
1--Max von Pettenkofer Institute, Virology, National Reference Center for Retroviruses, LMU Munich
1--Cerballiance Centre Val De Loire
1--BIOLLAN Brognard
1--EUC Inc.
1--Diagnostyka Sp. z o.o.
1--Regional Virus Laboratory, Belfast Health and Social Care Trust; and: Genomics Core Technology Unit, Queen's University Belfast.
1--IVY4 Central Lab, Vanderbilt University Medical Center
1--Servicio de Microbiología. Consorcio Hospital General Universitario de Valencia
1--Klinikum Darmstadt GmbH
1--Centre Hospitalier du Nord
1--Originating lab: Wales Specialist Virology Centre Sequencing lab: Pathogen Genomics Unit
1--Region Västerbotten, Klinisk mikrobiologi
1--Genome Information Research Center, Research Institute for Microbial Diseases, Osaka University
1--SELAFA SANTE LABO
1--Department of Medical Microbiology & Infection prevention, Amsterdam University Medical Centers location AMC
1--E. Gulbja Laboratorija
1--EXCITE Lab
1--Laboratoires Reunis
1--Blake Hanson's Lab at the University of Texas, School of Public Health Houston
1--HOSPITAL UNIVERSITARIO SON LLATZER
1--Nemocnice Trebic
1--Radboudumc
1--Cerballiance Somme
1--Reference laboratory for diagnostics of HIV/AIDS, virological and especially dangerous pathogens
1--Curative Labs
1--Universitätsklinikum Münster Institut für Virologie
1--Biogroup Laboratoire Montrouge   Brossolette
1--BESANCON CBM 25 TERRE ROUGE
1--Molekylær Medicinsk Afdeling, Aarhus University Hospital, Aarhus, Denmark
1--Dutch COVID-19 response team
1--Centre Hospitalier Universitaire (CHU) Nimes
1--Karolinska University Hospital Solna
1--Limbach - MVZ Labor Ludwigsburg
1--Laboratory of Clinical Virology, Medical School University of Crete
1--BIOCLINIC SAINT MAUR
1--University Hospital of Northern Norway, Department for Microbiology and Infectious Disease Control
1--The Public Health Agency of Sweden
1--LABORATOIRE NOVELAB
1--Genetica Molecular and Subdepartamento de Virologia ISP Chile
1--Centre Hospitalier Eure Seine
1--National Institute of Public Health Laboratory
1--Robert Koch-Institut ZBS1 (Zentrum für biologische Gefahren und spezielle Pathogene hochpathogene Viren)
1--Bords Du Loir
1--Biogroup Laboratoire Paris   Clichy Brochant
1--Limbach - MVZ Labor Westmecklenburg  Schmudlach-Oswald-Kettermann & Kollegen
1--Hospital Universitari i Politècnic La Fe de València
1--LABORIZON BRETAGNE
1--Labormedizinisches Zentrum Dr. Risch
1--Limbach - MVZ Humangenetik Ulm
1--FRENCH HOSPITAL LABORATORY
1--Sonic - Dr. Staber & Kollegen GmbH München
1--Medizinisches Labor Wahl Lüdenscheid
1--Fundacio Althaia-Manresa
1--SYNLAB AQUITAINE LABO MERLEN
1--National Platform bis COVID ULB-IBC
1--Inovie As Cbm31 (K)
1--Labor Burgenland GmbH
1--Sonic - Labor Staber MVZ Kassel
1--New Brunswick - Vitalite Health Network
1--labopart - Medizinische Laboratorien Dresden
1--University of Liège COVID-19 testing center
1--South Dakota Public Health Laboratory
1--Azienda Sanitaria dell'Alto Adige - Laboratorio Aziendale di Microbiologia e Virologia
1--LabKom - MVZ Labor Bochum MLB GmbH
1--North Shore Hospital
1--modMD
1--Lighthouse Laboratory Plymouth
1--Cbm (K) - Plaisance Du Touch
1--Shared Hospital Laboratory
1--Limbach - Ganzimmun Diagnostics AG Mainz
1--Biogroup Laboratoire Chambray Les Tours
1--CENTRE HOSPITALIER DE SAINTONGE
1--Centre Hospitalier (CH) Saintonge
1--Sonic - Labor Staber Nürnberg
1--Kaiser Permanente Northwest Regional Laboratory
1--Laboratoire LENYS SELAS CAB
1--Inovie As Labosud
1--Department für Labormedizin Abteilung III  Bereich Molekulare Diagnostik  Universitätsklinikum Halle(Saale)
1--IHR LABOR 1220
1--StarMed Healthcare
1--Labor Blackholm MVZ
1--SHIELD Southern Illinois University Laboratory
1--Oblastni nemocnice Trutnov a.s.
1--Cerballiance Site Rieumes
1--Cerballiance Cote D'Azur Site Du Marche
1--LifeLabs Medical Laboratory Services
1--Lugansk Children's City Hospital No. 1
1--Department of Clinical Microbiology
1--ALDATU DIAGNOSTICS
1--National Laboratory for Health, Environment and Food, OMM, Maribor
1--Centrum voor Medische Analyse
1--Faculty Hospital Bulovka, Department of Clinical Microbiology
1--Saitama Institute of Public Health
1--Hospital General Universitario de Ciudad Real
1--Dianovis GmbH Greiz
1--Bio66 - St Esteve
1--Public Health Ontario Laboratory
1--U.O. Microbiologia Laboratorio Unico Centro Servizi - AUSL della Romagna
1--HOSPITAL UNIVERSITARI DE BELLVITGE
1--Servicio de Microbiología, Hospital Universitario de Badajoz
1--Division of Infectious Disease Diagnosis Control, Capital Regional Center for Disease Control and Prevention, Korea Disease Control and Prevention Agency, KDCA
1--Nastavni zavod za javno zdravstvo Splitsko- Dalmatinske županije
1--Institute of Molecular and Translational Medicine / Laboratory of Experimental Medicine, Faculty of Medicine and Dentistry, Palacky University
1--CHU Sao Joao, Porto
1--Limbach - MVZ Gemeinschaftslabor Suhl",
22198,GACGCGAGG,9,12,S,212,DAR,6.8,BA.2.3,100.0,1,France,58.3,4,6,7,70.0,70.0,7,58.3,"4--Centre Hospitalier Universitaire (CHU) Grenoble
3--Laborizon Centre
1--Dipartimento di Medicina di Laboratorio, Azienda Sanitaria Universitaria Friuli Centrale (ASU FC)
1--U.O. Igiene, Ospedale Policlinico San Martino
1--SC (UCO) Igiene e Sanità Pubblica, ASUGI, Trieste
1--Clinical Microbiology Laboratory, Tel Aviv Sourasky Medical Center
1--Robert Koch Institute","3--Chuga-Ibp-Laboratoire De Virologie
1--Biogroup Labo Eybens
1--Biogroup Labo St Marcellin
1--Limbach - MVZ Labor Ravensburg Labor Dr. Gärtner
1--SC (UCO) Igiene e Sanità Pubblica, ASUGI, Trieste
1--U.O. Igiene, Ospedale Policlinico San Martino IRCCS Genova
1--Clinical Microbiology Laboratory, Tel Aviv Sourasky Medical Center
1--Biogroup Laboratoire Laboschambery   Site Du Medipole
1--Az. Ospedaliero-Universitaria Udine
1--Centre Hospitalier Universitaire (CHU) Grenoble","EPI_ISL_12633181, EPI_ISL_13099681, EPI_ISL_13243943, EPI_ISL_13246784, EPI_ISL_13445147, EPI_ISL_13445170, EPI_ISL_13636799, EPI_ISL_13713506, EPI_ISL_13713526, EPI_ISL_14542153, EPI_ISL_14542195, EPI_ISL_15268468"
22118,CAGTTTTGG,9,6,S,185,SVL,5.6,HV.1,100.0,1,Italy,50.0,4,5,6,35.7,35.7,5,83.3,"1--Helix
1--Istituto Zooprofilattico Sperimentale Delle Venezie
1--Aziende Socio Sanitarie Territoriali Monza
1--ASST MONZA
1--Public Health Wales Microbiology Cardiff Wales Specialist Virology Centre
1--Fundación Progreso y Salud Computational Medicine Platform","1--Servicio de Microbiologia, Hospital Virgen de las Nieves, Granada, Spain
1--AOUIVR
1--Originating lab: Wales Specialist Virology Centre Sequencing lab: Pathogen Genomics Unit
1--Aziende Socio Sanitarie Territoriali Monza
1--ASST MONZA
1--Kaiser Permanente Southern California","EPI_ISL_18506670, EPI_ISL_18551565, EPI_ISL_18614826, EPI_ISL_18684815, EPI_ISL_18855420, EPI_ISL_18861461"
26181,AGGCCTCCT,9,121,ORF3a,263,RPP,6.3,AY.103,100.0,1,USA,100.0,1,21,22,99.1,99.1,113,93.4,"73--Centers for Disease Control and Prevention, Division of Viral Diseases, Pathogen Discovery
12--Infectious Disease Program, Broad Institute of Harvard and MIT
5--Maryland Genomics, Institute for Genome Sciences, University of Maryland School of Medicine
5--Grubaugh Lab - Yale School of Public Health
5--Delaware Public Health Lab
3--North Dakota Department of Health, Public Health Laboratory
2--Utah Public Health Laboratory
2--Massachusetts State Public Health Lab
1--University of Minnesota Genomics Center
1--Northwestern University - Center for Pathogen Genomics and Microbial Evolution
1--MD PHL
1--Lauring Lab, University of Michigan, Department of Microbiology and Immunology
1--DC Public Health Lab/ Dept. of Forensic Sciences
1--Florida Bureau of Public Health Laboratories
1--Departments of Pathology and Medicine, New York University School of Medicine
1--Sema4
1--Wadsworth Center, New York State Department of Health
1--Maryland Department of Health Laboratories Administration
1--Nevada State Public Health Laboratory
1--Mathers Lab
1--Virginia Division of Consolidated Laboratory Services
1--Massachusetts State Public Health Laboratory","30--Laboratory Corporation of America
17--Aegis Sciences Corporation
13--Infinity Biologix
12--Broad Institute Clinical Research Sequencing Platform
9--Quest Diagnostics Incorporated
5--Maryland Genomics, Institute for Genome Sciences, University of Maryland School of Medicine
5--Yale Clinical Virology Lab
5--DPHL
3--North Dakota Department of Health, Public Health Laboratory
2--Helix
2--MD PHL
2--Utah Public Health Laboratory
2--Massachusetts State Public Health Lab
1--UVA Clinical Microbiology Lab
1--NYU Langone Health
1--DC Public Health Lab/ Dept. of Forensic Sciences
1--Public Health Laboratory, Minnesota Department of Health
1--Fulgent Genetics
1--Florida Bureau of Public Health Laboratories
1--BIO-REFERENCE LABORATORIES
1--Fralin Biomedical Research Institute at VTC
1--Sema4
1--Nevada State Public Health Laboratory
1--Northwestern Memorial Hospital
1--IVY3 Central Lab, Vanderbilt University Medical Center
1--Massachusetts State Public Health Laboratory
1--Mako Medical","EPI_ISL_3607298, EPI_ISL_3667962, EPI_ISL_3860648, EPI_ISL_4150745, EPI_ISL_4152410, EPI_ISL_4177215, EPI_ISL_4177481, EPI_ISL_4178135, EPI_ISL_4196257, EPI_ISL_4198135, EPI_ISL_4248966, EPI_ISL_4338329, EPI_ISL_4413339, EPI_ISL_4456537, EPI_ISL_4466512, EPI_ISL_4481145, EPI_ISL_4481149, EPI_ISL_4481211, EPI_ISL_4483881, EPI_ISL_4497312, EPI_ISL_4516382, EPI_ISL_4516995, EPI_ISL_4517714, EPI_ISL_4555972, EPI_ISL_4566481, EPI_ISL_4593308, EPI_ISL_4638714, EPI_ISL_4729377, EPI_ISL_4729794, EPI_ISL_4757974, EPI_ISL_4818488, EPI_ISL_4819402, EPI_ISL_4913109, EPI_ISL_4970545, EPI_ISL_4978634, EPI_ISL_5008774, EPI_ISL_5014422, EPI_ISL_5069602, EPI_ISL_5080641, EPI_ISL_5086812, EPI_ISL_5087383, EPI_ISL_5089925, EPI_ISL_5112753, EPI_ISL_5115314, EPI_ISL_5173270, EPI_ISL_5191293, EPI_ISL_5201650, EPI_ISL_5251328, EPI_ISL_5251794, EPI_ISL_5320671, EPI_ISL_5371995, EPI_ISL_5408151, EPI_ISL_5513127, EPI_ISL_5550068, EPI_ISL_5572279, EPI_ISL_5573194, EPI_ISL_5575184, EPI_ISL_5580614, EPI_ISL_5639566, EPI_ISL_5639567, EPI_ISL_5772508, EPI_ISL_5772990, EPI_ISL_5876313, EPI_ISL_5932685, EPI_ISL_6065899, EPI_ISL_6090049, EPI_ISL_6165179, EPI_ISL_6165610, EPI_ISL_6204851, EPI_ISL_6204852, EPI_ISL_6311653, EPI_ISL_6415778, EPI_ISL_6532143, EPI_ISL_6540625, EPI_ISL_6571326, EPI_ISL_6659093, EPI_ISL_6782651, EPI_ISL_6784069, EPI_ISL_6784089, EPI_ISL_6785274, EPI_ISL_6790763, EPI_ISL_6854725, EPI_ISL_6859614, EPI_ISL_6866054, EPI_ISL_6897286, EPI_ISL_6897706, EPI_ISL_6897813, EPI_ISL_7236153, EPI_ISL_7236331, EPI_ISL_7430659, EPI_ISL_7502858, EPI_ISL_7663665, EPI_ISL_7668681, EPI_ISL_7786248, EPI_ISL_7914616, EPI_ISL_8008367, EPI_ISL_8032340, EPI_ISL_8260825, EPI_ISL_8264504, EPI_ISL_8264550, EPI_ISL_8404067, EPI_ISL_8408098, EPI_ISL_8438785, EPI_ISL_8478178, EPI_ISL_8557157, EPI_ISL_8605326, EPI_ISL_9094853, EPI_ISL_9094856, EPI_ISL_9094913, EPI_ISL_9094955, EPI_ISL_9094959, EPI_ISL_11051429, EPI_ISL_11794587, EPI_ISL_12306330, EPI_ISL_15573505, EPI_ISL_15573506, EPI_ISL_15573507, EPI_ISL_15573508, EPI_ISL_18288283, EPI_ISL_18288313, EPI_ISL_18288314"
27456,GAGTGTGTTA,10,3,ORF7a,24,XXX,56.3,AY.43,100.0,1,France,100.0,1,2,2,75.0,75.0,3,100.0,"2--CNR Virus des Infections Respiratoires - France SUD
1--Centre National de Reference des Virus des Infections Respiratoires","2--LBM UNIBIO VALENTIN
1--Labo Analyses Med","EPI_ISL_5945915, EPI_ISL_6832092, EPI_ISL_6843299"
22198,TACCATGAT,9,3,S,212,YHD,14.0,BA.2,100.0,1,Slovakia|Luxembourg|Austria,33.3,3,3,3,66.7,66.7,2,66.7,"1--Lifebrain Covid Labor GmbH
1--Laboratoire national de sante, Microbiology, Microbial Genomics Platform
1--Laboratory of Genomics and Bioinformatics, Comenius University Science Park","1--Laboratoire national de sante, Microbiology, Virology
1--Lifebrain Covid Labor GmbH
1--Laboratory of Genomics and Bioinformatics, Comenius University Science Park","EPI_ISL_13661215, EPI_ISL_14156447, EPI_ISL_14217522"
27298,CAAGATGGCGG,11,2,ORF6,32,TRW,31.8,AY.4,100.0,1,England,100.0,1,2,2,100.0,100.0,2,100.0,"1--Wellcome Sanger Institute
1--COVID-19 Genomics UK (COG-UK) Consortium","1--Respiratory Virus Unit, Microbiology Services Colindale, Public Health England
1--Lighthouse Lab in Alderley Park","EPI_ISL_4899489, EPI_ISL_5043473"
28209,CCGTTTACGAT,11,5,ORF8,104,YAV,11.9,BF.7,100.0,1,France,60.0,2,3,3,100.0,100.0,3,60.0,"3--Laborizon Centre
1--Instituto Nacional de Saude Doutor Ricardo Jorge (INSA)
1--Instituto Nacional de Saude Doutor Ricardo Jorge","1--Levallois - Chocolaterie
1--Biogroup Laboratoire Courbevoie   Herold
1--Centro Hospitalar Universitario de Lisboa Central
1--Courbevoie - Herold
1--H Fernando Fonseca","EPI_ISL_15115763, EPI_ISL_15244564, EPI_ISL_15244584, EPI_ISL_16280832, EPI_ISL_16443619"
22116,CATGCAGGCTGTGAG,15,6,S,185,MQAVS,1.4,BA.5.1,100.0,1,USA,100.0,1,2,4,100.0,100.0,5,83.3,"3--Centers for Disease Control and Prevention, Division of Viral Diseases, Pathogen Discovery
1--Helix
1--Maryland Genomics, Institute for Genome Sciences, University of Maryland School of Medicine
1--Aegis Sciences Corporation","1--Helix
1--Laboratory Corporation of America
1--Quest Diagnostics Incorporated
1--Kaiser Permanente Southern California
1--Maryland Genomics, Institute for Genome Sciences, University of Maryland School of Medicine
1--Aegis Sciences Corporation","EPI_ISL_14897745, EPI_ISL_15079555, EPI_ISL_15237962, EPI_ISL_15337546, EPI_ISL_15898116, EPI_ISL_16362266"
12613,CAACATGTG,9,6,ORF1a,4116,QHV,19.0,B.1.36,100.0,1,Romania,100.0,1,2,2,100.0,100.0,4,66.7,"5--National Institute of Infectious Diseases-Prof. Dr. Matei Bals Molecular Diagnostics Laboratory
1--Cantacuzino Institute Virology","5--National Institute of Infectious Diseases-Prof. Dr. Matei Bals Molecular Diagnostics Laboratory
1--Laboratory for Respiratory Viruses, Cantacuzino National Military-Medical Institute for Research and Development","EPI_ISL_1186213, EPI_ISL_1258426, EPI_ISL_1381306, EPI_ISL_1418318, EPI_ISL_1657091, EPI_ISL_1657113"
22198,CAAGGTAAG,9,22,S,212,QGK,19.1,BA.2,100.0,1,Slovakia,45.5,6,9,9,74.1,74.1,20,90.9,"10--Laboratory of Genomics and Bioinformatics, Comenius University Science Park
4--Institute of Molecular and Translational Medicine / Laboratory of Experimental Medicine, Faculty of Medicine and Dentistry, Palacky University
2--Robert Koch Institute
1--Public Health Ontario
1--Bergthaler laboratory, CeMM Research Center for Molecular Medicine of the Austrian Academy of Sciences
1--Charles University, Faculty of Science, BIOCEV, OMICS Genomics
1--University Hospital Brno, CMBG
1--Centro de Secuenciación NASERTIC
1--National Institute of Public Health","5--Laboratory of Genomics and Bioinformatics, Comenius University Science Park
4--Krajská nemocnice T.Bati, a.s.
2--Public Health Authority of the Slovak Republic
1--AeskuLab
1--Labor Dr. Krause & Kollegen MVZ GmbH Kiel
1--Biomedical Centre Martin, Jessenius Faculty of Medicine in Martin, Comenius University
1--Servicio de Microbiología Clínica (Complejo Hospitalario de Navarra, Pamplona)
1--Regional Public Health Authority with the seat in Trenčín, Slovakia
1--Austrian Agency for Health and Food Safety (AGES)
1--Regional Public Health Authority with the seat in Košice, Slovakia
1--Sonic - Labor Staber Dresden (Klipphausen)
1--Faculty Hospital Bulovka, Department of Clinical Microbiology
1--Nemocnice Trebic
1--Public Health Ontario Laboratory","EPI_ISL_11906301, EPI_ISL_12133552, EPI_ISL_12133576, EPI_ISL_12263631, EPI_ISL_12487222, EPI_ISL_12487234, EPI_ISL_12583023, EPI_ISL_12704776, EPI_ISL_12804250, EPI_ISL_12826697, EPI_ISL_12873290, EPI_ISL_13013481, EPI_ISL_13013653, EPI_ISL_13013884, EPI_ISL_13037535, EPI_ISL_13037540, EPI_ISL_13177643, EPI_ISL_13237334, EPI_ISL_13432432, EPI_ISL_13490579, EPI_ISL_13744675, EPI_ISL_14036437"
23590,CAGACTAATTCTCCTCGG,18,2,S,676,QTNSPR,4.2,P.1.2,100.0,1,Argentina,100.0,1,2,2,66.7,66.7,2,100.0,"1--Laboratorio Central Mg. Luis Alfredo Pianciola and INEI-ANLIS 'Dr. Carlos G. Malbran'
1--Instituto Nacional Enfermedades Infecciosas C.G.Malbran","1--Laboratorio Central Mg. Luis Alfredo Pianciola
1--Servicio Virosis Respiratorias-Departamento Virologia-INEI","EPI_ISL_7752009, EPI_ISL_7775410"
3174,GGCAAG,6,3,ORF1a,970,AR,7.4,XBB.1.9.2,100.0,1,USA|Australia|Canada,33.3,3,3,3,100.0,100.0,2,66.7,"1--NPHL COVID-19 Response Team
1--Laboratoire de santé publique du Québec
1--NSW Health Pathology - Institute of Clinical Pathology and Medical Research (ICPMR); Westmead Hospital; University of Sydney","1--Laboratoire de santé publique du Québec
1--Douglass Hanly Moir Pathology
1--Nebraska Public Health Laboratory","EPI_ISL_17806742, EPI_ISL_17959412, EPI_ISL_18072360"
25559,AGAGTCTGG,9,2,ORF3a,55,LES,7.8,AY.44,100.0,1,USA,100.0,1,2,2,100.0,100.0,2,100.0,"1--Centers for Disease Control and Prevention, Division of Viral Diseases, Pathogen Discovery
1--Wisconsin State Laboratory of Hygiene Communicable Disease Division","1--Wisconsin State Laboratory of Hygiene Communicable Disease Division
1--Aegis Sciences Corporation","EPI_ISL_5868534, EPI_ISL_6063401"
22204,TGGCGGCGGCGG,12,3,S,212,ERWR,18.2,EG.5.1.1,66.7,2,Japan,66.7,2,2,2,100.0,Inf,2,66.7,"2--Utsunomiya City Institute of Public Health and Environment
1--National Institute of Health, Department of Medical Sciences, Ministry of Public Health, Thailand","2--Utsunomiya City Institute of Public Health and Environment
1--Regional Medical Sciences Center 4 Saraburi","EPI_ISL_18771387, EPI_ISL_19017227, EPI_ISL_19017228"
25303,TGCTTTTCACTA,12,3,S,1247,CFSL,1.2,BA.5.2.1,100.0,1,Australia|Canada|Japan,33.3,3,3,3,60.0,60.0,3,100.0,"1--Public Health Ontario
1--Tokyo Metropolitan Institute of Public Health
1--NSW Health Pathology - Institute of Clinical Pathology and Medical Research (ICPMR); Westmead Hospital; University of Sydney","1--Public Health Ontario Laboratory
1--Tokyo Metropolitan Institute of Public Health
1--Pathology North - Royal North Shore Hospital - NSW Health Pathology","EPI_ISL_15653290, EPI_ISL_15691957, EPI_ISL_16255208"
22204,GATCTGGCA,9,14,S,214,DLA,9.8,B.1.2,100.0,1,USA,100.0,1,4,4,100.0,100.0,8,57.1,"10--Arizona State University
2--Respiratory Viruses Branch, Division of Viral Diseases, Centers for Disease Control and Prevention
1--CZ Biohub
1--California Department of Public Health","10--Arizona State University
1--Laboratory Corporation of America
1--Helix/Illumina
1--CA DPH Viral and Rickettsial Disease Laboratory
1--California Department of Public Health Valencia Branch Laboratory","EPI_ISL_1016594, EPI_ISL_1037192, EPI_ISL_1234589, EPI_ISL_2797236, EPI_ISL_5621371, EPI_ISL_5629724, EPI_ISL_5629816, EPI_ISL_5629821, EPI_ISL_8017785, EPI_ISL_12565445, EPI_ISL_12591860, EPI_ISL_12591928, EPI_ISL_12642355, EPI_ISL_12657726"
22111,GGTCCCAAT,9,8,S,183,GPN,37.9,LB.1.2.2,100.0,1,USA|Peru,37.5,4,6,6,57.1,57.1,8,88.9,"3--Área de Innovación y Desarrollo, Centro Nacional de Salud Publica, Instituto Nacional de Salud Peru.
1--CNR Virus des Infections Respiratoires, France SUD - genEPII platform
1--Instituto Oswaldo Cruz FIOCRUZ - Laboratory of Respiratory Viruses and Measles (LVRS)
1--Ginkgo Bioworks Concentric
1--California Department of Public Health
1--Laboratory Branch, Coronaviruses and Other Respiratory Viruses Division, National Center for Immunization and Respiratory Diseases, Centers for Disease Control and Prevention (CDC)","3--Laboratorio de Referencia Nacional de Virus Inmunoprevenibles, Centro Nacional de Salud Publica, Instituto Nacional de Salud Peru.
1--Laboratory of Respiratory Viruses and Measles, Oswaldo Cruz Institute, FIOCRUZ
1--Clinical Enterprise: CDC Multiplex Nasal Phase 3 (DC Indv) - Homo sapiens ribonuclease P RNA
1--Laboratory Corporation of America
1--CERBALLIANCE OCCITANIE
1--TPMG Kaiser Regional","EPI_ISL_19426736, EPI_ISL_19463066, EPI_ISL_19488811, EPI_ISL_19601912, EPI_ISL_19711306, EPI_ISL_19745156, EPI_ISL_19773549, EPI_ISL_19810032"
27848,CTTAAATTTTTGG,13,7,ORF7b,32,KFLX,61.9,B.1.177,100.0,1,Italy,100.0,1,3,3,53.8,53.8,7,100.0,"4--Microbiology and Immunology Diagnosis Bambino Gesù Pediatric Hospital
2--Istituto di Microbiologia e Virologia, Fondazione Policlinico Universitario A. Gemelli IRCCS
1--TIGEM","4--Bambino Gesù Pediatric Hospital
2--Gemelli
1--IZSM","EPI_ISL_1173543, EPI_ISL_7694337, EPI_ISL_7694339, EPI_ISL_7694342, EPI_ISL_7694344, EPI_ISL_14932541, EPI_ISL_14932542"
27809,CAGTCTGGTTGG,12,5,ORF7b,18,QSGW,11.8,XBB.1.13,100.0,1,Indonesia,100.0,1,2,2,100.0,100.0,3,60.0,"4--West Java Health Laboratory; School of Life Sciences and Technology, Institut Teknologi Bandung
1--National Quality Control Laboratory of Drug and Food","2--RSUD Al Ihsan
1--RS Hasan Sadikin
1--RSUD Gunung Jati Cirebon
1--Labkesda DKI Jakarta","EPI_ISL_17630652, EPI_ISL_17683913, EPI_ISL_17736548, EPI_ISL_17736549, EPI_ISL_17736588"
2170,GAGCCAGGG,9,7,ORF1a,635,EPG,15.1,B.1.1.7,100.0,1,Switzerland,71.4,2,5,5,100.0,100.0,4,57.1,"3--HUG, Laboratory of Virology and the Health2030 Genome Center
1--Center for Laboratory Medicine St. Gallen
1--U.O. Genomics, S.S. Genetics and Advanced Omics Techniques, Istituto Zooprofilattico Sperimentale del Piemonte Liguria e Valle d'Aosta
1--Department of Biosystems Science and Engineering, ETH Zürich
1--Laboratory of Clinical Microbiology, Virology and Bioemergencies, ASST Fatebenefratelli Sacco - Sacco Hospital","3--University Hospitals of Geneva, Laboratory of Virology
1--Center for Laboratory Medicine St. Gallen
1--Viollier AG
1--U.O. Genomics, S.S. Genetics and Advanced Omics Techniques, Istituto Zooprofilattico Sperimentale del Piemonte Liguria e Valle d'Aosta
1--Laboratory of Clinical Microbiology, Virology and Bioemergencies, ASST Fatebenefratelli Sacco - Sacco Hospital","EPI_ISL_1181626, EPI_ISL_1228899, EPI_ISL_1295984, EPI_ISL_1295985, EPI_ISL_1408359, EPI_ISL_1617387, EPI_ISL_1909218"
12607,CGGCAG,6,25,ORF1a,4114,RQ,8.6,BA.2,100.0,1,France,76.0,3,11,11,6.1,27.2,25,100.0,"5--CNR Virus des Infections Respiratoires - France SUD
4--Instituto Nacional de Saude Doutor Ricardo Jorge (INSA)
4--Department of Virology, Henri Mondor University Hospital, Assistance Publique Hôpitaux de Paris, Université Paris-Est Créteil, INSERM U955
4--Laborizon Centre
2--Robert Koch Institute
1--Institut Hospitalo-Universitaire Mediterranee Infection
1--Gen-Bio Inovie Gravanches
1--Laboratoire Cerba
1--CERBA HealthCare
1--MEPHI, Aix Marseille University
1--Centre Hospitalier Universitaire (CHU) Grenoble","2--ULS Guarda
2--MIRIALIS CLUSES BECHET
1--ULS Castelo Branco
1--Institut Hospitalo-Universitaire Mediterranee Infection
1--Avelab
1--LPA BESANCON
1--MVZ Labor Dr. Fenner und Kollegen (Standort Hamburg)
1--STMARTINS ORIADE
1--CENTRE HOSPITALIER LUCIEN HUSSEL
1--ST AVOLD EspaceBio
1--Axi - Darmon
1--Cerballiance Rhone Alpes
1--CENTRE HOSPITALIER PIERRE OUDOT
1--Domene
1--LBM NOVELAB
1--amedes MVZ für Laboratoriumsdiagnostik Raubling GmbH
1--Centre Hospitalier (CH) Metrop.Savoie-Chambery
1--LABORATOIRE BIO-VAL
1--Biogroup Laboratoire Neuf Brisach
1--MEPHI, Aix Marseille University
1--Abbaye
1--CERBALLIANCE RHONE ALPES
1--Biogroup Laboratoire La Mure","EPI_ISL_11916216, EPI_ISL_12022349, EPI_ISL_12023493, EPI_ISL_12041086, EPI_ISL_12120334, EPI_ISL_12310643, EPI_ISL_12311222, EPI_ISL_12421931, EPI_ISL_12442412, EPI_ISL_12585787, EPI_ISL_12598786, EPI_ISL_12674461, EPI_ISL_12720977, EPI_ISL_12826833, EPI_ISL_12855146, EPI_ISL_12863586, EPI_ISL_13019144, EPI_ISL_13084357, EPI_ISL_13328540, EPI_ISL_13329184, EPI_ISL_14918176, EPI_ISL_14918208, EPI_ISL_14972188, EPI_ISL_15094130, EPI_ISL_17754149"
27402,AAAAGAAAGATAGAATG,17,8,ORF7a,3,KRKIE,65.5,AY.4,75.0,2,USA,50.0,3,3,3,0.0,0.0,6,75.0,"4--Centers for Disease Control and Prevention, Division of Viral Diseases, Pathogen Discovery
2--COVID-19 Genomics UK (COG-UK) Consortium
2--ELDA biotech","4--Aegis Sciences Corporation
2--Enfer Medical
1--Yourgene Health
1--Respiratory Virus Unit, Microbiology Services Colindale, Public Health England","EPI_ISL_5232835, EPI_ISL_5583598, EPI_ISL_5636410, EPI_ISL_7160924, EPI_ISL_7920269, EPI_ISL_8179794, EPI_ISL_9588523, EPI_ISL_11948263"
26184,AAGATGGCG,9,3,ORF3a,264,KMA,3.8,B.1.637,100.0,1,USA,100.0,1,2,2,100.0,100.0,2,66.7,"2--Uhlemann Laboratory, Columbia University Irving Medical Center
1--Wadsworth Center, New York State Department of Health","2--Clinical Microbiology Laboratory, NewYork Presbyterian Hospital/Columbia University Irving Medical Center
1--Columbia University Irving Medical Center","EPI_ISL_1855289, EPI_ISL_1965726, EPI_ISL_2500803"
27622,CAGCCGG,7,392,ORF7a,76,FS,1.5,B.1.1.7,99.7,2,Norway,80.1,7,16,16,0.3,0.3,380,98.4,"314--Norwegian Institute of Public Health, Department of Virology
28--Aalborg University
18--Wellcome Sanger Institute
11--Wojewodzka Stacja Sanitarno-Epidemiologiczna w Olsztynie, Laboratorium Badan Epidemiologiczno-Klinicznych
5--1. Academic Center for Pathomorphological and Genetic-Molecular Diagnostics ltd, Bialystok, Poland  2. National Institute of Public Health - National Institute of Hygiene, Warsaw, Poland
4--1. ViroGenetics - BSL3 Laboratory of Virology, Małopolska Centre of Biotechnology, Jagiellonian University;  2. genXone SA, Research & Development Laboratory
3--COVID-19 Genomics UK (COG-UK) Consortium
1--1. National Institute of Public Health - National Institute of Hygiene, Warsaw, Poland 2. Biobank Lab, University of Lodz 3. Laboratory of Respiratory Viruses, Teaching and Clinical Center of the Medical University of Lodz
1--140. Tricity SARS-CoV-2 sequencing consortium: University of Gdansk,  Medical University of Gdansk, Vaxican Ltd., Invicta Ltd. 2. National Institute of Public Health - National Institute of Hygiene, Warsaw, Poland
1--1. Tricity SARS-CoV-2 sequencing consortium: University of Gdansk,  Medical University of Gdansk, Vaxican Ltd., Invicta Ltd. 2. National Institute of Public Health - National Institute of Hygiene, Warsaw, Poland
1--21. National Institute of Public Health - National Institute of Hygiene, Warsaw, Poland 2. Biobank Lab, University of Lodz 3. Laboratory of Respiratory Viruses, Teaching and Clinical Center of the Medical University of Lodz
1--Center of Medical Microbiology, Virology, and Hospital Hygiene, University of Duesseldorf
1--Labo Klinische Biologie, UZA
1--182. Tricity SARS-CoV-2 sequencing consortium: University of Gdansk,  Medical University of Gdansk, Vaxican Ltd., Invicta Ltd. 2. National Institute of Public Health - National Institute of Hygiene, Warsaw, Poland
1--118. Tricity SARS-CoV-2 sequencing consortium: University of Gdansk,  Medical University of Gdansk, Vaxican Ltd., Invicta Ltd. 2. National Institute of Public Health - National Institute of Hygiene, Warsaw, Poland
1--Gyncentrum","148--Haukeland University Hospital, Dept. of Microbiology
65--Dept. of Medical Microbiology, Stavanger University Hospital, Helse Stavanger HF
34--Oslo University Hospital, Department of Microbiology
33--Ostfold Hospital Trust - Kalnes, Centre for Laboratory Medicine, Section for gene technology and infection serology
26--Department of Virus and Microbiological Special Diagnostics, Statens Serum Institut, Copenhagen, Denmark
15--Lighthouse Lab in Alderley Park
14--Norwegian Institute of Public Health, Department of Virology
11--Wojewodzka Stacja Sanitarno-Epidemiologiczna w Olsztynie, Laboratorium Badan Epidemiologiczno-Klinicznych
5--University Hospital of Northern Norway, Department for Microbiology and Infectious Disease Control
5--WSSE w Gdańsku
4--Diagnostyka. Laboratoria Medyczne.
3--Foerde Hospital, Department of Microbiology
3--Vestfold Hospital, Toensberg  Department of Microbiology
3--Lighthouse Lab in Milton Keynes
2--Unilabs Laboratory Medicine
2--University College London Hospital
2--Hospital of Southern Norway - Kristiansand, Department of Medical Microbiology
1--Virology Department, Royal Infirmary of Edinburgh, NHS Lothian / School of Biological Sciences, University of Edinburgh
1--Gyncentrum
1--LHUB-ULB
1--Haugesund Hospital, laboratory for Medical Microbiology
1--Medical Laboratories Duesseldorf
1--Diagnostyka
1--Laboratorium Epidemiologii WSSE w Szczecinie
1--UCK
1--Department of Clinical Microbiology, Odense University Hospital, Odense, Denmark
1--Innlandet Hospital Trust, Division Lillehammer, Department for Medical Microbiology
1--Diagnostyka Sp. z o.o. Gdańsk
1--Furst Medical Laboratory
1--Nordland Hospital - Bodo, Laboratory Department, Molecular Biology Unit
1--Department of Medical Microbiology, St. Olavs hospital
1--Invicta
1--Molekylær Medicinsk Afdeling, Aarhus University Hospital, Aarhus, Denmark
1--NZOZ Meditest Diagnostyka Medyczna",
22304,CTCGGAGCTGGA,12,5,S,247,SRSW,7.6,BA.2,100.0,1,Israel,40.0,4,4,5,80.0,80.0,4,80.0,"1--Labo Klinische Biologie, UZA
1--Clinical Bioinformatics Area, Fundación Progreso y Salud
1--Israel Central Virology laboratory
1--National Institute for Public Health and the Environment (RIVM)
1--Clinical Microbiology Laboratory, Tel Aviv Sourasky Medical Center","1--Platform BIS UZA/UAntwerpen
1--Servicio de Microbiologia, Hospital Puerta del Mar, Cadiz, Spain
1--National Institute for Public Health and the Environment (RIVM)
1--Public health laboratories Tel Aviv
1--Clinical Microbiology Laboratory, Tel Aviv Sourasky Medical Center","EPI_ISL_12218490, EPI_ISL_12591473, EPI_ISL_12699402, EPI_ISL_12742178, EPI_ISL_16439199"
25521,GGGGCGGCC,9,1743,ORF3a,43,GAA,4.5,AY.98,99.8,2,England,94.8,15,19,19,96.7,96.8,1732,99.4,"1464--Wellcome Sanger Institute
194--COVID-19 Genomics UK (COG-UK) Consortium
39--Public Health Wales Microbiology Cardiff Wales Specialist Virology Centre
13--National Institute for Public Health and the Environment (RIVM)
8--HOSPITAL UNIVERSITARIO SON ESPASES
7--Amazon Dx, AUV2 Laboratory
3--New York Genome Center
2--Department of Biosystems Science and Engineering, ETH Zürich
2--Statens Serum Institut Bioinformatics and Microbial Genomics
2--Instituto Nacional de Saude (INSA)
1--Istituto Zooprofilattico Sperimentale della Puglia e della Basilicata
1--Infectious Disease Program, Broad Institute of Harvard and MIT
1--Department of Microbiology, University of the West Indies
1--Centers for Disease Control and Prevention, Division of Viral Diseases, Pathogen Discovery
1--U.O. Microbiologia, Laboratorio Unico Centro Servizi - AUSL della Romagna
1--Public Health Agency of Canada (PHAC) National Microbiology Laboratory
1--Laboratori de Referencia de Catalunya
1--National Institute of Hygiene
1--NSW Health Pathology - Institute of Clinical Pathology and Medical Research (ICPMR); Westmead Hospital; University of Sydney","931--Lighthouse Lab in Milton Keynes
154--Lighthouse Lab in Alderley Park
142--Berkshire and Surrey Pathology Services Lighthouse Laboratory
109--Rosalind Franklin Laboratory
92--Respiratory Virus Unit, Microbiology Services Colindale, Public Health England
50--Northumbria University / South Tees Hospitals NHS Foundation Trust / North Cumbria Integrated Care NHS Foundation Trust / North Tees and Hartlepool NHS Foundation Trust / Newcastle Hospitals NHS Foundation Trust
47--Integrated Covid Hub North East
38--Originating lab: Wales Specialist Virology Centre Sequencing lab: Pathogen Genomics Unit
37--Lighthouse Lab in Glasgow
35--Quadram Institute Bioscience
30--Lighthouse Laboratory Plymouth
14--Health Services Laboratories
10--Oncologica UK Ltd
8--HOSPITAL UNIVERSITARIO SON ESPASES
8--National Institute for Public Health and the Environment (RIVM)
7--Amazon Dx, AUV2 Laboratory
5--LabMicTA
4--Barts Health NHS Trust
2--Hackensack Meridian Health
2--Department of Bacteria, Parasites and Fungi, Statens Serum Institut, Copenhagen, Denmark
2--Yourgene Health
2--Viollier AG
1--Laverty Pathology
1--National Public Health Laboratory (NPHL)
1--Laboratori de Referencia de Catalunya
1--Alberta Precision Labs (APL)
1--Helix
1--Hackensack Medical Center
1--Ospedale Vito Fazzi
1--CH Porto - H Sto Antonio
1--Virology Department, Royal Infirmary of Edinburgh, NHS Lothian / School of Biological Sciences, University of Edinburgh
1--U.O. Microbiologia Laboratorio Unico Centro Servizi - AUSL della Romagna
1--UNILABS
1--Broad Institute Clinical Research Sequencing Platform
1--National Institute of Hygiene
1--Wales Specialist Virology Centre Sequencing lab: Pathogen Genomics Unit",
22120,TCAGCGTCCGCC,12,3,S,186,SASA,0.4,XBB.1.16.6,100.0,1,USA,100.0,1,2,2,75.0,75.0,3,100.0,"2--Johns Hopkins Hospital Department of Pathology
1--TN DOH Lab Services","2--Johns Hopkins Hospital Department of Pathology
1--TN DOH Lab Services","EPI_ISL_18432459, EPI_ISL_18432464, EPI_ISL_19054492"
27365,AACACCATT,9,10,ORF6,55,TPL,36.2,B.1.526,100.0,1,USA,100.0,1,2,2,100.0,100.0,8,80.0,"9--Centers for Disease Control and Prevention, Division of Viral Diseases, Pathogen Discovery
1--The Ohio State University College of Medicine","7--Laboratory Corporation of America
1--GA Department of Public Health Laboratory
1--Helix/Illumina
1--Wexner Medical Center","EPI_ISL_1609242, EPI_ISL_1611460, EPI_ISL_1684413, EPI_ISL_1735224, EPI_ISL_1800882, EPI_ISL_1925927, EPI_ISL_2018439, EPI_ISL_2045568, EPI_ISL_2181679, EPI_ISL_2399762"
23491,CCCCGAGAAGTT,12,5,S,643,PREV,16.1,XFG.30,100.0,1,Poland,40.0,4,3,4,100.0,100.0,1,20.0,"2--Wojewodzka Stacja Sanitarno-Epidemiologiczna w Lodzi, Oddzial Laboratoryjny Mikrobiologii i Parazytologii
1--Arizona State Public Health Laboratory
1--Public Health Wales Microbiology Cardiff Wales Specialist Virology Centre
1--Robert Koch Institute","2--WSSE w Poznaniu. Laboratorium Mikrobiologii i Parazytologii
1--Arizona State Public Health Laboratory
1--MVZ Medizinische Labore Dessau Kassel GmbH
1--Wales Specialist Virology Centre Sequencing lab: Pathogen Genomics Unit","EPI_ISL_20175774, EPI_ISL_20240109, EPI_ISL_20245204, EPI_ISL_20245217, EPI_ISL_20363104"
25716,TACGAAGTC,9,7,ORF3a,108,YEV,0.4,BA.1.1,100.0,1,England,100.0,1,3,3,28.0,28.0,7,100.0,"5--Wellcome Sanger Institute
1--COVID-19 Genomics UK (COG-UK) Consortium
1--Public Health Wales Microbiology Cardiff Wales Specialist Virology Centre","4--Rosalind Franklin Laboratory
1--Berkshire and Surrey Pathology Services Lighthouse Laboratory
1--Originating lab: Wales Specialist Virology Centre Sequencing lab: Pathogen Genomics Unit
1--Quadram Institute Bioscience","EPI_ISL_10970722, EPI_ISL_11307552, EPI_ISL_11341867, EPI_ISL_11390038, EPI_ISL_11423805, EPI_ISL_11751614, EPI_ISL_11989577"
22207,TCTTTCACACGT,12,3,S,215,SFTR,8.8,CH.1.1,100.0,1,USA,66.7,2,2,2,100.0,100.0,2,66.7,"2--Houston Methodist Hospital
1--Università degli Studi di Milano La Statale","2--Houston Methodist Hospital
1--Unimi-ATS Citta Metropolitana Milanese","EPI_ISL_17686125, EPI_ISL_17686132, EPI_ISL_17780582"
27506,CACCTAAACTGTTC,14,2,ORF7a,39,*TVX,58.0,BA.1.1|BA.1.15,50.0,2,USA|England,50.0,2,2,2,100.0,200.0,2,100.0,"1--Houston Methodist Hospital
1--COVID-19 Genomics UK (COG-UK) Consortium","1--Yourgene Health
1--Houston Methodist Hospital","EPI_ISL_10829340, EPI_ISL_11932685"
6502,TCTTCA,6,192,ORF1a,2079,SS,4.0,BF.11,79.2,3,Canada,51.6,6,33,35,76.3,Inf,132,68.8,"96--Public Health Ontario
19--Centers for Disease Control and Prevention, Division of Viral Diseases, Pathogen Discovery
13--Pandemic Response Lab, R&D
11--Virginia Division of Consolidated Laboratory Services
7--Aegis Sciences Corporation
6--Mathers Lab
5--Institute of Clinical Pathology and Medical Research (ICPMR), Westmead Hospital
3--California Department of Public Health
2--NJ_PHEL
2--Andersen Lab at The Scripps Research Institute
2--MSHS Pathogen Surveillance Program
2--Harris/Thakur/Rasmussen Lab
2--UW Virology Lab
1--Public Health Virology, Forensic and Scientific Services (PHV-FSS), Queensland Health
1--Wellcome Sanger Institute
1--Laboratoire de santé publique du Québec
1--Utah Public Health Laboratory
1--Maryland Genomics, Institute for Genome Sciences, University of Maryland School of Medicine
1--New York Genome Center
1--New Brunswick - Vitalite Health Network
1--UT Health San Antonio, Greehey Children's Cancer Research Institute
1--Victorian Infectious Disease Reference Laboratory
1--Departments of Pathology and Medicine, New York University School of Medicine
1--Sonoma County Public Health Laboratory (SCPHL)
1--New England Biolabs
1--Statens Serum Institut Bioinformatics and Microbial Genomics
1--British Colombia Centre for Disease Control Public Health Laboratory
1--Colorado Department of Public Health and Environment
1--Institute of Clinical Pathology and Medical Research (ICMPR), Westmead Hospital
1--Springfield Laboratory, Illinois Department of Public Health
1--Institute Of Clinical Pathology And Medical Research (ICPMR), Westmead Hospital
1--Wyoming Public Health Laboratory
1--Laboratory Medicine and Pathology, University of Washington
1--Robert Koch Institute
1--NSW Health Pathology - Institute of Clinical Pathology and Medical Research (ICPMR); Westmead Hospital; University of Sydney","63--Public Health Ontario Laboratory
28--St. Joseph's Healthcare Hamilton
13--Pandemic Response Lab - NYC
10--Laboratory Corporation of America
8--Virginia Tech
7--Aegis Sciences Corporation
6--UVA Clinical Microbiology Lab
5--Helix
5--The Hospital for Sick Children
4--Quest Diagnostics Incorporated
4--Histopath Diagnostic Specialists
3--Pathology West - NSW Health Pathology
3--Virginia Division of Consolidated Laboratory Services
3--Optum
2--NJDOH, Public Health and Environmental Laboratories
2--UW Virology Lab
2--WakeMed Health and Hospitals
2--MSHS Clinical Microbiology Laboratories
1--Rosalind Franklin Laboratory
1--University Hospital, San Antonio
1--Department of Bacteria, Parasites and Fungi, Statens Serum Institut, Copenhagen, Denmark
1--NYU Langone Health
1--British Columbia Centre For Disease Control
1--Utah Public Health Laboratory
1--Laboratoire de santé publique du Québec
1--Maryland Genomics, Institute for Genome Sciences, University of Maryland School of Medicine
1--Limbach - MVZ Clotten Labor Freiburg  Labor Dr. Haas Dr. Raif & Kollegen GbR
1--Histopath
1--San Diego County Public Health Laboratory
1--New Brunswick - Vitalite Health Network
1--Australian Clincal Labs
1--Hackensack Meridian Health
1--Pathology Queensland and Forensic Scientific Services
1--Colorado Department of Public Health and Environment
1--New England Biolabs
1--Kaiser Permanente Santa Rosa Medical Center
1--Springfield Laboratory, Illinois Department of Public Health
1--Wyoming Public Health Laboratory
1--Laboratory Medicine and Pathology, University of Washington
1--Sharp HealthCare Laboratory","EPI_ISL_14652750, EPI_ISL_14684757, EPI_ISL_14684865, EPI_ISL_14807856, EPI_ISL_14808280, EPI_ISL_14897374, EPI_ISL_14915129, EPI_ISL_14940370, EPI_ISL_15009590, EPI_ISL_15009591, EPI_ISL_15027961, EPI_ISL_15029330, EPI_ISL_15043488, EPI_ISL_15061843, EPI_ISL_15093372, EPI_ISL_15097804, EPI_ISL_15106007, EPI_ISL_15106145, EPI_ISL_15158618, EPI_ISL_15219750, EPI_ISL_15225328, EPI_ISL_15277775, EPI_ISL_15277780, EPI_ISL_15296475, EPI_ISL_15296490, EPI_ISL_15296518, EPI_ISL_15296592, EPI_ISL_15298244, EPI_ISL_15396261, EPI_ISL_15396300, EPI_ISL_15427601, EPI_ISL_15465755, EPI_ISL_15482860, EPI_ISL_15484848, EPI_ISL_15500043, EPI_ISL_15531805, EPI_ISL_15533075, EPI_ISL_15549726, EPI_ISL_15549727, EPI_ISL_15594675, EPI_ISL_15601306, EPI_ISL_15633693, EPI_ISL_15638606, EPI_ISL_15666340, EPI_ISL_15677476, EPI_ISL_15691666, EPI_ISL_15692046, EPI_ISL_15692241, EPI_ISL_15693119, EPI_ISL_15702247, EPI_ISL_15705019, EPI_ISL_15736455, EPI_ISL_15737956, EPI_ISL_15768969, EPI_ISL_15797184, EPI_ISL_15820700, EPI_ISL_15825921, EPI_ISL_15843779, EPI_ISL_15843787, EPI_ISL_15843890, EPI_ISL_15903248, EPI_ISL_15930369, EPI_ISL_15931755, EPI_ISL_15931756, EPI_ISL_15931757, EPI_ISL_15931796, EPI_ISL_15931802, EPI_ISL_15931896, EPI_ISL_15996956, EPI_ISL_15997630, EPI_ISL_16013720, EPI_ISL_16015340, EPI_ISL_16015447, EPI_ISL_16015860, EPI_ISL_16033021, EPI_ISL_16033022, EPI_ISL_16033023, EPI_ISL_16058830, EPI_ISL_16068859, EPI_ISL_16069951, EPI_ISL_16069952, EPI_ISL_16069953, EPI_ISL_16069954, EPI_ISL_16069955, EPI_ISL_16070967, EPI_ISL_16082540, EPI_ISL_16087092, EPI_ISL_16089923, EPI_ISL_16171350, EPI_ISL_16187039, EPI_ISL_16187041, EPI_ISL_16187210, EPI_ISL_16187230, EPI_ISL_16190494, EPI_ISL_16226125, EPI_ISL_16227647, EPI_ISL_16310832, EPI_ISL_16323259, EPI_ISL_16323386, EPI_ISL_16323387, EPI_ISL_16323413, EPI_ISL_16323415, EPI_ISL_16323456, EPI_ISL_16323457, EPI_ISL_16323475, EPI_ISL_16323648, EPI_ISL_16323649, EPI_ISL_16323779, EPI_ISL_16323978, EPI_ISL_16324000, EPI_ISL_16324015, EPI_ISL_16324087, EPI_ISL_16324386, EPI_ISL_16324481, EPI_ISL_16324684, EPI_ISL_16324686, EPI_ISL_16324700, EPI_ISL_16324702, EPI_ISL_16324703, EPI_ISL_16324704, EPI_ISL_16324773, EPI_ISL_16324777, EPI_ISL_16324843, EPI_ISL_16324984, EPI_ISL_16324985, EPI_ISL_16325038, EPI_ISL_16360971, EPI_ISL_16367521, EPI_ISL_16370027, EPI_ISL_16370232, EPI_ISL_16370234, EPI_ISL_16370270, EPI_ISL_16437284, EPI_ISL_16451301, EPI_ISL_16451395, EPI_ISL_16451405, EPI_ISL_16451560, EPI_ISL_16451579, EPI_ISL_16451999, EPI_ISL_16452002, EPI_ISL_16452165, EPI_ISL_16452181, EPI_ISL_16452240, EPI_ISL_16452433, EPI_ISL_16455664, EPI_ISL_16460066, EPI_ISL_16509750, EPI_ISL_16509770, EPI_ISL_16530860, EPI_ISL_16531799, EPI_ISL_16577549, EPI_ISL_16584912, EPI_ISL_16584962, EPI_ISL_16584963, EPI_ISL_16584964, EPI_ISL_16672649, EPI_ISL_16999935, EPI_ISL_17579986, EPI_ISL_17828689, EPI_ISL_19914318, EPI_ISL_19914467, EPI_ISL_19914585, EPI_ISL_19914863, EPI_ISL_19915127, EPI_ISL_19915162, EPI_ISL_19915734, EPI_ISL_19915858, EPI_ISL_19915859, EPI_ISL_19915889, EPI_ISL_19915924, EPI_ISL_19915929, EPI_ISL_19916059, EPI_ISL_19916082, EPI_ISL_19923000, EPI_ISL_19923055, EPI_ISL_19924215, EPI_ISL_19924234, EPI_ISL_19924625, EPI_ISL_19924626, EPI_ISL_19924636, EPI_ISL_19924684, EPI_ISL_19924736, EPI_ISL_19924737, EPI_ISL_19924738, EPI_ISL_19924803, EPI_ISL_19924834, EPI_ISL_19924835, EPI_ISL_19929784, EPI_ISL_19931774, EPI_ISL_19932907, EPI_ISL_20045688, EPI_ISL_20045937"
26543,ATGCTCGCAAAC,12,3,M,7,MLAN,16.3,BA.4.1,100.0,1,England|Belgium|France,33.3,3,3,3,100.0,100.0,2,66.7,"1--KU Leuven, Rega Institute, Clinical and Epidemiological Virology
1--Wellcome Sanger Institute
1--Department of Virology, Henri Mondor University Hospital, Assistance Publique Hôpitaux de Paris, Université Paris-Est Créteil, INSERM U955","1--Lighthouse Laboratory Plymouth
1--KU Leuven, Rega Institute, Clinical and Epidemiological Virology
1--DYOMEDEA SAUVEGARDE","EPI_ISL_13956466, EPI_ISL_14595053, EPI_ISL_14728268"
12611,GAGGTTGTG,9,10,ORF1a,4115,RGC,0.4,BA.2,90.0,2,England,90.0,2,2,2,75.0,75.0,9,90.0,"9--Wellcome Sanger Institute
1--Centers for Disease Control and Prevention, Division of Viral Diseases, Pathogen Discovery","9--Rosalind Franklin Laboratory
1--Helix","EPI_ISL_12236209, EPI_ISL_12236266, EPI_ISL_12236299, EPI_ISL_12236305, EPI_ISL_12236438, EPI_ISL_12236457, EPI_ISL_12236460, EPI_ISL_12236585, EPI_ISL_12236606, EPI_ISL_13484514"
22005,AGCTGTGAGGGG,12,17,S,147,KAVR,0.0,B.1,100.0,1,France,100.0,1,2,2,12.1,53.1,17,100.0,"16--Laboratory of Physical Chemistry and Microbiology for Materials and the Environment (LCPME)
1--Laboratoire de Chimie Physique et Microbiologie pour les Matériaux et l'Environnement (LCPME)","16--Laboratory of Clinical and Epidemiological virology
1--Hôpitaux Universitaires de Strasbourg","EPI_ISL_20350765, EPI_ISL_20430742, EPI_ISL_20430748, EPI_ISL_20430751, EPI_ISL_20430753, EPI_ISL_20430779, EPI_ISL_20430780, EPI_ISL_20430783, EPI_ISL_20430788, EPI_ISL_20430794, EPI_ISL_20430796, EPI_ISL_20430798, EPI_ISL_20430800, EPI_ISL_20430802, EPI_ISL_20430803, EPI_ISL_20430805, EPI_ISL_20430806"
22120,AATGTCGCGCATTGG,15,10,S,186,NVAHW,30.2,GW.5.3.1,90.0,2,USA,70.0,4,8,8,90.0,90.0,9,100.0,"2--TN DOH Lab Services
2--Ohio Department of Health Laboratory
1--GA Department of Public Health
1--Centers for Disease Control and Prevention, Division of Viral Diseases, Pathogen Discovery
1--Colorado Department of Public Health and Environment
1--Statens Serum Institut Bioinformatics and Microbial Genomics
1--Erasmus Medical Center
1--NSW Health Pathology - Institute of Clinical Pathology and Medical Research (ICPMR); Westmead Hospital; University of Sydney","2--Pathology and Laboratory Medicine Institute, Cleveland Clinic, Ohio, USA
2--TN DOH Lab Services
1--GA Department of Public Health
1--Colorado Department of Public Health and Environment
1--Douglass Hanly Moir Pathology
1--Quest Diagnostics Incorporated
1--Erasmus Medical Center
1--Department of Bacteria, Parasites and Fungi, Statens Serum Institut, Copenhagen, Denmark","EPI_ISL_16350152, EPI_ISL_18411659, EPI_ISL_18471183, EPI_ISL_18604120, EPI_ISL_18620597, EPI_ISL_18837381, EPI_ISL_18852162, EPI_ISL_18914817, EPI_ISL_19047552, EPI_ISL_19282472"
27297,GGCTACGA,8,4,ORF6,32,GY,0.0,BA.2.21,100.0,1,USA,100.0,1,3,3,36.4,80.0,4,100.0,"2--Centers for Disease Control and Prevention, Division of Viral Diseases, Pathogen Discovery
1--State Laboratories Division, Hawaii State Department of Health
1--Andersen Lab at The Scripps Research Institute","1--Scripps Medical Laboratory
1--Laboratory Corporation of America
1--Quest Diagnostics Incorporated
1--State Laboratories Division, Hawaii State Department of Health","EPI_ISL_12656367, EPI_ISL_12660675, EPI_ISL_12890853, EPI_ISL_13061028"
27624,ATTGTCCAGCAT,12,3,ORF7a,77,IVQH,24.6,AY.25.1,66.7,2,USA,100.0,1,2,2,66.7,66.7,2,66.7,"2--University of Minnesota Genomics Center
1--Centers for Disease Control and Prevention, Division of Viral Diseases, Pathogen Discovery","2--Public Health Laboratory, Minnesota Department of Health
1--Laboratory Corporation of America","EPI_ISL_5077742, EPI_ISL_6407052, EPI_ISL_6410434"
22198,GAAACAGCA,9,70,S,212,ETA,3.6,BA.2,100.0,1,USA,94.3,5,23,26,24.6,64.5,69,98.6,"28--Centers for Disease Control and Prevention, Division of Viral Diseases, Pathogen Discovery
5--Aegis Sciences Corporation
4--Minnesota Department of Health, Public Health Laboratory
4--Houston Methodist Hospital
2--Helix
2--Utah Public Health Laboratory
2--Andersen Lab at The Scripps Research Institute
2--Wisconsin State Laboratory of Hygiene Communicable Disease Division
2--Tewhey Lab, The Jackson Laboratory
2--City of Milwaukee Health Department Laboratory
2--US Air Force School of Aerospace Medicine
1--Infectious Disease Program, Broad Institute of Harvard and MIT
1--The City of Milwaukee Health Department
1--University of Wisconsin, School of Veterinary Medicine, Department of Pathobiological Sciences
1--State Laboratories Division, Hawaii State Department of Health
1--Research Institute for Tropical Medicine
1--TIEHH Bioterrorism Response Laboratory
1--Lauring Lab, University of Michigan, Department of Microbiology and Immunology
1--Baylor College of Medicine
1--University of Texas Medical Group Pathology, LLC
1--Oregon State Public Health Laboratory
1--Statens Serum Institut Bioinformatics and Microbial Genomics
1--B.C. Centre for Disease Control Public Health Laboratory
1--Santa Clara County Public Health Laboratory
1--Illinois Department of Public Health - Springfield Lab
1--Stanford University School of Medicine, Clinical Virology Laboratory","13--Quest Diagnostics Incorporated
7--Helix
7--Laboratory Corporation of America
5--Aegis Sciences Corporation
4--Houston Methodist Hospital
3--INFINITY BIOLOGIX
2--Utah Public Health Laboratory
2--Kaiser Permanente Southern California
2--EXCITE Lab
2--Wisconsin State Laboratory of Hygiene Communicable Disease Division
2--Maine Health and Environmental Testing Laboratory
2--US Air Force School of Aerospace Medicine
1--The City of Milwaukee Health Department
1--University of Wisconsin, School of Veterinary Medicine, Department of Pathobiological Sciences
1--Stanford Health Care
1--Accelerated Clinical Labs
1--British Columbia Centre For Disease Control
1--State Laboratories Division, Hawaii State Department of Health
1--TIEHH Bioterrorism Response Laboratory
1--Santa Clara Valley Medical Center
1--Baylor College of Medicine
1--University of Texas Medical Group Pathology, LLC
1--OR State PHL-Virology/Immunology Section
1--Oregon State Public Health Laboratory
1--Broad Institute Clinical Research Sequencing Platform
1--AL MOLECULAR DIAGNOSTIC LABORATORY
1--Summit Clinical Laboratories, Llc
1--IVY4 Central Lab, Vanderbilt University Medical Center
1--ESSENTIA HEALTH ST MARYS MEDICAL CENTER
1--Illinois Department of Public Health - Springfield Lab
1--Department of Bacteria, Parasites and Fungi, Statens Serum Institut, Copenhagen, Denmark","EPI_ISL_12274684, EPI_ISL_12296575, EPI_ISL_12444665, EPI_ISL_12487910, EPI_ISL_12500496, EPI_ISL_12594119, EPI_ISL_12654500, EPI_ISL_12714326, EPI_ISL_12744930, EPI_ISL_12746538, EPI_ISL_12768022, EPI_ISL_12845812, EPI_ISL_12845813, EPI_ISL_12888098, EPI_ISL_12905830, EPI_ISL_12911891, EPI_ISL_12928020, EPI_ISL_12961926, EPI_ISL_13038427, EPI_ISL_13047674, EPI_ISL_13054086, EPI_ISL_13057272, EPI_ISL_13057679, EPI_ISL_13060912, EPI_ISL_13063369, EPI_ISL_13063569, EPI_ISL_13070678, EPI_ISL_13077578, EPI_ISL_13079368, EPI_ISL_13079484, EPI_ISL_13082482, EPI_ISL_13117118, EPI_ISL_13121033, EPI_ISL_13152527, EPI_ISL_13153109, EPI_ISL_13153854, EPI_ISL_13164855, EPI_ISL_13168900, EPI_ISL_13188905, EPI_ISL_13269874, EPI_ISL_13270213, EPI_ISL_13291028, EPI_ISL_13319323, EPI_ISL_13333274, EPI_ISL_13336845, EPI_ISL_13432827, EPI_ISL_13449669, EPI_ISL_13481432, EPI_ISL_13485359, EPI_ISL_13486137, EPI_ISL_13525191, EPI_ISL_13579280, EPI_ISL_13646970, EPI_ISL_13654086, EPI_ISL_13654800, EPI_ISL_13778925, EPI_ISL_13971775, EPI_ISL_14104374, EPI_ISL_14271945, EPI_ISL_14271946, EPI_ISL_14786720, EPI_ISL_15003043, EPI_ISL_15047549, EPI_ISL_15145286, EPI_ISL_15503962, EPI_ISL_15622506, EPI_ISL_15848699, EPI_ISL_16102351, EPI_ISL_20048895, EPI_ISL_20101865"
22204,GATGGAGGA,9,5,S,214,DGG,1.8,AY.25,100.0,1,USA,80.0,2,3,3,12.5,12.5,4,80.0,"3--Centers for Disease Control and Prevention, Division of Viral Diseases, Pathogen Discovery
1--NJ_PHEL
1--Wellcome Sanger Institute","2--Mako Medical
1--NJDOH, Public Health and Environmental Laboratories
1--Lighthouse Lab in Milton Keynes
1--Fulgent Genetics","EPI_ISL_7572848, EPI_ISL_7671084, EPI_ISL_8310522, EPI_ISL_8310530, EPI_ISL_8318330"
28159,GATCTCGGGG,10,3,ORF8,88,KIS,3.0,XBB.1.5,100.0,1,USA,100.0,1,2,2,100.0,100.0,2,66.7,"2--Centers for Disease Control and Prevention, Division of Viral Diseases, Pathogen Discovery
1--Lauring Lab, University of Michigan, Department of Microbiology and Immunology","1--IVY5 Central Lab, Vanderbilt University Medical Center
1--Laboratory Corporation of America
1--Quest Diagnostics Incorporated","EPI_ISL_17259689, EPI_ISL_17853353, EPI_ISL_17855376"
28032,CAGAGG,6,6,ORF8,46,TE,8.8,BQ.1.1,100.0,1,France,66.7,3,5,5,100.0,100.0,6,100.0,"2--Centre National de Reference des Virus des Infections Respiratoires
1--KU Leuven, Rega Institute, Clinical and Epidemiological Virology
1--CNR Virus des Infections Respiratoires, France SUD, GenEPII Plateform
1--Centre National de Reference Virus des Infections Respiratoires
1--AGES IMED Vienna","1--Hopital
1--LABORATOIRE MAYMAT
1--KU Leuven, Rega Institute, Clinical and Epidemiological Virology
1--Covid Fighters
1--Labo Analyses Med
1--CNR Virus des Infections Respiratoires, France SUD","EPI_ISL_16514433, EPI_ISL_16831660, EPI_ISL_17080431, EPI_ISL_17272932, EPI_ISL_17300181, EPI_ISL_19845067"
26152,AACAGGCCACAAAT,14,3,ORF3a,253,EQAT,68.3,B.1.609,100.0,1,USA,66.7,2,2,2,75.0,75.0,3,100.0,"2--Andersen Lab at The Scripps Research Institute
1--California Department of Public Health","1--Centro de Diagnostico COVID-19 UABC Tijuana
1--San Diego County Public Health Laboratory
1--California Department of Public Health Valencia Branch Laboratory","EPI_ISL_2329100, EPI_ISL_2712815, EPI_ISL_14610766"
22301,CCCTGCGCGCGG,12,9,S,246,TLRA,0.9,BQ.1.1,100.0,1,USA,100.0,1,3,3,90.0,90.0,9,100.0,"7--Centers for Disease Control and Prevention, Division of Viral Diseases, Pathogen Discovery
1--Centers for Disease Control and Prevention, Respiratory Viruses Branch
1--Maryland Public Health Laboratory","4--Laboratory Corporation of America
2--Quest Diagnostics Incorporated
1--Helix
1--Centers for Disease Control and Prevention, Respiratory Viruses Branch
1--Maryland Public Health Laboratory","EPI_ISL_16361857, EPI_ISL_16386869, EPI_ISL_16654869, EPI_ISL_16654870, EPI_ISL_16664072, EPI_ISL_16668857, EPI_ISL_16764735, EPI_ISL_16823710, EPI_ISL_17530952"
11305,AATCCTCGG,9,2,ORF1a,3680,NPR,0.0,BA.2.56,100.0,1,Belgium,100.0,1,2,2,66.7,66.7,2,100.0,"1--Microbiology Department - University Hospital Brussel
1--UCLouvain/IREC/MBLG-CTMA","1--Microbiology Department - University Hospital Brussel
1--Cliniques universitaires Saint-Luc","EPI_ISL_12904434, EPI_ISL_13204419"
22304,CCGAGCCGG,9,12,S,247,SEP,5.1,BA.2,100.0,1,Australia,66.7,5,5,5,100.0,100.0,7,58.3,"8--Schwessinger Lab
1--Research Institute for Tropical Medicine
1--Institute of Environmental Science and Research (ESR)
1--Tianjin Centers for Disease Control and Prevention
1--Statens Serum Institut Bioinformatics and Microbial Genomics","4--Capital Pathology
4--ACT Pathology
1--Waitemata
1--Tianjin Centers for Disease Control and Prevention
1--MARIKINA VALLEY MEDICAL CENTER
1--Department of Bacteria, Parasites and Fungi, Statens Serum Institut, Copenhagen, Denmark","EPI_ISL_12728154, EPI_ISL_13137098, EPI_ISL_13867427, EPI_ISL_14573346, EPI_ISL_14573357, EPI_ISL_14573376, EPI_ISL_14573394, EPI_ISL_14573395, EPI_ISL_14573396, EPI_ISL_14573397, EPI_ISL_14636838, EPI_ISL_16922429"
22104,GGCCTGGCT,9,7,S,181,AWL,7.5,B.1.525,100.0,1,USA,100.0,1,4,4,71.4,71.4,5,71.4,"4--Centers for Disease Control and Prevention, Division of Viral Diseases, Pathogen Discovery
1--CT Department of Public Health
1--Bushman Lab - University of Pennsylvania
1--Centers for Disease Control and Prevention, Respiratory Viruses Branch","3--Helix/Illumina
1--Hospital of the University of Pennsylvania Molecular Pathology Lab
1--CT Department of Public Health
1--Centers for Disease Control and Prevention, Respiratory Viruses Branch
1--Quest Diagnostics Incorporated","EPI_ISL_1621363, EPI_ISL_1735396, EPI_ISL_1738371, EPI_ISL_2010386, EPI_ISL_2248445, EPI_ISL_2500427, EPI_ISL_17533897"
27750,ATGGCGGAG,9,2,ORF7a,119,MAE,13.3,AY.122,100.0,1,USA,100.0,1,2,2,100.0,100.0,2,100.0,"1--Centers for Disease Control and Prevention, Division of Viral Diseases, Pathogen Discovery
1--TGen North","1--Quest Diagnostics Incorporated
1--TGen North","EPI_ISL_8406738, EPI_ISL_9041017"
23602,CACGGGGCG,9,2,S,680,HGA,56.3,XEC,100.0,1,Spain|France,50.0,2,2,2,100.0,100.0,2,100.0,"1--Centre National de Reference des Virus des Infections Respiratoires
1--Hospital Universitari Vall d'Hebron - Vall d'Hebron Institut de Recerca","1--Hospital Universitari Vall d'Hebron - Vall d'Hebron Institut de Recerca
1--UNILIANS BIOGROUP-LABORATOIRE DE LA SAUVEGARDE","EPI_ISL_19731553, EPI_ISL_19736481"
22321,CACGGA,6,4,S,253,HG,41.7,AY.3|AY.3.2,50.0,2,USA,100.0,1,2,2,100.0,200.0,4,100.0,"3--California Department of Public Health
1--Andersen Lab at The Scripps Research Institute","3--California Department of Public Health Valencia Branch Laboratory
1--Sharp HealthCare Laboratory","EPI_ISL_4519380, EPI_ISL_5263216, EPI_ISL_5321515, EPI_ISL_5444346"
22304,TACCTGGCG,9,6,S,247,LPG,4.8,BA.2,100.0,1,Brazil,83.3,2,2,3,75.0,75.0,6,100.0,"4--DASA
1--Instituto de Medicina Tropical de Sao Paulo
1--Utah Public Health Laboratory","4--DASA
1--DB Diagnosticos do Brasil
1--Utah Public Health Laboratory","EPI_ISL_12930348, EPI_ISL_12930355, EPI_ISL_12930460, EPI_ISL_13273085, EPI_ISL_13523545, EPI_ISL_17353936"
27363,AGCATAAAGAACTTT,15,8,ORF6,54,SIKNF,2.8,BA.1.15,100.0,1,USA,100.0,1,3,3,71.4,71.4,5,62.5,"6--Centers for Disease Control and Prevention, Division of Viral Diseases, Pathogen Discovery
1--Arizona State University
1--Colorado Department of Public Health and Environment","5--Mako Medical
1--Arizona State University
1--Colorado Department of Public Health and Environment
1--Quest Diagnostics Incorporated","EPI_ISL_8953446, EPI_ISL_9978545, EPI_ISL_10102404, EPI_ISL_10776222, EPI_ISL_10776765, EPI_ISL_10905811, EPI_ISL_10997926, EPI_ISL_11536766"
11547,CCCCGGAGG,9,5,ORF1a,3760,IPG,0.0,BQ.1,100.0,1,USA,100.0,1,3,3,100.0,100.0,3,60.0,"3--Laboratory Medicine and Pathology, University of Washington
1--Centers for Disease Control and Prevention, Division of Viral Diseases, Pathogen Discovery
1--UW Virology Lab","3--Laboratory Medicine and Pathology, University of Washington
1--UW Virology Lab
1--Laboratory Corporation of America","EPI_ISL_16193782, EPI_ISL_16380522, EPI_ISL_17578823, EPI_ISL_17579066, EPI_ISL_17580279"
22196,TCATGGCGGAGC,12,71,S,211,FMAE,5.6,BA.2.3,97.2,2,USA,93.0,4,15,18,76.4,6800.0,68,95.8,"44--Centers for Disease Control and Prevention, Division of Viral Diseases, Pathogen Discovery
5--Infectious Disease Program, Broad Institute of Harvard and MIT
3--Karolinska University Hospital
3--Florida Bureau of Public Health Laboratories
2--Helix
2--Aegis Sciences Corporation
1--Wellcome Sanger Institute
1--South Dakota Public Health Laboratory
1--Utah Public Health Laboratory
1--Andersen Lab at The Scripps Research Institute
1--GA Department of Public Health
1--Washington State Department of Health Public Health Laboratories
1--Departments of Pathology and Medicine, New York University School of Medicine
1--Center for Global Health, University of New Mexico Health Sciences Center
1--Public Health Ontario
1--Santa Clara County Public Health Laboratory
1--RIPHL at Rush University Medical Center
1--New Mexico Department of Health Scientific Laboratory","18--Quest Diagnostics Incorporated
11--Laboratory Corporation of America
8--Helix
5--Aegis Sciences Corporation
5--Broad Institute Clinical Research Sequencing Platform
3--Karolinska University Hospital Huddinge
3--Florida Bureau of Public Health Laboratories
3--Mako Medical
2--Kaiser Permanente Southern California
1--Rosalind Franklin Laboratory
1--TriCore Reference Laboratory Inc.
1--South Dakota Public Health Laboratory
1--NYU Langone Health
1--Utah Public Health Laboratory
1--RI State Health Laboratories
1--Santa Clara Valley Medical Center
1--EXCITE Lab
1--GA Department of Public Health
1--University of New Mexico Hospital
1--University of Chicago Medicine
1--Public Health Ontario Laboratory
1--Atlas Genomics","EPI_ISL_11386463, EPI_ISL_11687559, EPI_ISL_11758392, EPI_ISL_11762677, EPI_ISL_11842857, EPI_ISL_11843417, EPI_ISL_11897711, EPI_ISL_11904029, EPI_ISL_11953002, EPI_ISL_12047149, EPI_ISL_12047592, EPI_ISL_12049763, EPI_ISL_12061457, EPI_ISL_12080675, EPI_ISL_12081222, EPI_ISL_12111463, EPI_ISL_12148625, EPI_ISL_12149185, EPI_ISL_12149223, EPI_ISL_12166867, EPI_ISL_12181529, EPI_ISL_12181569, EPI_ISL_12264628, EPI_ISL_12272239, EPI_ISL_12272611, EPI_ISL_12273819, EPI_ISL_12330508, EPI_ISL_12487655, EPI_ISL_12487990, EPI_ISL_12502446, EPI_ISL_12505421, EPI_ISL_12507904, EPI_ISL_12507969, EPI_ISL_12516556, EPI_ISL_12564592, EPI_ISL_12594997, EPI_ISL_12600867, EPI_ISL_12605539, EPI_ISL_12620916, EPI_ISL_12640326, EPI_ISL_12640735, EPI_ISL_12641238, EPI_ISL_12646145, EPI_ISL_12691874, EPI_ISL_12711381, EPI_ISL_12711615, EPI_ISL_12758579, EPI_ISL_12758763, EPI_ISL_12833510, EPI_ISL_12833591, EPI_ISL_12867345, EPI_ISL_12884165, EPI_ISL_12886861, EPI_ISL_12909688, EPI_ISL_12959069, EPI_ISL_12974913, EPI_ISL_13033178, EPI_ISL_13033179, EPI_ISL_13033292, EPI_ISL_13100762, EPI_ISL_13115871, EPI_ISL_13116116, EPI_ISL_13131161, EPI_ISL_13315611, EPI_ISL_13371730, EPI_ISL_13462836, EPI_ISL_13811558, EPI_ISL_13995202, EPI_ISL_14983989, EPI_ISL_14999264, EPI_ISL_15140257"
28026,GCACAGTCGA,10,2,ORF8,44,CTV,3.0,KP.2.3,100.0,1,USA,100.0,1,2,2,100.0,100.0,2,100.0,"1--Regional Innovative Public Health Laboratory (RIPHL) at Rush University Medical Center
1--Sonoma County Public Health Laboratory","1--Sutter Santa Rosa Regional Hospital Laboratory
1--Rush University Medical Center","EPI_ISL_19392957, EPI_ISL_19437368"
27298,CAATTATTTTGG,12,5,ORF6,32,TIIL,0.2,B.1.1.7,100.0,1,Scotland,100.0,1,2,2,62.5,62.5,5,100.0,"4--Wellcome Sanger Institute
1--COVID-19 Genomics UK (COG-UK) Consortium","4--Lighthouse Lab in Glasgow
1--Virology Department, Royal Infirmary of Edinburgh, NHS Lothian / School of Biological Sciences, University of Edinburgh","EPI_ISL_1103106, EPI_ISL_1103136, EPI_ISL_1103154, EPI_ISL_1103220, EPI_ISL_1247705"
27579,ATGTCTGATAA,11,3,ORF7a,62,MSD,1.3,BA.2,100.0,1,England,66.7,2,2,2,100.0,100.0,2,66.7,"2--Wellcome Sanger Institute
1--COVID-19 Genomics UK (COG-UK) Consortium","2--Integrated Covid Hub North East
1--Virology Department, Royal Infirmary of Edinburgh, NHS Lothian / School of Biological Sciences, University of Edinburgh","EPI_ISL_10549908, EPI_ISL_11281756, EPI_ISL_12439042"
27408,TCCAGCGG,8,126,ORF7a,5,SS,63.5,AY.4,100.0,1,England,84.9,8,10,10,92.6,92.6,87,69.0,"96--Wellcome Sanger Institute
16--COVID-19 Genomics UK (COG-UK) Consortium
3--Clinical Bioinformatics Area, Fundación Progreso y Salud
2--Wojewodzka Stacja Sanitarno-Epidemiologiczna w Lodzi, Oddzial Laboratoryjny Mikrobiologii i Parazytologii
2--Microbiology Department, Complexo Hospitalario Universitario de Vigo
2--Public Health Wales Microbiology Cardiff Wales Specialist Virology Centre
2--Servicio Microbiología H.U. Dr. Negrín
1--CQRC_QUALITY CONTROL CHEMICAL BIOLOGICAL RISK_AOOR Villa Sofia Cervello Palermo
1--Hospital General Universitario de Ciudad Real
1--Instituto Nacional de Saude (INSA)","31--Lighthouse Lab in Milton Keynes
24--Lighthouse Lab in Glasgow
23--Integrated Covid Hub North East
15--Lighthouse Lab in Alderley Park
6--Northumbria University / South Tees Hospitals NHS Foundation Trust / North Cumbria Integrated Care NHS Foundation Trust / North Tees and Hartlepool NHS Foundation Trust / Newcastle Hospitals NHS Foundation Trust
4--Respiratory Virus Unit, Microbiology Services Colindale, Public Health England
3--West of Scotland Specialist Virology Centre, NHSGGC / MRC-University of Glasgow Centre for Virus Research
3--Servicio de Microbiologia, Complejo Hospitalario de Jaen, Jaen, Spain
3--Health Services Laboratories
3--Quadram Institute Bioscience
2--Originating lab: Wales Specialist Virology Centre Sequencing lab: Pathogen Genomics Unit
2--Servicio Microbiología H.U. Dr. Negrín
2--Microbiology Department. Complexo Hospitalario Universitario de Vigo
1--Centrum Medycyny Klinicznej dr. n.med. Karol Majewski
1--UNILABS
1--Hospital Santa Bárbara
1--Laboratorio CQRC
1--Krotoszyn","EPI_ISL_3366245, EPI_ISL_3438322, EPI_ISL_3455348, EPI_ISL_3469263, EPI_ISL_3470252, EPI_ISL_3562298, EPI_ISL_3563849, EPI_ISL_3642190, EPI_ISL_3766772, EPI_ISL_3766801, EPI_ISL_3771948, EPI_ISL_3772824, EPI_ISL_3837581, EPI_ISL_3955016, EPI_ISL_3968089, EPI_ISL_3968622, EPI_ISL_4018173, EPI_ISL_4065229, EPI_ISL_4066360, EPI_ISL_4088326, EPI_ISL_4089837, EPI_ISL_4098579, EPI_ISL_4099284, EPI_ISL_4099288, EPI_ISL_4100234, EPI_ISL_4101341, EPI_ISL_4101346, EPI_ISL_4129029, EPI_ISL_4129721, EPI_ISL_4133604, EPI_ISL_4136101, EPI_ISL_4189496, EPI_ISL_4191825, EPI_ISL_4264719, EPI_ISL_4290692, EPI_ISL_4305569, EPI_ISL_4327406, EPI_ISL_4329534, EPI_ISL_4352785, EPI_ISL_4353644, EPI_ISL_4354552, EPI_ISL_4407718, EPI_ISL_4452896, EPI_ISL_4499344, EPI_ISL_4500903, EPI_ISL_4502526, EPI_ISL_4502580, EPI_ISL_4502692, EPI_ISL_4527004, EPI_ISL_4528839, EPI_ISL_4588035, EPI_ISL_4593137, EPI_ISL_4623700, EPI_ISL_4733971, EPI_ISL_4755652, EPI_ISL_4768739, EPI_ISL_4768778, EPI_ISL_4769919, EPI_ISL_4771126, EPI_ISL_4850981, EPI_ISL_4852229, EPI_ISL_4853351, EPI_ISL_4855801, EPI_ISL_4867341, EPI_ISL_4872258, EPI_ISL_4897074, EPI_ISL_4976436, EPI_ISL_5023778, EPI_ISL_5024513, EPI_ISL_5024651, EPI_ISL_5027343, EPI_ISL_5027615, EPI_ISL_5040517, EPI_ISL_5128942, EPI_ISL_5131179, EPI_ISL_5274625, EPI_ISL_5350316, EPI_ISL_5486326, EPI_ISL_5527646, EPI_ISL_5788803, EPI_ISL_5805904, EPI_ISL_5811798, EPI_ISL_5840037, EPI_ISL_5854199, EPI_ISL_5968091, EPI_ISL_6005900, EPI_ISL_6038262, EPI_ISL_6106176, EPI_ISL_6109817, EPI_ISL_6110287, EPI_ISL_6150160, EPI_ISL_6221586, EPI_ISL_6221669, EPI_ISL_6221758, EPI_ISL_6221930, EPI_ISL_6302209, EPI_ISL_6553889, EPI_ISL_6578681, EPI_ISL_6622489, EPI_ISL_6834972, EPI_ISL_6921671, EPI_ISL_7025291, EPI_ISL_7030275, EPI_ISL_7183342, EPI_ISL_7304527, EPI_ISL_7395083, EPI_ISL_7404424, EPI_ISL_7451107, EPI_ISL_7484422, EPI_ISL_7484439, EPI_ISL_7509968, EPI_ISL_7512285, EPI_ISL_7562449, EPI_ISL_7562512, EPI_ISL_7587337, EPI_ISL_7764524, EPI_ISL_7779426, EPI_ISL_8193712, EPI_ISL_8208555, EPI_ISL_8338632, EPI_ISL_8782630, EPI_ISL_16125602, EPI_ISL_16125674, EPI_ISL_16177659, EPI_ISL_16215627, EPI_ISL_16215711"
27407,CTCCAAGGG,9,9,ORF7a,5,SKG,0.1,EG.5.1.8,100.0,1,Japan,88.9,2,5,5,0.0,100.0,5,55.6,"5--Division of Virology and Zoology, Chiba Prefectural Institute of Public Health
1--Ibaraki Prefectural Institute of Public Health
1--Santa Clara County Public Health Laboratory
1--Gunma Prefectural Institute of Public Health and Environmental Sciences
1--Kawaguchi City Health Center","5--Chiba Prefectural Institute of Public Health
1--Ibaraki Prefectural Institute of Public Health
1--Santa Clara Valley Medical Center
1--Gunma Prefectural Institute of Public Health and Environmental Sciences
1--Kawaguchi City Health Center","EPI_ISL_18383966, EPI_ISL_18390882, EPI_ISL_18390905, EPI_ISL_18399056, EPI_ISL_18520976, EPI_ISL_18520977, EPI_ISL_18520983, EPI_ISL_18796956, EPI_ISL_19039105"
22198,ACTGGTAATACACTA,15,57,S,211,LTGNT,4.1,BA.2,100.0,1,France,40.4,10,18,18,49.6,55.4,56,98.2,"12--CNR Virus des Infections Respiratoires - France SUD
10--Wellcome Sanger Institute
10--Robert Koch Institute
4--Laborizon Centre
4--Norwegian Institute of Public Health, Department of Virology
3--Centers for Disease Control and Prevention, Division of Viral Diseases, Pathogen Discovery
3--Gen-Bio Inovie Gravanches
1--COVID-19 Genomics UK (COG-UK) Consortium
1--CHU Purpan - Laboratoire de Virologie - Institut Fédératif de Biologie
1--Hrvatski zavod za javno zdravstvo
1--Pathogen Genomics Lab, National Institute for Biomedical Research (INRB)
1--Institute for Medical Research, Infectious Disease Research Centre, National Institutes of Health, Ministry of Health Malaysia
1--Laboratoire Cerba
1--Centre Hospitalier Universitaire (CHU) Rouen
1--National Institute for Public Health and the Environment (RIVM)
1--RIPHL at Rush University Medical Center
1--Himeji City Institute of Environment and Health
1--CHU Clermont-Ferrand, service de virologie","5--Rosalind Franklin Laboratory
5--MIRIALIS CLUSES BECHET
3--Aegis Sciences Corporation
3--Oslo University Hospital, Department of Microbiology
2--Labor Mönchengladbach  MVZ Dr. Stein + Kollegen GbR
2--MVZ Labor Dr. Limbach & Kollegen GbR
2--LABORATOIRE NOVELAB
2--Lighthouse Lab in Alderley Park
2--Limbach - MVZ Clotten Labor Freiburg  Labor Dr. Haas Dr. Raif & Kollegen GbR
2--Lighthouse Lab in Glasgow
1--Berkshire and Surrey Pathology Services Lighthouse Laboratory
1--Alverno Labs
1--CHU Purpan - Laboratoire de Virologie - Institut Federatif de Biologie
1--Vestfold Hospital, Toensberg, Department of Microbiology
1--HOPITAL DE VICHY
1--CNR Virus des Infections Respiratoires - France SUD
1--MVZ Dr. Eberhard & Partner Dortmund
1--Limbach - MVZ Labor Dr. Volkmann & Kollegen
1--Respiratory Virus Unit, Microbiology Services Colindale, Public Health England
1--Axbio - St Jean Pied De Port
1--B3BS POST U ET ONCOGERIATRIE
1--Cerballiance Rhone Alpes
1--""Klinika za infektivne bolesti """"Dr. Fran Mihaljević""""""
1--Cbm (K)- Muret Plt Technique
1--Centre Hospitalier Universitaire De Rouen Laboratoire De Virologie
1--TENGKU AMPUAN RAHIMAH HOSPITAL
1--CENTRE HOSPITALIER PIERRE OUDOT
1--Biogroup Laboratoire Meylan
1--Laboratoire Rodolphe Mérieux (INRB Goma)
1--Sonic - Bioscientia - MVZ Labor Saar GmbH
1--Biogroup Laboratoire Gravière
1--Biomedica - Bagneres
1--Biogroup Laboratoire Molsheim
1--UMC Utrecht
1--LABORATOIRE FORTE BIO DAX
1--Bartenheim
1--Bioscientia Labor Wermsdorf
1--Himeji City Institute of Environment and Health
1--CENTRE HOSPITALIER DE BOURG EN BRESSE","EPI_ISL_11215824, EPI_ISL_11335552, EPI_ISL_11337113, EPI_ISL_11428342, EPI_ISL_11428409, EPI_ISL_11432951, EPI_ISL_11509725, EPI_ISL_11545326, EPI_ISL_11621168, EPI_ISL_11621169, EPI_ISL_11621170, EPI_ISL_12024049, EPI_ISL_12186933, EPI_ISL_12320167, EPI_ISL_12366580, EPI_ISL_12396876, EPI_ISL_12522017, EPI_ISL_12602742, EPI_ISL_12671226, EPI_ISL_12698893, EPI_ISL_12698902, EPI_ISL_12699246, EPI_ISL_12736368, EPI_ISL_12739276, EPI_ISL_12754537, EPI_ISL_12755235, EPI_ISL_12755244, EPI_ISL_12755265, EPI_ISL_12862571, EPI_ISL_12862624, EPI_ISL_12862931, EPI_ISL_12983054, EPI_ISL_12983095, EPI_ISL_13004474, EPI_ISL_13028405, EPI_ISL_13038051, EPI_ISL_13136941, EPI_ISL_13140448, EPI_ISL_13150106, EPI_ISL_13176344, EPI_ISL_13176823, EPI_ISL_13177083, EPI_ISL_13181030, EPI_ISL_13182739, EPI_ISL_13188817, EPI_ISL_13442526, EPI_ISL_13491324, EPI_ISL_13569863, EPI_ISL_13580594, EPI_ISL_13631788, EPI_ISL_14135471, EPI_ISL_14194570, EPI_ISL_14367381, EPI_ISL_15056020, EPI_ISL_15217135, EPI_ISL_18018669, EPI_ISL_20122363"
20485,GTCCTGGGG,9,3,ORF1b,2339,SPG,0.0,B.1.1.7,100.0,1,USA,100.0,1,3,3,75.0,75.0,3,100.0,"1--Centers for Disease Control and Prevention, Division of Viral Diseases, Pathogen Discovery
1--University of Minnesota Genomics Center
1--Minnesota Department of Health, Public Health Laboratory","1--Infinity Biologix
1--Minnesota Department of Health, Public Health Laboratory
1--Public Health Laboratory, Minnesota Department of Health","EPI_ISL_2092767, EPI_ISL_2283470, EPI_ISL_2698332"
22303,TTGCAGGGTAATTCT,15,66,S,246,SLQGN,0.2,FY.6.2,100.0,1,Japan,90.9,4,30,30,0.1,0.1,0,0.1,"13--Yamaguchi Prefectural Institute of Public Health and Environment
4--State Laboratories Division, Hawaii State Department of Health
4--Pathogen Genomics Center, National Institute of Infectious Diseases
4--Saitama Institute of Public Health
3--Tokyo Metropolitan Institute of Public Health
3--Shiga Prefectural Institute of Public Health
3--Division of Virology and Zoology, Chiba Prefectural Institute of Public Health
2--Department of Infectious Diseases, Kobe Institute of Health
2--Fukuoka City Institute of Health and Environment
2--Gunma Prefectural Institute of Public Health and Environmental Sciences
2--Fukuoka Institute of Health and Environmental Sciences
2--Utsunomiya City Institute of Public Health and Environment
2--Niigata Prefectural Institute of Public Health and Environmental Sciences
2--Miyazaki Prefectural Institute for Public Health and Environment
2--Hyogo Prefectural Institute of Public Health science
2--Himeji City Institute of Environment and Health
1--The Public Health Agency of Sweden
1--Ibaraki Prefectural Institute of Public Health
1--Division of Microbiology, Osaka Institute of Public Health
1--Fukushima Prefectural Institute of Public Health
1--Kagoshima Prefectural Institute for Environmental Research and Public Health
1--Tottori Prefectural Institute of Public Health and Environmental Science
1--Kanagawa Prefectural Institute of Public Health
1--Department of Laboratory Medicine, Shinshu University Hospital
1--Kawasaki City Institute for Public Health
1--Public Health Ontario
1--Department of Microbiology, Tochigi Prefectural Institute of Public Health and Environmental Science
1--Miyagi Prefectural Institute of Public Health and Environment
1--Sapporo City Institute of Public Health
1--Mie Prefecture Health and Environment Research Institute","13--Yamaguchi Prefectural Institute of Public Health and Environment
4--State Laboratories Division, Hawaii State Department of Health
4--Pathogen Genomics Center, National Institute of Infectious Diseases
4--Saitama Institute of Public Health
3--Tokyo Metropolitan Institute of Public Health
3--Chiba Prefectural Institute of Public Health
3--Shiga Prefectural Institute of Public Health
2--Department of Infectious Diseases, Kobe Institute of Health
2--Fukuoka City Institute of Health and Environment
2--Gunma Prefectural Institute of Public Health and Environmental Sciences
2--Fukuoka Institute of Health and Environmental Sciences
2--Utsunomiya City Institute of Public Health and Environment
2--Niigata Prefectural Institute of Public Health and Environmental Sciences
2--Miyazaki Prefectural Institute for Public Health and Environment
2--Hyogo Prefectural Institute of Public Health science
2--Himeji City Institute of Environment and Health
1--The Public Health Agency of Sweden
1--Ibaraki Prefectural Institute of Public Health
1--Division of Microbiology, Osaka Institute of Public Health
1--Fukushima Prefectural Institute of Public Health
1--Kagoshima Prefectural Institute for Environmental Research and Public Health
1--Tottori Prefectural Institute of Public Health and Environmental Science
1--Kanagawa Prefectural Institute of Public Health
1--Department of Laboratory Medicine, Shinshu University Hospital
1--Kawasaki City Institute for Public Health
1--Department of Microbiology, Tochigi Prefectural Institute of Public Health and Environmental Science
1--Miyagi Prefectural Institute of Public Health and Environment
1--Public Health Ontario Laboratory
1--Sapporo City Institute of Public Health
1--Mie Prefecture Health and Environment Research Institute","EPI_ISL_18040442, EPI_ISL_18082406, EPI_ISL_18097510, EPI_ISL_18100685, EPI_ISL_18116240, EPI_ISL_18127621, EPI_ISL_18140891, EPI_ISL_18165035, EPI_ISL_18208040, EPI_ISL_18208955, EPI_ISL_18233414, EPI_ISL_18233415, EPI_ISL_18233416, EPI_ISL_18233417, EPI_ISL_18233422, EPI_ISL_18233423, EPI_ISL_18233426, EPI_ISL_18233442, EPI_ISL_18233443, EPI_ISL_18233450, EPI_ISL_18233454, EPI_ISL_18233455, EPI_ISL_18235943, EPI_ISL_18235955, EPI_ISL_18237246, EPI_ISL_18242992, EPI_ISL_18243109, EPI_ISL_18278036, EPI_ISL_18285188, EPI_ISL_18313408, EPI_ISL_18324960, EPI_ISL_18331088, EPI_ISL_18337423, EPI_ISL_18346693, EPI_ISL_18354885, EPI_ISL_18367687, EPI_ISL_18383957, EPI_ISL_18383988, EPI_ISL_18384704, EPI_ISL_18385257, EPI_ISL_18385265, EPI_ISL_18390788, EPI_ISL_18390809, EPI_ISL_18390891, EPI_ISL_18402515, EPI_ISL_18402524, EPI_ISL_18402582, EPI_ISL_18412305, EPI_ISL_18412308, EPI_ISL_18418097, EPI_ISL_18434573, EPI_ISL_18434857, EPI_ISL_18457314, EPI_ISL_18529527, EPI_ISL_18529528, EPI_ISL_18549578, EPI_ISL_18570622, EPI_ISL_18609800, EPI_ISL_18632761, EPI_ISL_18651772, EPI_ISL_18651773, EPI_ISL_18843655, EPI_ISL_19017182, EPI_ISL_19017183, EPI_ISL_19039332, EPI_ISL_19110437"
25520,GGGAAC,6,23,ORF3a,42,LG,2.0,AY.100,91.3,2,USA,91.3,2,6,6,44.4,45.5,20,87.0,"17--Centers for Disease Control and Prevention, Division of Viral Diseases, Pathogen Discovery
2--Public Health Ontario
1--Lauring Lab, University of Michigan, Department of Microbiology and Immunology
1--California Department of Public Health (CDPH) - VRDL COVID Sequencing Hub
1--California Department of Public Health
1--Mathers Lab","10--Aegis Sciences Corporation
2--Helix
2--Public Health Ontario Laboratory
2--Laboratory Corporation of America
2--Quest Diagnostics Incorporated
1--MI - Michigan Department of Health and Human Services - Bureau of Laboratories
1--UVA Clinical Microbiology Lab
1--San Mateo CHD
1--California Department of Public Health Valencia Branch Laboratory
1--University of Michigan Clinical Microbiology Laboratory","EPI_ISL_4339574, EPI_ISL_4389215, EPI_ISL_4409430, EPI_ISL_4409967, EPI_ISL_4540939, EPI_ISL_4980073, EPI_ISL_5320653, EPI_ISL_5929689, EPI_ISL_6163876, EPI_ISL_6414384, EPI_ISL_6418965, EPI_ISL_6514969, EPI_ISL_6525681, EPI_ISL_6537621, EPI_ISL_6632575, EPI_ISL_6632579, EPI_ISL_6787404, EPI_ISL_6788169, EPI_ISL_6906121, EPI_ISL_8732930, EPI_ISL_11972077, EPI_ISL_14262699, EPI_ISL_14963559"
22198,AATTTAACAATA,12,3,S,212,NLTI,0.8,BA.5.2.62,100.0,1,USA,66.7,2,2,2,100.0,100.0,2,66.7,"2--California Department of Public Health
1--PHILIPPINE GENOME CENTER VISAYAS","2--Tidewater Physicians Multispecialty Group Regional Laboratory
1--Metro Iloilo Hospital And Medical Center","EPI_ISL_15628089, EPI_ISL_17151746, EPI_ISL_17151764"
11580,GATGGCGGT,9,3,ORF1a,3772,MAV,21.0,XBB.1.5.34,100.0,1,USA,100.0,1,2,2,100.0,100.0,2,66.7,"2--Alaska State Virology Laboratory
1--Institute of Arctic Biology, University of Alaska Fairbanks","2--Alaska State Virology Laboratory
1--Institute of Arctic Biology, University of Alaska Fairbanks","EPI_ISL_17651992, EPI_ISL_17651993, EPI_ISL_18205092"
2158,GCCGAGCGG,9,3,ORF1a,631,AER,0.7,AY.103,100.0,1,USA,100.0,1,2,2,100.0,100.0,3,100.0,"2--Centers for Disease Control and Prevention, Division of Viral Diseases, Pathogen Discovery
1--IN State Department of Health Laboratory Services","2--Laboratory Corporation of America
1--IN State Department of Health Laboratory Services","EPI_ISL_5332954, EPI_ISL_5873840, EPI_ISL_6389362"
25503,CTTCCCCGG,9,8,ORF3a,37,LPR,0.0,HK.3,100.0,1,South_Korea,87.5,2,2,2,88.9,88.9,8,100.0,"7--Division of Emerging Infectious Diseases, Bureau of Infectious Diseases Diagnosis Control, Korea Disease Control and Prevention Agency
1--Saitama City Institute of Health Science and Research","7--Division of Emerging Infectious Diseases, Bureau of Infectious Diseases Diagnosis Control, Korea Disease Control and Prevention Agency
1--Saitama City Institute of Health Science and Research","EPI_ISL_18507338, EPI_ISL_18565018, EPI_ISL_18565066, EPI_ISL_18565170, EPI_ISL_18597655, EPI_ISL_18687508, EPI_ISL_18711989, EPI_ISL_18792186"
22304,CAGCTGGGG,9,7,S,247,SAG,0.0,BA.2,100.0,1,Portugal,57.1,3,2,3,87.5,87.5,7,100.0,"4--Instituto Nacional de Saude Doutor Ricardo Jorge (INSA)
2--Clinical Microbiology Laboratory, Tel Aviv Sourasky Medical Center
1--COVID-19 Genomics UK (COG-UK) Consortium","2--Clinical Microbiology Laboratory, Tel Aviv Sourasky Medical Center
2--CHLC
1--Respiratory Virus Unit, Microbiology Services Colindale, Public Health England
1--ARS Algarve - Laboratorio Laura Ayres
1--H Santarem","EPI_ISL_12721083, EPI_ISL_12863587, EPI_ISL_12914417, EPI_ISL_12914482, EPI_ISL_13108695, EPI_ISL_13229420, EPI_ISL_13882274"
22303,TCAGTTGTGGAG,12,4,S,247,SVVE,2.3,BQ.1.10.1,100.0,1,France,50.0,3,4,4,0.1,6.3,3,75.0,"1--CNR Virus des Infections Respiratoires, France SUD, GenEPII Plateform
1--Centre National de Reference Virus des Infections Respiratoires
1--Robert Koch Institute
1--Laboratoire National de Santé Microbiology","1--Centre National de Reference Virus des Infections Respiratoires
1--Laboratoires Reunis
1--CNR Virus des Infections Respiratoires, France SUD
1--Clemenshospital - Alexianer Clemenshospital Münster","EPI_ISL_16886303, EPI_ISL_17036167, EPI_ISL_17781701, EPI_ISL_19845791"
27850,CTCAGAGACGG,11,131,ORF7b,32,SET,29.8,B.1.243,99.2,2,USA,100.0,1,6,6,100.0,100.0,78,59.5,"114--CZ Biohub
8--California Department of Public Health
5--Centers for Disease Control and Prevention, Division of Viral Diseases, Pathogen Discovery
2--DeRisi Lab, University of California, San Francisco
1--California Department of Public Health (CDPH) - VRDL COVID Sequencing Hub
1--Quest Diagnostics","113--Santa Clara County Public Health Laboratory
8--California Department of Public Health Valencia Branch Laboratory
3--Quest Diagnostics Incorporated
2--DeRisi Lab, University of California, San Francisco
1--San Mateo CHD
1--""""""CDPH, Viral and Rickettsial Disease Laboratory""""""
1--Alameda County Public Health Lab
1--Quest Diagnostics
1--Helix/Illumina","EPI_ISL_937121, EPI_ISL_1098807, EPI_ISL_1098813, EPI_ISL_2659201, EPI_ISL_2659214, EPI_ISL_2659219, EPI_ISL_2659221, EPI_ISL_2659222, EPI_ISL_2659225, EPI_ISL_2659236, EPI_ISL_2659237, EPI_ISL_2659238, EPI_ISL_2659239, EPI_ISL_2659242, EPI_ISL_2659243, EPI_ISL_2659246, EPI_ISL_2659248, EPI_ISL_2659253, EPI_ISL_2659254, EPI_ISL_2659256, EPI_ISL_2659261, EPI_ISL_2659269, EPI_ISL_2659274, EPI_ISL_2659275, EPI_ISL_2659284, EPI_ISL_2659285, EPI_ISL_2659286, EPI_ISL_2659288, EPI_ISL_2659290, EPI_ISL_2659301, EPI_ISL_2659314, EPI_ISL_2659326, EPI_ISL_2659329, EPI_ISL_2659335, EPI_ISL_2659345, EPI_ISL_2659350, EPI_ISL_2659351, EPI_ISL_2659352, EPI_ISL_2659354, EPI_ISL_2659366, EPI_ISL_2659374, EPI_ISL_2659375, EPI_ISL_2659376, EPI_ISL_2659378, EPI_ISL_2659381, EPI_ISL_2659382, EPI_ISL_2659389, EPI_ISL_2659391, EPI_ISL_2659395, EPI_ISL_2659399, EPI_ISL_2659401, EPI_ISL_2659410, EPI_ISL_2659413, EPI_ISL_2659422, EPI_ISL_2659425, EPI_ISL_2659427, EPI_ISL_2659429, EPI_ISL_2659431, EPI_ISL_2659432, EPI_ISL_2659435, EPI_ISL_2659437, EPI_ISL_2659439, EPI_ISL_2659440, EPI_ISL_2659441, EPI_ISL_2659442, EPI_ISL_2659443, EPI_ISL_2659447, EPI_ISL_2659448, EPI_ISL_2659451, EPI_ISL_2659458, EPI_ISL_2659463, EPI_ISL_2659466, EPI_ISL_2659479, EPI_ISL_2659489, EPI_ISL_2659496, EPI_ISL_2659498, EPI_ISL_2659499, EPI_ISL_2659506, EPI_ISL_2659510, EPI_ISL_2659512, EPI_ISL_2659513, EPI_ISL_2659515, EPI_ISL_2659516, EPI_ISL_2659518, EPI_ISL_2659520, EPI_ISL_2659527, EPI_ISL_2659531, EPI_ISL_2659532, EPI_ISL_2659541, EPI_ISL_2659542, EPI_ISL_2659543, EPI_ISL_2659545, EPI_ISL_2659546, EPI_ISL_2659555, EPI_ISL_2659563, EPI_ISL_2659567, EPI_ISL_2659573, EPI_ISL_2659577, EPI_ISL_2659580, EPI_ISL_2659583, EPI_ISL_2659584, EPI_ISL_2659594, EPI_ISL_2659607, EPI_ISL_2659615, EPI_ISL_2659616, EPI_ISL_2659617, EPI_ISL_2659618, EPI_ISL_2659621, EPI_ISL_2659625, EPI_ISL_2659627, EPI_ISL_2659629, EPI_ISL_2659634, EPI_ISL_2659643, EPI_ISL_2659646, EPI_ISL_2659648, EPI_ISL_2659655, EPI_ISL_2659656, EPI_ISL_3354703, EPI_ISL_3637226, EPI_ISL_4662187, EPI_ISL_4962241, EPI_ISL_4985268, EPI_ISL_4985681, EPI_ISL_4985740, EPI_ISL_5443108, EPI_ISL_5761377, EPI_ISL_7855125, EPI_ISL_7855128, EPI_ISL_7855326, EPI_ISL_9765165, EPI_ISL_12058789"
22304,CTGCGGTGG,9,12,S,247,SAV,7.9,BA.2,100.0,1,Brazil,75.0,4,7,7,4.1,4.2,9,75.0,"4--LACEN/CEVS/SES-RS
3--Laboratório de Microbiologia Molecular - Universidade FEEVALE
1--Schwessinger Lab
1--Gen-Bio Inovie Gravanches
1--Laboratory of Respiratory Viruses and Measles, Oswaldo Cruz Institute, FIOCRUZ
1--Analytical Competence Molecular Epidemiology Lab/ACME, Oswaldo Cruz Foundation, Ceara (FIOCRUZ CE)
1--National Microbiology Laboratory (NML)","4--LACEN/CEVS/SES-RS
3--Laboratório de Microbiologia Molecular - Universidade FEEVALE
1--HOSPITAL SAO JOSE DE DOENCAS INFECCIOSAS
1--Laboratory of Respiratory Viruses and Measles, Oswaldo Cruz Institute, FIOCRUZ
1--Genbio - Pt / Clermont Gravanches
1--ACT Pathology
1--Switch Health","EPI_ISL_13068526, EPI_ISL_13313927, EPI_ISL_13460243, EPI_ISL_13526524, EPI_ISL_13526543, EPI_ISL_13526550, EPI_ISL_13526571, EPI_ISL_13564830, EPI_ISL_14573332, EPI_ISL_16087535, EPI_ISL_16087574, EPI_ISL_16087584"
22206,CAGAGGCAG,9,4,S,215,RGS,0.2,XEC.41,100.0,1,Thailand|Singapore,50.0,2,2,2,100.0,100.0,3,75.0,"2--National Institute of Health, Department of Medical Sciences, Ministry of Public Health, Thailand
2--National Public Health Laboratory, National Centre for Infectious Diseases","2--Bumrungrad International Hospital
2--National Public Health Laboratory, National Centre for Infectious Diseases","EPI_ISL_19758092, EPI_ISL_19758114, EPI_ISL_19888685, EPI_ISL_19888814"
28160,GTGTGATGG,9,3,ORF8,89,V*W,7.6,EL.1,100.0,1,France,66.7,2,3,3,100.0,100.0,2,66.7,"1--Centre National de Référence Virus des Infections Respiratoires
1--Centre National de Reference des Virus des Infections Respiratoires
1--Robert Koch Institute","1--LAM BIOD'OC
1--Centre National de Référence Virus des Infections Respiratoires
1--LADR Zentrallabor DR. Kramer & Kollegen Geesthacht","EPI_ISL_17194273, EPI_ISL_17264609, EPI_ISL_17472467"
1439,ACACCGTGCGGC,12,14,ORF1a,391,DTVR,7.4,BA.1.20,100.0,1,USA,78.6,3,8,8,0.1,0.1,0,0.1,"6--Centers for Disease Control and Prevention, Division of Viral Diseases, Pathogen Discovery
2--Washington State Department of Health Public Health Laboratories
1--Florida Bureau of Public Health Laboratories
1--Colorado Department of Public Health and Environment
1--National Institute for Public Health and the Environment (RIVM)
1--Gagnon Lab, Southern Illinois University
1--inBiome
1--Robert Koch Institute","2--Helix
2--Aegis Sciences Corporation
2--Washington State Department of Health Public Health Laboratories
1--MVZ Labor Dr. Limbach & Kollegen GbR
1--Pubic Health Laboratory, Public Health Laboratory, Public Health Service, Amsterdam, The Netherlands
1--Illinois Department of Public Health
1--Florida Bureau of Public Health Laboratories
1--Colorado Department of Public Health and Environment
1--Laboratory Corporation of America
1--National Institute for Public Health and the Environment (RIVM)
1--Mako Medical","EPI_ISL_8183786, EPI_ISL_8263092, EPI_ISL_8427572, EPI_ISL_8548108, EPI_ISL_8685679, EPI_ISL_8872236, EPI_ISL_9029043, EPI_ISL_9036239, EPI_ISL_9085235, EPI_ISL_9400964, EPI_ISL_10396000, EPI_ISL_11634536, EPI_ISL_12011532, EPI_ISL_16145729"
27926,CAACGGGTTT,10,3,ORF8,11,QRV,60.0,BA.2,100.0,1,Belgium,66.7,2,2,3,100.0,100.0,1,33.3,"1--National Platform bis COVID ULB-IBC
1--AZ Delta Medical Laboratories in Roeselare, Belgium
1--Utah Public Health Laboratory","1--National Platform bis COVID ULB-IBC
1--AZDelta
1--Utah Public Health Laboratory","EPI_ISL_12904404, EPI_ISL_13147509, EPI_ISL_15266814"
22303,GACAGAGGGGAA,12,3,S,247,DRGE,0.0,BA.2,100.0,1,Malaysia,100.0,1,3,3,75.0,75.0,3,100.0,"1--UKM Medical Molecular Biology Institute (UMBI)
1--Institute for Medical Research, Infectious Disease Research Centre, National Institutes of Health, Ministry of Health Malaysia
1--Disease Section, Public Health Laboratory Ipoh","1--Public Health Laboratory Ipoh
1--HCTM
1--Institute for Medical Research, Infectious Disease Research Centre, National Institutes of Health, Ministry of Health Malaysia","EPI_ISL_14116966, EPI_ISL_14314354, EPI_ISL_17691937"
20389,GGTGCGCGG,9,2,ORF1b,2308,CAG,3.1,BA.2.75|BA.2.75.6,50.0,2,USA,100.0,1,2,2,100.0,200.0,2,100.0,"1--SHIELD SAIL Lab
1--Centers for Disease Control and Prevention, Division of Viral Diseases, Pathogen Discovery","1--SHIELD Southern Illinois University Laboratory
1--Quest Diagnostics Incorporated","EPI_ISL_15097384, EPI_ISL_15805835"
22101,CACGCCCGG,9,2,S,179,DTP,12.8,EG.5.2.2,100.0,1,USA,100.0,1,2,2,100.0,100.0,2,100.0,"1--Houston Methodist Hospital
1--PrimBio Research Institute LLC","1--Houston Methodist Hospital
1--PrimBio Research Institute LLC","EPI_ISL_18373106, EPI_ISL_18424128"
22198,CCCGGCAGA,9,4,S,212,PGR,10.9,BA.2,100.0,1,Germany|Denmark|New_Zealand|Australia,25.0,4,4,4,75.0,75.0,3,75.0,"1--Institute of Environmental Science and Research (ESR), Kenepuru Science Centre
1--Microbiological Diagnostic Unit - Public Health Laboratory (MDU-PHL), The Peter Doherty Institute for Infection and Immunity
1--Statens Serum Institut Bioinformatics and Microbial Genomics
1--Robert Koch Institute","1--Microbiological Diagnostic Unit - Public Health Laboratory (MDU-PHL), The Peter Doherty Institute for Infection and Immunity
1--Bioscientia Labor Wermsdorf
1--Canterbury Health Laboratories
1--Department of Bacteria, Parasites and Fungi, Statens Serum Institut, Copenhagen, Denmark","EPI_ISL_12137984, EPI_ISL_13763695, EPI_ISL_13946416, EPI_ISL_15119758"
23598,GGGGATAGCACT,12,189,S,679,GDST,18.8,AT.1,99.5,2,Russia,73.0,13,20,20,71.6,71.6,101,53.4,"109--WHO National Influenza Centre Russian Federation
15--Group of Genomics and Postgenomic Technologies of Central Research Institute of Epidemiology
14--Group for molecular genetics of pathogens
14--Department of Virology, Faculty of Medicine, University of Helsinki, Helsinki, Finland
11--Bergthaler laboratory, CeMM Research Center for Molecular Medicine of the Austrian Academy of Sciences
5--National Center of Infectious and Parasitic Diseases
4--Expert Microbiology, National Institute for Health and Welfare
3--Public Health Ontario
2--KU Leuven, Rega Institute, Clinical and Epidemiological Virology
2--Public Health Agency of Canada (PHAC) National Microbiology Laboratory
1--Shared Hospital Laboratory
1--Wellcome Sanger Institute
1--Microbiology, Dr. Risch
1--Heinrich Pette Institute, Leibniz Institute for Experimental Virology
1--Microbiology Department, Laboratori Clínic Metropolitana Nord. Hospital Universitari Germans Trias i Pujol
1--National Microbiology Laboratory (NML)
1--Group of Genomics and Postgenomic Technologies of Central Research Institute of Epidemilology
1--Division of Emerging Infectious Diseases, Bureau of Infectious Diseases Diagnosis Control, Korea Disease Control and Prevention Agency
1--Department of Microbiology, Institute of Biomedicine and Translational Medicine, University of Tartu
1--Robert Koch Institute","55--WHO National Influenza Centre Russian Federation
42--HELIX LLC
14--Department of Virology and Immunology, University of Helsinki and Helsinki University Hospital, Huslab Finland
14--Group for molecular genetics of pathogens
9--""Molecular diagnostic laboratory of Federal Budget Institution of Science """"Central Research Institute of Epidemiology"""" of The Federal Service on Customers' Rights Protection and Human Well-being Surveillance""
7--Austrian Agency for Health and Food Safety (AGES)
5--National Center of Infectious and Parasitic Diseases
5--""Public Institution of Health Care """"Diagnostic Center ( Laboratory Testing Center) of Moscow Health Department """"""
5--City Hospital No 40
4--Institute for Medical and Chemical Laboratory Diagnostics, Kepler UniversitÃ¤tsklinikum
3--NordLab Rovaniemi
3--Switch Health
3--Public Health Ontario Laboratory
2--Center of Hygiene and Epidemiology in Belgorod Region
2--Omsk Research Institute of Natural Focal Infections
2--KU Leuven, Rega Institute, Clinical and Epidemiological Virology
2--N.F. Gamaleya Research Center for Epidemiology and Microbiology
1--""Laboratory of Polymerase Chain Reaction of Federal Budget Institution of Science """"Central Research Institute of Epidemiology"""" of The Federal Service on Customers' Rights Protection and Human Well-being Surveillance""
1--Shared Hospital Laboratory
1--SYNLAB Eesti OÜ
1--Infectious Diseases Hospital № 2
1--SYNLAB Suomi
1--Lighthouse Lab in Milton Keynes
1--labopart - Medizinische Laboratorien Dresden
1--Dr. Risch Ostschweiz AG
1--Division of Emerging Infectious Diseases, Bureau of Infectious Diseases Diagnosis Control, Korea Disease Control and Prevention Agency
1--Saint-Petersburg City Hospital No. 40
1--Microbiologia CATLAB
1--Labor Dr. Fenner und Kollegen","EPI_ISL_1259282, EPI_ISL_1259283, EPI_ISL_1263541, EPI_ISL_1491610, EPI_ISL_1491611, EPI_ISL_1548040, EPI_ISL_1548041, EPI_ISL_1652545, EPI_ISL_1652557, EPI_ISL_1652580, EPI_ISL_1652585, EPI_ISL_1652607, EPI_ISL_1652608, EPI_ISL_1652622, EPI_ISL_1652635, EPI_ISL_1652639, EPI_ISL_1664699, EPI_ISL_1664729, EPI_ISL_1823178, EPI_ISL_1823179, EPI_ISL_1919459, EPI_ISL_1919575, EPI_ISL_2031947, EPI_ISL_2032642, EPI_ISL_2038871, EPI_ISL_2038886, EPI_ISL_2038887, EPI_ISL_2038912, EPI_ISL_2245644, EPI_ISL_2245649, EPI_ISL_2245663, EPI_ISL_2245665, EPI_ISL_2245670, EPI_ISL_2245675, EPI_ISL_2245677, EPI_ISL_2245679, EPI_ISL_2245680, EPI_ISL_2245684, EPI_ISL_2245716, EPI_ISL_2245717, EPI_ISL_2245718, EPI_ISL_2245728, EPI_ISL_2245737, EPI_ISL_2245760, EPI_ISL_2245761, EPI_ISL_2245763, EPI_ISL_2245775, EPI_ISL_2258756, EPI_ISL_2258757, EPI_ISL_2258962, EPI_ISL_2263172, EPI_ISL_2363825, EPI_ISL_2363834, EPI_ISL_2363838, EPI_ISL_2385082, EPI_ISL_2385086, EPI_ISL_2385089, EPI_ISL_2385109, EPI_ISL_2385115, EPI_ISL_2385127, EPI_ISL_2385132, EPI_ISL_2385137, EPI_ISL_2385141, EPI_ISL_2385171, EPI_ISL_2385198, EPI_ISL_2385201, EPI_ISL_2385216, EPI_ISL_2385222, EPI_ISL_2385223, EPI_ISL_2385229, EPI_ISL_2385234, EPI_ISL_2385236, EPI_ISL_2385238, EPI_ISL_2385240, EPI_ISL_2385263, EPI_ISL_2385264, EPI_ISL_2385265, EPI_ISL_2385268, EPI_ISL_2385269, EPI_ISL_2385276, EPI_ISL_2385286, EPI_ISL_2385294, EPI_ISL_2385306, EPI_ISL_2385307, EPI_ISL_2385317, EPI_ISL_2385325, EPI_ISL_2385327, EPI_ISL_2385376, EPI_ISL_2385421, EPI_ISL_2385426, EPI_ISL_2385427, EPI_ISL_2385430, EPI_ISL_2385431, EPI_ISL_2450459, EPI_ISL_2450517, EPI_ISL_2450534, EPI_ISL_2450556, EPI_ISL_2450562, EPI_ISL_2457502, EPI_ISL_2485133, EPI_ISL_2523392, EPI_ISL_2523400, EPI_ISL_2523425, EPI_ISL_2523448, EPI_ISL_2523611, EPI_ISL_2523667, EPI_ISL_2523696, EPI_ISL_2523721, EPI_ISL_2523759, EPI_ISL_2608651, EPI_ISL_2609088, EPI_ISL_2609134, EPI_ISL_2609191, EPI_ISL_2609203, EPI_ISL_2609233, EPI_ISL_2609245, EPI_ISL_2609255, EPI_ISL_2609371, EPI_ISL_2616208, EPI_ISL_2642249, EPI_ISL_2644858, EPI_ISL_2657493, EPI_ISL_2663108, EPI_ISL_2671446, EPI_ISL_2689418, EPI_ISL_2698607, EPI_ISL_2698617, EPI_ISL_2757968, EPI_ISL_2816166, EPI_ISL_2816398, EPI_ISL_2887421, EPI_ISL_2887541, EPI_ISL_2887542, EPI_ISL_2967104, EPI_ISL_2967111, EPI_ISL_3021542, EPI_ISL_3026520, EPI_ISL_3040109, EPI_ISL_3040110, EPI_ISL_3040113, EPI_ISL_3040116, EPI_ISL_3076749, EPI_ISL_3076755, EPI_ISL_3076760, EPI_ISL_3101247, EPI_ISL_3101286, EPI_ISL_3101296, EPI_ISL_3101302, EPI_ISL_3101315, EPI_ISL_3101347, EPI_ISL_3101381, EPI_ISL_3341419, EPI_ISL_3341456, EPI_ISL_3341662, EPI_ISL_3454779, EPI_ISL_3454782, EPI_ISL_3454797, EPI_ISL_3454801, EPI_ISL_3454818, EPI_ISL_3454822, EPI_ISL_3454837, EPI_ISL_3454841, EPI_ISL_3798354, EPI_ISL_5405712, EPI_ISL_5415169, EPI_ISL_6686962, EPI_ISL_8112527, EPI_ISL_11225838, EPI_ISL_11246080, EPI_ISL_11246081, EPI_ISL_11267837, EPI_ISL_11267838, EPI_ISL_11267839, EPI_ISL_11267840, EPI_ISL_11267841, EPI_ISL_11267842, EPI_ISL_11267843, EPI_ISL_11267844, EPI_ISL_12389148, EPI_ISL_12389150, EPI_ISL_13287205, EPI_ISL_17105774, EPI_ISL_20396704, EPI_ISL_20396728, EPI_ISL_20396743, EPI_ISL_20396760, EPI_ISL_20396774, EPI_ISL_20396785, EPI_ISL_20498277"
22198,AATGGTGAG,9,408,S,212,NGE,4.8,BS.1.1,81.1,3,Japan,35.3,26,77,81,0.1,0.1,0,0.1,"51--Tokyo Metropolitan Institute of Public Health
44--Pathogen Genomics Center, National Institute of Infectious Diseases
34--Bach Mai Hospital
30--NSW Health Pathology - Institute of Clinical Pathology and Medical Research (ICPMR); Westmead Hospital; University of Sydney
17--Microbiological Diagnostic Unit - Public Health Laboratory (MDU-PHL)
14--Oxford University Clinical Research Unit
12--National Public Health Laboratory, National Centre for Infectious Diseases
11--Statens Serum Institut Bioinformatics and Microbial Genomics
9--Oxford University Clinical Research Unit, Hanoi, Vietnam
8--Microbiological Diagnostic Unit - Public Health Laboratory (MDU-PHL), The Peter Doherty Institute for Infection and Immunity
8--Institute of Clinical Pathology and Medical Research (ICPMR), Westmead Hospital
8--Hong Kong Department of Health
8--Public Health Virology, Forensic and Scientific Services (PHV-FSS), Queensland Health
7--Institute of Environmental Science and Research (ESR)
7--Victorian Infectious Disease Reference Laboratory
6--Virology Research Laboratory; Area of Virology, Serology and Virology Division (SAViD), New South Wales Health Pathology Randwick, Prince of Wales Hospital
6--Shiga Prefectural Institute of Public Health
6--Centers for Disease Control and Prevention, Division of Viral Diseases, Pathogen Discovery
6--Fukui Prefectural Institute of Public Health and Environmental Science
5--Lifebrain Covid Labor GmbH
5--Division of Virology and Zoology, Chiba Prefectural Institute of Public Health
4--Health and Environment Research Institude of Gwangju
4--Ishikawa Prefectural Institute of Public Health and Environmental Science
4--Wellcome Sanger Institute
4--Clinical Microbiology Laboratory, Tel Aviv Sourasky Medical Center
4--Kumamoto City Environmental Reserch Institute
4--Department of Microbiology, Tochigi Prefectural Institute of Public Health and Environmental Science
4--Schwessinger Lab
4--Public Health Laboratory Centre, Hong Kong Department of Health
4--Institute Of Clinical Pathology And Medical Research (ICPMR), Westmead Hospital
3--California Department of Public Health
3--Fukuoka Institute of Health and Environmental Sciences
3--Laboratory of Biotechnology and Molecular Virology, University of Cyprus
3--National Institute for Public Health and the Environment (RIVM)
2--Molecular Malaria Laboratory, Mahidol Oxford Tropical Medicine Research Unit
2--Gifu Prefectural Research Institute for Health and Environmental Sciences
2--Los Angeles County Public Health Laboratories
2--Ibaraki Prefectural Institute of Public Health
2--Life Science Data Research Center at university of tokyo
2--Shamir Medical Center (Asaf Harofe)
2--Pasteur Institute in Ho Chi Minh city
2--Institute of Microbiology and Immunology, Faculty of Medicine, University of Ljubljana
2--Research Center for Influenza and Respiratory Viruses, National Institute of Infectious Diseases
2--Kyoto Prefectural Institute Of Public Health And Environment
2--Bayerisches Landesamt fuer Gesundheit und Lebensmittelsicherheit (LGL)
1--Department of Infectious Diseases, Kobe Institute of Health
1--Yamaguchi Prefectural Institute of Public Health and Environment
1--Genome Information Research Center, Research Institute for Microbial Diseases, Osaka University
1--Ospedale Cotugno, AO Dei Colli
1--Department of Microbiology and Immunology, Pasteur Institute in Nha Trang
1--Mathers Lab, University of Virginia
1--National Institute of Public Health
1--UOSD Genetica e Citogenetica - Azienda ULSS 3 Serenissima; Istituto Zooprofilattico Sperimentale delle Venezie
1--Sapporo City Institute of Public Health
1--Virology Research Laboratory; Area of Virology, Serology and Virology Division (SAViD), New South Wales Health Pathology Randwick
1--Lauring Lab, University of Michigan, Department of Microbiology and Immunology
1--California Department of Public Health (CDPH) - UCLA Technology Center for Genomics & Bioinformatics
1--Medical Genomic Centre,Medical Life Sciences Institute,Department of Medical Sciences, Ministry of Public Health, Thailand
1--Niigata Prefectural Institute of Public Health and Environmental Sciences
1--Laborizon Centre
1--Centre Hospitalier Universitaire (CHU) Grenoble
1--Instituto Nacional de Medicina Genomica
1--SA Pathology
1--Helix
1--COVID-19 Genomics UK (COG-UK) Consortium
1--National center of Expertise, National center for Biotechnology
1--The Sink Lab, University of Virginia
1--Labo Klinische Biologie, UZA
1--Center of Medical Microbiology, Virology, and Hospital Hygiene, University of Duesseldorf
1--Israel Central Virology laboratory
1--National Institute of Genetics
1--Riga East University Hospital, National Microbiology Reference Laboratory
1--Aegis Sciences Corporation
1--Tottori Prefectural Institute of Public Health and Environmental Science
1--Delaware Public Health Lab
1--Tropical Infectious Diseases Research & Education Centre (TIDREC), Universiti Malaya
1--SC (UCO) Igiene e Sanità Pubblica, ASUGI, Trieste
1--Department of Health Technology and Informatics, The Hong Kong Polytechnic University
1--Public Health Ontario
1--Charité Universitätsmedizin Berlin, Institut für Virologie/Labor Berlin
1--Robert Koch Institute","51--Tokyo Metropolitan Institute of Public Health
35--SARS-CoV-2 testing team, National Institute of Infectious Diseases
29--Thai Binh General Hospital
23--National Hospital for Tropical Diseases
18--Histopath
17--Microbiological Diagnostic Unit - Public Health Laboratory (MDU-PHL)
12--National Public Health Laboratory, National Centre for Infectious Diseases
11--Department of Bacteria, Parasites and Fungi, Statens Serum Institut, Copenhagen, Denmark
10--Pathology West - NSW Health Pathology
9--Pathogen Genomics Center, National Institute of Infectious Diseases
8--Microbiological Diagnostic Unit - Public Health Laboratory (MDU-PHL), The Peter Doherty Institute for Infection and Immunity
7--Temporary Specimen Collection Centre at the AsiaWorld-Expo
6--Histopath Diagnostic Specialists
6--Area of Virology, Serology and Virology Division (SAViD), New South Wales Health Pathology Randwick, Prince of Wales Hospital
6--Shiga Prefectural Institute of Public Health
6--Fukui Prefectural Institute of Public Health and Environmental Science
5--Chiba Prefectural Institute of Public Health
5--Lifebrain Covid Labor GmbH
4--Health and Environment Research Institude of Gwangju
4--Ishikawa Prefectural Institute of Public Health and Environmental Science
4--Lighthouse Lab in Glasgow
4--Clinical Microbiology Laboratory, Tel Aviv Sourasky Medical Center
4--Kumamoto City Environmental Reserch Institute
4--Laboratory Corporation of America
4--Department of Microbiology, Tochigi Prefectural Institute of Public Health and Environmental Science
4--ACT Pathology
3--Pathology Queensland and Forensic Scientific Services
3--CHL
3--Fukuoka Institute of Health and Environmental Sciences
3--Australian Clincal Labs
3--Melbourne Pathology
3--National Institute for Public Health and the Environment (RIVM)
2--Quest Diagnostics Incorporated
2--TPMG Regional Laboratory
2--Genomics for Life
2--Clinical Microbiology Laboratory, University of Virginia
2--Department of Health Science, Gifu Prefectural Research Institute for Health and Environmental Sciences
2--Thanh hoa General Hospital
2--Ibaraki Prefectural Institute of Public Health
2--Department of Veterinary Science and Department of Virology I, National Institute of Infectious Diseases
2--Life Science Data Research Center at university of tokyo
2--4Cyte Pathology
2--Centre for Health Protection
2--Shamir Medical Center (Asaf Harofe)
2--Institute of Microbiology and Immunology, Faculty of Medicine, University of Ljubljana
2--Kyoto Prefectural Institute Of Public Health And Environment
2--Bayerisches Landesamt fuer Gesundheit und Lebensmittelsicherheit (LGL)
2--Clinical Trial Unit, Hospital for Tropical Diseases
1--Waitemata
1--Department of Infectious Diseases, Kobe Institute of Health
1--Public health laboratories Tel Aviv
1--Yamaguchi Prefectural Institute of Public Health and Environment
1--Genome Information Research Center, Research Institute for Microbial Diseases, Osaka University
1--The Hong Kong Molecular Pathology Diagnostic Centre
1--4 Cyte Pathology
1--Sydney South West Pathology Service (SSWPS) - Liverpool Hospital - NSW Health Pathology
1--E. Gulbja Laboratorija
1--Histopath Diagnostics Specialists
1--Respiratory Virus Unit, Microbiology Services Colindale, Public Health England
1--CCMC
1--Medihealth Pathology
1--Prenetics Limited
1--Synlab Cyprus
1--Queensland Medical Laboratories
1--Labtests Auckland
1--National Center of Expertise in Karaganda region
1--Sapporo City Institute of Public Health
1--Platform BIS UZA/UAntwerpen
1--Royal Melbourne Hospital - Microbiology Department
1--Nam Dinh General Hospital
1--HISTOPATH PATHOLOGY
1--Wellington SCL
1--COTUGNO
1--Australian Clinical Labs (formerly Healthscope Pathology)
1--Area of Virology, Serology and Virology Division (SAViD), New South Wales Health Pathology Randwick
1--CDC Quảng Bình
1--Ammochostos General Hospital
1--Bachmai Hospital
1--Camau
1--CDC Ha Noi
1--Centre Hospitalier Universitaire (CHU) Grenoble-Laboratoire De Virologie
1--MAKMAL SEROLOGI, UNIT MIKROBIOLOGI, HSB
1--Niigata Prefectural Institute of Public Health and Environmental Sciences
1--UCLA Clinical Microbiology Laboratory
1--SA Pathology
1--MVZ Labor Dr. Limbach & Kollegen GbR
1--Mater Pathology
1--Tidewater Physicians Multispecialty Group Regional Laboratory
1--Limassol General Hospital
1--Center of Medical Microbiology, Virology, and Hospital Hygiene, University of Duesseldorf
1--Biogroup Laboratoire Biomag   Esbly
1--Labor Berlin Charité Vivantes GmbH / Institut für Virologie
1--LabPlus
1--Shizuoka Institute of Environment and Hygiene
1--Olive View Medical Center
1--University Hospital in Ostrava
1--Public Health Ontario Laboratory
1--Pasteur Institute in Ho Chi Minh city
1--Kaiser Permanente Southern California
1--Aegis Sciences Corporation
1--Tottori Prefectural Institute of Public Health and Environmental Science
1--ARION GENETICA
1--Health Hope International Medical Laborartory Limited
1--AULSS 3 Venezia
1--IVY5 Central Lab, Vanderbilt University Medical Center
1--SC (UCO) Igiene e Sanità Pubblica, ASUGI, Trieste
1--Pathology North - Hunter - NSW Health Pathology
1--Department of Health Technology and Informatics, The Hong Kong Polytechnic University
1--Lampang Hospital
1--Optum",
23606,TAGCGAGTCGAA,12,5,S,678,KSRL,0.1,KP.2.3,100.0,1,USA,100.0,1,2,2,100.0,100.0,4,80.0,"4--University of Michigan, Lauring Lab, Department of Microbiology and Immunology
1--Laboratory Branch, Coronaviruses and Other Respiratory Viruses Division, National Center for Immunization and Respiratory Diseases, Centers for Disease Control and Prevention (CDC)","4--University of Michigan, Lauring Lab, Department of Microbiology and Immunology
1--Quest Diagnostics Incorporated","EPI_ISL_19482717, EPI_ISL_20048533, EPI_ISL_20048579, EPI_ISL_20048617, EPI_ISL_20048781"
22198,GCGCGGCGG,9,7,S,212,ARR,6.1,BF.36,100.0,1,USA,71.4,3,6,6,50.0,100.0,5,71.4,"2--Centers for Disease Control and Prevention, Division of Viral Diseases, Pathogen Discovery
1--Naval Medical Research Center Biological Defense Research Directorate
1--Seattle Flu Study
1--State Laboratories Division, Hawaii State Department of Health
1--Fukuoka Institute of Health and Environmental Sciences
1--National Public Health Organization","2--Laboratory Corporation of America
1--Seattle Flu Study
1--U.S. Army Medical Department Activity
1--State Laboratories Division, Hawaii State Department of Health
1--Fukuoka Institute of Health and Environmental Sciences
1--National Public Health Organization","EPI_ISL_14263883, EPI_ISL_14263884, EPI_ISL_14533244, EPI_ISL_14604947, EPI_ISL_14641208, EPI_ISL_15079693, EPI_ISL_15090549"
27436,CAGTGAGGA,9,7,ORF7a,14,SVR,1.2,BA.5.1,100.0,1,USA,100.0,1,4,4,70.0,70.0,7,100.0,"4--Centers for Disease Control and Prevention, Division of Viral Diseases, Pathogen Discovery
1--Yale Pathology Labs
1--YNHH Department of Laboratory Medicine
1--CT Department of Public Health","4--Laboratory Corporation of America
1--Bridgeport Hospital - Yale New Haven Health
1--CT Department of Public Health
1--YNHH Clinical Virology Laboratory","EPI_ISL_15772869, EPI_ISL_15825737, EPI_ISL_15825780, EPI_ISL_15825998, EPI_ISL_16067110, EPI_ISL_16168472, EPI_ISL_16205748"
22201,GCAGTCGAGAGG,12,4,S,212,AAVE,0.5,BN.1.3.10,100.0,1,Japan,100.0,1,3,3,100.0,100.0,3,75.0,"2--Niigata Prefectural Institute of Public Health and Environmental Sciences
1--Tokyo Metropolitan Institute of Public Health
1--Pathogen Genomics Center, National Institute of Infectious Diseases","2--Niigata Prefectural Institute of Public Health and Environmental Sciences
1--Tokyo Metropolitan Institute of Public Health
1--Pathogen Genomics Center, National Institute of Infectious Diseases","EPI_ISL_17432484, EPI_ISL_17502576, EPI_ISL_17502581, EPI_ISL_17556434"
27610,CTCTGGGACA,10,14,ORF7a,72,PLG,5.3,AY.4,100.0,1,England,100.0,1,2,2,87.5,87.5,14,100.0,"13--Wellcome Sanger Institute
1--COVID-19 Genomics UK (COG-UK) Consortium","11--Lighthouse Lab in Alderley Park
1--Berkshire and Surrey Pathology Services Lighthouse Laboratory
1--Lighthouse Lab in Milton Keynes
1--Northumbria University / South Tees Hospitals NHS Foundation Trust / North Cumbria Integrated Care NHS Foundation Trust / North Tees and Hartlepool NHS Foundation Trust / Newcastle Hospitals NHS Foundation Trust","EPI_ISL_7298049, EPI_ISL_7382653, EPI_ISL_7383228, EPI_ISL_7383827, EPI_ISL_7514675, EPI_ISL_7536827, EPI_ISL_7676502, EPI_ISL_7763357, EPI_ISL_7817478, EPI_ISL_7817552, EPI_ISL_7842535, EPI_ISL_7842701, EPI_ISL_7968465, EPI_ISL_9116291"
6451,GAAATGGCGAGG,12,14,ORF1a,2062,EMAR,15.9,BA.5.1.6,100.0,1,Canada,85.7,2,6,7,73.7,73.7,14,100.0,"4--Kingston Health Sciences Centre
3--Public Health Ontario
3--New Brunswick - Vitalite Health Network
1--Helix
1--Alberta Precision Labs (APL)
1--Centers for Disease Control and Prevention, Division of Viral Diseases, Pathogen Discovery
1--Nova Scotia Health Authority","4--EORLA
3--New Brunswick - Vitalite Health Network
1--Kingston Health Sciences Centre
1--Alberta Precision Labs (APL)
1--Shared Hospital Laboratory
1--St. Joseph's Healthcare Hamilton
1--Quest Diagnostics Incorporated
1--Kaiser Permanente Southern California
1--NS-QEII Health Sciences Centre","EPI_ISL_15966264, EPI_ISL_15976921, EPI_ISL_15976925, EPI_ISL_16060919, EPI_ISL_16067392, EPI_ISL_16134173, EPI_ISL_16188472, EPI_ISL_16237797, EPI_ISL_16301746, EPI_ISL_16378581, EPI_ISL_16378662, EPI_ISL_19911058, EPI_ISL_19923224, EPI_ISL_20026413"
27296,GATGGCGGAG,10,3,ORF6,31,MMA,5.4,BA.2,100.0,1,Wales,66.7,2,2,2,100.0,100.0,2,66.7,"2--Public Health Wales Microbiology Cardiff Wales Specialist Virology Centre
1--Gen-Bio Inovie Gravanches","2--Originating lab: Wales Specialist Virology Centre Sequencing lab: Pathogen Genomics Unit
1--Gen-Bio Inovie Gravanches","EPI_ISL_11232786, EPI_ISL_11751257, EPI_ISL_12136454"
22198,GAAGAGCGA,9,7,S,212,EER,1.5,BQ.1.1,100.0,1,France,100.0,1,3,3,100.0,100.0,5,71.4,"3--Centre National de Reference des Virus des Infections Respiratoires
3--Centre National de Reference Virus des Infections Respiratoires
1--Laborizon Centre","2--SYNLAB GASCOGNE
1--Biogroup Laboratoire Arcades
1--Centre National de Reference Virus des Infections Respiratoires
1--SYNLAB AQUITAINE LABO MERLEN
1--Laboratoire Lba Jayan Agen
1--LABORATOIRE SELAS LABOSUD","EPI_ISL_16369391, EPI_ISL_16677444, EPI_ISL_16866678, EPI_ISL_16866679, EPI_ISL_16925415, EPI_ISL_17008094, EPI_ISL_17285798"
3181,AGTCGGGGG,9,2,ORF1a,972,SRG,2.4,MC.13.2,100.0,1,USA,100.0,1,2,2,100.0,100.0,2,100.0,"1--Utah Public Health Laboratory, Utah Department of Health and Human Services
1--University of Michigan, Lauring Lab, Department of Microbiology and Immunology","1--Utah Public Health Laboratory, Utah Department of Health and Human Services
1--University of Michigan, Lauring Lab, Department of Microbiology and Immunology","EPI_ISL_19550148, EPI_ISL_19572373"
21628,CAGAGG,6,2,S,22,QR,14.3,AY.25,100.0,1,USA,100.0,1,2,2,100.0,100.0,2,100.0,"1--Centers for Disease Control and Prevention, Division of Viral Diseases, Pathogen Discovery
1--Ohio Department of Health Laboratory","1--Ohio Department of Health Laboratory
1--Aegis Sciences Corporation","EPI_ISL_7944944, EPI_ISL_13653180"
22116,GATGGCCGG,9,31,S,184,KMA,4.2,FL.9,100.0,1,Spain,77.4,4,11,11,100.0,100.0,30,96.8,"10--Servicio Microbiología Hospital La Paz
6--Hospital Universitario 12 de Octubre
6--Fundación para el Fomento de la Investigación Sanitaria y Biomédica (FISABIO)
2--Hospital General Universitario Gregorio Marañón
1--Ginkgo Bioworks Concentric
1--New York City Public Health Laboratory
1--Centers for Disease Control and Prevention, Division of Viral Diseases, Pathogen Discovery
1--NYU Langone Health Molecular Microbiology Laboratory
1--Centre National de Reference Virus des Infections Respiratoires
1--Ginkgo Bioworks Clinical Laboratory / XpressCheck
1--National Institute for Public Health and the Environment (RIVM)","10--Servicio Microbiología Hospital La Paz
6--Hospital Universitario 12 de Octubre
3--Servicio de Microbiología. Consorcio Hospital General Universitario de Valencia
2--Hospital General Universitario de Alicante - Instituto de Investigación Sanitaria y Biomédica de Alicante
2--Hospital General Universitario Gregorio Marañón
1--Ginkgo Bioworks Concentric
1--Clinical Enterprise Airport (DC Pooled) - 10 Swab
1--Servicio de Microbiología. Hospital Universitario Doctor Peset
1--NYU Langone Health Molecular Microbiology Laboratory
1--Centre National de Reference Virus des Infections Respiratoires
1--Laboratory Corporation of America
1--National Institute for Public Health and the Environment (RIVM)
1--DOHMH Riverside","EPI_ISL_18010380, EPI_ISL_18064423, EPI_ISL_18064424, EPI_ISL_18064429, EPI_ISL_18064432, EPI_ISL_18072784, EPI_ISL_18075822, EPI_ISL_18131624, EPI_ISL_18131648, EPI_ISL_18147944, EPI_ISL_18162971, EPI_ISL_18226497, EPI_ISL_18274375, EPI_ISL_18274379, EPI_ISL_18274381, EPI_ISL_18274386, EPI_ISL_18274408, EPI_ISL_18274409, EPI_ISL_18275020, EPI_ISL_18275024, EPI_ISL_18300131, EPI_ISL_18308675, EPI_ISL_18350845, EPI_ISL_18350850, EPI_ISL_18356350, EPI_ISL_18356394, EPI_ISL_18357102, EPI_ISL_18549668, EPI_ISL_18993518, EPI_ISL_19020210, EPI_ISL_19288676"
22304,CAAAATCGCTGG,12,8,S,247,SKSL,18.0,EA.1,100.0,1,England,75.0,3,4,4,50.0,50.0,2,33.3,"4--COVID-19 Genomics UK (COG-UK) Consortium
2--UK Health Security Agency (UKHSA)
1--Centers for Disease Control and Prevention, Division of Viral Diseases, Pathogen Discovery
1--National Public Health Laboratory, National Centre for Infectious Diseases","6--Respiratory Virus Unit, Microbiology Services Colindale, Public Health England
1--Laboratory Corporation of America
1--National Public Health Laboratory, National Centre for Infectious Diseases","EPI_ISL_17030029, EPI_ISL_17351794, EPI_ISL_17484970, EPI_ISL_17614425, EPI_ISL_17623135, EPI_ISL_17666664, EPI_ISL_17820764, EPI_ISL_17820776"
27299,GTCTGTGAGG,10,3,ORF6,32,MSV,5.5,BA.2.1,66.7,2,USA,100.0,1,3,3,6.0,300.0,3,100.0,"1--Centers for Disease Control and Prevention, Division of Viral Diseases, Pathogen Discovery
1--UNC Charlotte Environmental Monitoring Laboratory
1--Virginia Division of Consolidated Laboratory Services","1--Virginia Tech
1--Laboratory Corporation of America
1--StarMed Healthcare","EPI_ISL_12619979, EPI_ISL_13053916, EPI_ISL_14930677"
27409,GTCCGAGAAGTCAGG,15,4,ORF7a,5,CPRSQ,0.0,BE.2,100.0,1,USA,100.0,1,2,2,100.0,100.0,3,75.0,"3--Centers for Disease Control and Prevention, Division of Viral Diseases, Pathogen Discovery
1--UW Virology Lab","2--Quest Diagnostics Incorporated
1--Helix
1--UW Virology Lab","EPI_ISL_14266457, EPI_ISL_14807619, EPI_ISL_14830684, EPI_ISL_15027715"
28160,TAAACGAACTT,11,2,ORF8,88,N*T,1.6,BA.1.1,100.0,1,USA|Canada,50.0,2,2,2,100.0,100.0,2,100.0,"1--Centers for Disease Control and Prevention, Division of Viral Diseases, Pathogen Discovery
1--B.C. Centre for Disease Control Public Health Laboratory","1--British Columbia Centre For Disease Control
1--Laboratory Corporation of America","EPI_ISL_12046911, EPI_ISL_12382147"
2170,GGCAGAGCTCAG,12,51,ORF1a,635,GRAQ,6.1,BQ.1.1,100.0,1,Italy,45.1,11,15,17,0.3,28.4,48,94.1,"18--UOSD Genetica e Citogenetica - Azienda ULSS 3 Serenissima; Istituto Zooprofilattico Sperimentale delle Venezie
10--Wellcome Sanger Institute
4--Hospital Universitari Vall d'Hebron - Vall d'Hebron Institut de Recerca
3--TIGEM
3--Department of Virology, Henri Mondor University Hospital, Assistance Publique Hôpitaux de Paris, Université Paris-Est Créteil, INSERM U955
2--Laborizon Centre
1--The Public Health Agency of Sweden
1--COVID-19 Genomics UK (COG-UK) Consortium
1--Hrvatski zavod za javno zdravstvo
1--Clinical Microbiology Laboratory, Tel Aviv Sourasky Medical Center
1--Aegis Sciences Corporation
1--Lifebrain Covid Labor GmbH
1--Maladies infectieuses, Hospices Civils de Lyon
1--Istituto Zooprofilattico Sperimentale della Lombardia e dell'Emilia Romagna (IZSLER), Risk Analysis and Genomic Epidemiology Unit
1--""""""Regional Public Health Laboratory of Thessaly, National Public Health Organization""""""
1--U.O. Microbiologia, Laboratorio Unico Centro Servizi - AUSL della Romagna
1--Laboratoire de Biologie Medicale (LBM) Alpigene","18--AULSS 3 Venezia
8--Berkshire and Surrey Pathology Services Lighthouse Laboratory
3--Hospital Universitari Doctor Josep Trueta
2--Rosalind Franklin Laboratory
2--Lab. Microbiologia e Virologia Cotugno A.O. dei Colli
1--U.O. Microbiologia Laboratorio Unico Centro Servizi - AUSL della Romagna
1--The Public Health Agency of Sweden
1--West of Scotland Specialist Virology Centre, NHSGGC / MRC-University of Glasgow Centre for Virus Research
1--LPA BESANCON
1--Hospital Universitari Vall d'Hebron - Vall d'Hebron Institut de Recerca
1--Clinical Microbiology Laboratory, Tel Aviv Sourasky Medical Center
1--CNR Virus des Infections Respiratoires - France SUD
1--Aegis Sciences Corporation
1--Lifebrain Covid Labor GmbH
1--""Klinika za infektivne bolesti """"Dr. Fran Mihaljević""""""
1--""""""Regional Public Health Laboratory of Thessaly, National Public Health Organization""""""
1--Biogroup Laboratoire Site Des Grands Crus
1--LABORATOIRE SAINT-SEVER
1--Università di Parma Laboratorio di Igiene e Sanità Pubblica
1--Synlab Pays De Savoie
1--Ospedale Santa Maria delle Grazie
1--Biogroup Laboratoire Site De La Cote
1--GH A.CHENEVIER-H.MONDOR","EPI_ISL_15670985, EPI_ISL_15812641, EPI_ISL_15920531, EPI_ISL_16077155, EPI_ISL_16180169, EPI_ISL_16185451, EPI_ISL_16220199, EPI_ISL_16229206, EPI_ISL_16231958, EPI_ISL_16233807, EPI_ISL_16233810, EPI_ISL_16233814, EPI_ISL_16233830, EPI_ISL_16233831, EPI_ISL_16233832, EPI_ISL_16233842, EPI_ISL_16233844, EPI_ISL_16233847, EPI_ISL_16233848, EPI_ISL_16234976, EPI_ISL_16260286, EPI_ISL_16260292, EPI_ISL_16282139, EPI_ISL_16286971, EPI_ISL_16286972, EPI_ISL_16286973, EPI_ISL_16286976, EPI_ISL_16286977, EPI_ISL_16286978, EPI_ISL_16286979, EPI_ISL_16287076, EPI_ISL_16367378, EPI_ISL_16368005, EPI_ISL_16374988, EPI_ISL_16405035, EPI_ISL_16405879, EPI_ISL_16484111, EPI_ISL_16484122, EPI_ISL_16484138, EPI_ISL_16484736, EPI_ISL_16486396, EPI_ISL_16496093, EPI_ISL_16496096, EPI_ISL_16496199, EPI_ISL_16496209, EPI_ISL_16496218, EPI_ISL_16539446, EPI_ISL_16549694, EPI_ISL_16637606, EPI_ISL_16659513, EPI_ISL_16725986"
27299,CAGCTGTG,8,4,ORF6,33,SC,0.3,BN.1.3,100.0,1,Japan,100.0,1,3,3,80.0,80.0,4,100.0,"2--Department of Microbiology, Tochigi Prefectural Institute of Public Health and Environmental Science
1--Tokyo Metropolitan Institute of Public Health
1--Pathogen Genomics Center, National Institute of Infectious Diseases","2--Department of Microbiology, Tochigi Prefectural Institute of Public Health and Environmental Science
1--Tokyo Metropolitan Institute of Public Health
1--Pathogen Genomics Center, National Institute of Infectious Diseases","EPI_ISL_16970646, EPI_ISL_16970729, EPI_ISL_16974328, EPI_ISL_17030571"
25503,ATTTTGGGA,9,5,ORF3a,37,ILG,0.0,BQ.1.1,100.0,1,Reunion,100.0,1,3,3,100.0,100.0,3,60.0,"3--Centre Hospitalier Universitaire (CHU) Reunion
1--Centre Hospitalier Universitaire Reunion
1--Centre Hospitalier Universitaire (CHU) Réunion","1--Reunilab La Possession
1--Reunilab Les Avirons
1--Reunilab Riviere St-Louis
1--Cerballiance Port
1--Reunilab Savannah St Paul","EPI_ISL_16536818, EPI_ISL_16982774, EPI_ISL_16982889, EPI_ISL_17520744, EPI_ISL_17657803"
22204,AGCATCGCTGGG,12,2,S,214,SIAG,2.1,JD.1.1.8,100.0,1,Singapore|France,50.0,2,2,2,66.7,66.7,2,100.0,"1--Centre National de Reference des Virus des Infections Respiratoires
1--National Public Health Laboratory, National Centre for Infectious Diseases","1--LABORATOIRE CERBALLIANCE PLT VILLON
1--National Public Health Laboratory, National Centre for Infectious Diseases","EPI_ISL_18706161, EPI_ISL_18771104"
27757,AACCAGACCCGG,12,4,ORF7b,0,ITRP,14.8,AY.103,100.0,1,USA,100.0,1,2,2,66.7,66.7,4,100.0,"3--Centers for Disease Control and Prevention, Division of Viral Diseases, Pathogen Discovery
1--University of Minnesota Genomics Center","2--Aegis Sciences Corporation
1--Public Health Laboratory, Minnesota Department of Health
1--Laboratory Corporation of America","EPI_ISL_8024265, EPI_ISL_8030912, EPI_ISL_8149565, EPI_ISL_11145149"
22303,ACAAAGGGTGTG,12,7,S,247,TKGV,31.9,BA.2,100.0,1,Australia,100.0,1,5,5,85.7,85.7,6,85.7,"3--NSW Health Pathology - Institute of Clinical Pathology and Medical Research; Westmead Hospital; University of Sydney
1--Microbiology, Royal Prince Alfred Hospital
1--Virology Research Laboratory; Area of Virology, Serology and Virology Division (SAViD), New South Wales Health Pathology Randwick, Prince of Wales Hospital
1--Microbiology RPAH
1--NSW Health Pathology - Institute of Clinical Pathology and Medical Research (ICPMR); Westmead Hospital; University of Sydney","2--Pathology West - NSW Health Pathology
1--4Cyte Pathology
1--New South Wales Health Pathology, Royal Prince Alfred Hospital
1--Area of Virology, Serology and Virology Division (SAViD), New South Wales Health Pathology Randwick, Prince of Wales Hospital
1--New South Wales Health Pathology Royal Prince Alfred Hospital
1--Sydney South West Pathology Service (SSWPS) - Concord Repatriation General Hospital - NSW Health Pathology","EPI_ISL_12701700, EPI_ISL_13059311, EPI_ISL_13337494, EPI_ISL_13337574, EPI_ISL_13337577, EPI_ISL_13511321, EPI_ISL_13721220"
22303,CAGGGAGCA,9,16,S,247,QGA,5.2,BA.2.3,100.0,1,USA|Canada,43.8,4,6,7,81.3,81.3,13,81.3,"5--Public Health Ontario
5--Centers for Disease Control and Prevention, Division of Viral Diseases, Pathogen Discovery
2--B.C. Centre for Disease Control Public Health Laboratory
1--UW Virology Lab
1--Genolution, Inc
1--Pathogen Genomics Center, National Institute of Infectious Diseases
1--Utah Public Health Laboratory","3--The Hospital for Sick Children
3--Mako Medical
2--Public Health Ontario Laboratory
2--British Columbia Centre For Disease Control
1--UW Virology Lab
1--Laboratory Corporation of America
1--Quest Diagnostics Incorporated
1--Utah Public Health Laboratory
1--SARS-CoV-2 testing team, National Institute of Infectious Diseases
1--St. Peter's hospital","EPI_ISL_12080850, EPI_ISL_12238678, EPI_ISL_12239022, EPI_ISL_12408067, EPI_ISL_12498716, EPI_ISL_12501719, EPI_ISL_12661495, EPI_ISL_12661496, EPI_ISL_12719913, EPI_ISL_12724656, EPI_ISL_12928051, EPI_ISL_13394612, EPI_ISL_13777644, EPI_ISL_19948953, EPI_ISL_19949405, EPI_ISL_19949486"
3632,CAGGTTCGT,9,12,ORF1a,1122,TGS,10.2,BA.5.2.1,100.0,1,USA,100.0,1,5,6,0.1,42.9,12,100.0,"6--Centers for Disease Control and Prevention, Division of Viral Diseases, Pathogen Discovery
2--Helix
1--Los Angeles County Public Health Laboratory
1--SHIELD SAIL Lab
1--California Department of Public Health
1--GA Department of Public Health","4--Quest Diagnostics Incorporated
2--Laboratory Corporation of America
2--Kaiser Permanente Southern California
1--Tidewater Physicians Multispecialty Group Regional Laboratory
1--Flow Diagnostics Lab
1--SHIELD Illinois Clinical Diagnostic Laboratory at UIC
1--GA Department of Public Health","EPI_ISL_14269017, EPI_ISL_14333771, EPI_ISL_14386137, EPI_ISL_14486154, EPI_ISL_14500719, EPI_ISL_14531433, EPI_ISL_14826986, EPI_ISL_14848714, EPI_ISL_14902528, EPI_ISL_15025443, EPI_ISL_15030012, EPI_ISL_15852352"
27295,CGCATTGG,8,3,ORF6,31,TH,1.7,AY.4,100.0,1,England,100.0,1,2,2,100.0,100.0,3,100.0,"2--Wellcome Sanger Institute
1--COVID-19 Genomics UK (COG-UK) Consortium","2--Lighthouse Lab in Alderley Park
1--Quadram Institute Bioscience","EPI_ISL_4501704, EPI_ISL_4526089, EPI_ISL_5273074"
28052,ACAGAGCAAGGGCT,14,4,ORF8,53,TEQG,0.0,BA.5.2.28,100.0,1,Japan,100.0,1,3,3,100.0,100.0,3,75.0,"2--Tokyo Metropolitan Institute of Public Health
1--Division of Virology and Zoology, Chiba Prefectural Institute of Public Health
1--Shiga Prefectural Institute of Public Health","2--Tokyo Metropolitan Institute of Public Health
1--Chiba Prefectural Institute of Public Health
1--Shiga Prefectural Institute of Public Health","EPI_ISL_16279570, EPI_ISL_16675773, EPI_ISL_16717420, EPI_ISL_17322341"
28907,AAAGGAGTT,9,2,N,211,ERS,6.7,B.1.1.265,100.0,1,USA,100.0,1,2,2,100.0,100.0,2,100.0,"1--Centers for Disease Control and Prevention, Division of Viral Diseases, Pathogen Discovery
1--Fulgent Genetics",2--Fulgent Genetics,"EPI_ISL_1231791, EPI_ISL_1459726"
22119,AACATTAGG,9,3,S,185,LTL,0.0,BA.2.75.1,100.0,1,Austria,66.7,2,2,2,100.0,100.0,2,66.7,"2--Lifebrain Covid Labor GmbH
1--The Piantadosi Lab, Department of Pathology, Emory University School of Medicine","2--Lifebrain Covid Labor GmbH
1--Children's Laboratory for Innovative Assay Development, Emory University","EPI_ISL_14601643, EPI_ISL_14601650, EPI_ISL_15166288"
1311,CAGTTGTGG,9,21,ORF1a,348,FSC,12.5,BA.2.9,66.7,2,Slovakia,95.2,2,2,2,100.0,257.1,18,85.7,"20--Laboratory of Genomics and Bioinformatics, Comenius University Science Park
1--Instituto Nacional de Saude (INSA)","13--Laboratory of Genomics and Bioinformatics, Comenius University Science Park
5--Biomedical Centre Martin, Jessenius Faculty of Medicine in Martin, Comenius University
2--Regional Public Health Authority with the seat in Košice, Slovakia
1--UNILABS","EPI_ISL_11111249, EPI_ISL_11218316, EPI_ISL_11310512, EPI_ISL_11310514, EPI_ISL_11310519, EPI_ISL_11310539, EPI_ISL_11311731, EPI_ISL_11311756, EPI_ISL_11560451, EPI_ISL_11757638, EPI_ISL_11757639, EPI_ISL_12352676, EPI_ISL_12525640, EPI_ISL_12528288, EPI_ISL_12528478, EPI_ISL_12528602, EPI_ISL_12684902, EPI_ISL_12852056, EPI_ISL_12852058, EPI_ISL_13445488, EPI_ISL_13445490"
22307,GGCCAAGGG,9,35,S,248,WPR,4.3,BA.5.2.1,100.0,1,Canada,94.3,2,7,7,100.0,100.0,23,65.7,"22--Alberta Precision Labs (APL)
7--Manitoba Cadham Provincial Laboratory
2--Kingston Health Sciences Centre
1--Florida Bureau of Public Health Laboratories
1--Public Health Ontario
1--Saskatchewan - Roy Romanow Provincial Laboratory (RRPL)
1--Philadelphia Department of Public Health, Public Health Laboratory","22--Alberta Precision Labs (APL)
7--MB-Cadham Provincial laboratory
2--EORLA
1--Florida Bureau of Public Health Laboratories
1--SK-Roy Romanow Provincial Laboratory
1--The Hospital for Sick Children
1--Temple University","EPI_ISL_15199939, EPI_ISL_15321359, EPI_ISL_15498857, EPI_ISL_15498862, EPI_ISL_15498897, EPI_ISL_15666841, EPI_ISL_15666928, EPI_ISL_15666992, EPI_ISL_15708816, EPI_ISL_15739895, EPI_ISL_15739941, EPI_ISL_15739942, EPI_ISL_15739951, EPI_ISL_15739957, EPI_ISL_15739975, EPI_ISL_15739989, EPI_ISL_15791774, EPI_ISL_15824031, EPI_ISL_15824364, EPI_ISL_15824370, EPI_ISL_15824418, EPI_ISL_15844763, EPI_ISL_15913211, EPI_ISL_15913225, EPI_ISL_15913236, EPI_ISL_15977795, EPI_ISL_15977852, EPI_ISL_15977902, EPI_ISL_15978290, EPI_ISL_16033117, EPI_ISL_16270450, EPI_ISL_16297056, EPI_ISL_16532479, EPI_ISL_16632168, EPI_ISL_19932496"
29419,CGCTTC,6,7,N,382,RF,0.1,BA.2.3,100.0,1,Canada,71.4,2,3,3,100.0,100.0,4,57.1,"5--B.C. Centre for Disease Control Public Health Laboratory
1--Centers for Disease Control and Prevention, Division of Viral Diseases, Pathogen Discovery
1--MiraDx","5--British Columbia Centre For Disease Control
1--MiraDx
1--Quest Diagnostics Incorporated","EPI_ISL_12665518, EPI_ISL_12788703, EPI_ISL_13962378, EPI_ISL_14339337, EPI_ISL_14760904, EPI_ISL_14760905, EPI_ISL_14760906"
27947,AATGGTTAG,9,79,ORF8,18,NG*,2.2,BF.10.1,100.0,1,USA,96.2,3,9,12,93.0,93.0,40,50.6,"39--Centers for Disease Control and Prevention, Division of Viral Diseases, Pathogen Discovery
19--California Department of Public Health
6--Helix
3--Aegis Sciences Corporation
2--Instituto de Biotecnologia de la UNAM
2--Utah Public Health Laboratory
2--UW Virology Lab
2--Los Angeles County Public Health Laboratories
1--Baylor College of Medicine
1--Pathogen Genomics Center, National Institute of Infectious Diseases
1--Arizona State University
1--Tewhey Lab, The Jackson Laboratory","21--Helix
14--Optum
10--Laboratory Corporation of America
8--Quest Diagnostics Incorporated
6--Kaiser Permanente Southern California
3--Aegis Sciences Corporation
2--Laboratorio Central de Epidemiologia (LCE)
2--Utah Public Health Laboratory
2--Color Health Inc
2--UW Virology Lab
1--Tidewater Physicians Multispecialty Group Regional Laboratory
1--California Department of Public Health
1--UC Davis Genome Center
1--Baylor College of Medicine
1--Pathogen Genomics Center, National Institute of Infectious Diseases
1--Olive View Medical Center
1--Arizona State University
1--Maine Health and Environmental Testing Laboratory
1--USC Clinical Lab","EPI_ISL_15619314, EPI_ISL_15661147, EPI_ISL_15671160, EPI_ISL_15671163, EPI_ISL_15704016, EPI_ISL_15707413, EPI_ISL_15765833, EPI_ISL_15804632, EPI_ISL_15819104, EPI_ISL_15819196, EPI_ISL_15819437, EPI_ISL_15819454, EPI_ISL_15819455, EPI_ISL_15819456, EPI_ISL_15819457, EPI_ISL_15831747, EPI_ISL_15860308, EPI_ISL_15881190, EPI_ISL_15945082, EPI_ISL_15950471, EPI_ISL_15952606, EPI_ISL_15954610, EPI_ISL_16009494, EPI_ISL_16010992, EPI_ISL_16012175, EPI_ISL_16049098, EPI_ISL_16069396, EPI_ISL_16069891, EPI_ISL_16081464, EPI_ISL_16082160, EPI_ISL_16082793, EPI_ISL_16082904, EPI_ISL_16083097, EPI_ISL_16088156, EPI_ISL_16101095, EPI_ISL_16101096, EPI_ISL_16131881, EPI_ISL_16158852, EPI_ISL_16168787, EPI_ISL_16168913, EPI_ISL_16184045, EPI_ISL_16184307, EPI_ISL_16188585, EPI_ISL_16189327, EPI_ISL_16226154, EPI_ISL_16227397, EPI_ISL_16227400, EPI_ISL_16227408, EPI_ISL_16250040, EPI_ISL_16265752, EPI_ISL_16266254, EPI_ISL_16266619, EPI_ISL_16266747, EPI_ISL_16276511, EPI_ISL_16308106, EPI_ISL_16309294, EPI_ISL_16317536, EPI_ISL_16353440, EPI_ISL_16353709, EPI_ISL_16363804, EPI_ISL_16398917, EPI_ISL_16400290, EPI_ISL_16400392, EPI_ISL_16513012, EPI_ISL_16544101, EPI_ISL_16544108, EPI_ISL_16569230, EPI_ISL_16570631, EPI_ISL_16660340, EPI_ISL_16660341, EPI_ISL_16734426, EPI_ISL_16734954, EPI_ISL_16805944, EPI_ISL_17067101, EPI_ISL_17099294, EPI_ISL_17205451, EPI_ISL_17228281, EPI_ISL_17287650, EPI_ISL_17287699"
22197,CTCAGAGGCTGG,12,7,S,211,FSEA,5.9,BA.2,100.0,1,USA,57.1,3,4,4,100.0,100.0,4,57.1,"3--Centers for Disease Control and Prevention, Division of Viral Diseases, Pathogen Discovery
2--AZ Delta Medical Laboratories in Roeselare, Belgium
1--Alberta Precision Labs (APL)
1--Colorado Department of Public Health and Environment","2--Laboratory Corporation of America
2--AZDelta
1--Alberta Precision Labs (APL)
1--Helix
1--Colorado Department of Public Health and Environment","EPI_ISL_12853939, EPI_ISL_12853940, EPI_ISL_13215631, EPI_ISL_13305488, EPI_ISL_13556071, EPI_ISL_13556072, EPI_ISL_14277141"
22197,CAGGGGAGA,9,3,S,212,QGR,51.9,CM.10|BA.5.1.1|BN.1.3,33.3,3,USA|Philippines|Singapore,33.3,3,3,3,0.1,0.1,0,0.1,"1--Philippine Genome Center Mindanao
1--National Public Health Laboratory, National Centre for Infectious Diseases
1--Massachusetts State Public Health Lab","1--Vitalab Molecular Laboratory
1--National Public Health Laboratory, National Centre for Infectious Diseases
1--Massachusetts State Public Health Lab","EPI_ISL_15696833, EPI_ISL_16869905, EPI_ISL_17948897"
3181,AGCGGT,6,3,ORF1a,972,SG,1.2,BA.5.2,100.0,1,Germany,66.7,2,2,2,66.7,100.0,2,66.7,"2--Robert Koch Institute
1--1. Laboratory of Communicable Diseases (Estonia); 2. Eurofins Genomics Europe Sequencing GmbH","1--Synlab Eesti OÜ
1--SYNLAB MVZ Weiden
1--Limbach - MVZ Clotten Labor Freiburg  Labor Dr. Haas Dr. Raif & Kollegen GbR","EPI_ISL_14692761, EPI_ISL_15652897, EPI_ISL_15737894"
2227,TGTGCC,6,8,ORF1a,654,CA,13.1,B.1.1.7,87.5,2,Canada,87.5,2,3,3,100.0,100.0,7,87.5,"6--B.C. Centre for Disease Control Public Health Laboratory
1--The Public Health Agency of Sweden
1--Public Health Agency of Canada (PHAC) National Microbiology Laboratory","6--British Columbia Centre For Disease Control
1--The Public Health Agency of Sweden
1--Alberta Precision Labs (APL)","EPI_ISL_1617442, EPI_ISL_3117233, EPI_ISL_3602018, EPI_ISL_3602024, EPI_ISL_3602172, EPI_ISL_3602174, EPI_ISL_3602254, EPI_ISL_3602257"
22304,CAGCGGTGG,9,130,S,247,SAV,15.8,BA.2,99.2,2,Brazil,76.9,10,30,32,48.1,13000.0,130,100.0,"44--Instituto Butantan
17--Fundação Oswaldo Cruz, Instituto Aggeu Magalhães
12--Analytical Competence Molecular Epidemiology Lab/ACME, Oswaldo Cruz Foundation, Ceara (FIOCRUZ CE)
9--DASA
7--Centers for Disease Control and Prevention, Division of Viral Diseases, Pathogen Discovery
3--Laboratório de Imunologia Clínica (LabImuno-LAC/FACFAN/UFMS)
3--Unidad de Genomica Avanzada
3--Instituto de Diagnostico y Referencia Epidemiologicos (INDRE)
3--Instituto de Medicina Tropical de Sao Paulo
2--Utah Public Health Laboratory
2--LACEN_AL
2--LATE - Laboratório de Técnicas Especiais - Hospital Israelita Albert Einstein
2--Pandemic Response Lab, R&D
2--Bioinformatics Laboratory / LNCC
2--Public Health Ontario
1--Laboratório de Virologia Molecular / UFRJ
1--Instituto Nacional de Medicina Genomica
1--Laboratoire national de sante, Microbiology, Microbial Genomics Platform
1--LGBio - Laboratório de Genética e Biodiversidade
1--Dr Risch Laboratory
1--Instituto Rene Rachou - Fiocruz Minas
1--Nebraska Public Health Laboratory
1--LACEN/CEVS/SES-RS
1--Instituto de Salud Publica de Chile
1--Arizona State University
1--Centre Hospitalier Universitaire (CHU) Rouen
1--Central Laboratory of Public Health of the Mato Grosso do Sul - LACEN/MS
1--Instituto de Biotecnología de la UNAM
1--Department of Health Technology and Informatics, The Hong Kong Polytechnic University
1--Instituto Rene Rachou / Fiocruz Minas
1--National Institute for Public Health and the Environment (RIVM)
1--Stanford University School of Medicine, Clinical Virology Laboratory","17--LACEN/PE
9--DASA
4--Quest Diagnostics Incorporated
4--HB TERREO EMERG CONV QUARTOS
3--DB Diagnosticos do Brasil
3--Laboratório de Doenças Infecciosas e Parasitárias (LabDIP/FAMED) e LACEN-MS
3--Laboratorio Central de Epidemiologia (LCE)
3--INSTITUTO BUTANTAN
3--HOSPITAL DE BASE
3--HOSPITAL FORNECEDORES DE CANA DE PIRACICABA
3--CENTRO DE ATENDIMENTO A COVID
2--Utah Public Health Laboratory
2--HOSPITAL DE BASE SAO JOSE DO RIO PRETO
2--HGCC HOSPITAL GERAL DR CESAR CALS
2--LATE - Laboratório de Técnicas Especiais - Hospital Israelita Albert Einstein
2--SANTA CASA DE VINHEDO
2--Laboratorio Central Noel Nutels
2--LACEN_AL
2--LESP Guerrero
2--HOSPITAL MUNICIPAL DR TABAJARA RAMOS
2--UBS JOSÉ BONIFÁCIO III
2--Pandemic Response Lab - NYC
2--CENTRO DE SAUDE VILA 31 DE MARCO
1--CENTRO DE SAUDE PARQUE ITAJAI
1--HM HOSPITAL DE MESSEJANA DR CARLOS ALBERTO STUDART GOMES
1--CENTRO DE SAUDE JARDIM AEROPORTO
1--HOSPITAL MUNICIPAL DE ITAPIRA
1--BIOVIDA DNA Exames de Paternidade e Imunizações
1--Centre Hospitalier Universitaire De Rouen Laboratoire De Virologie
1--LACEN/CEVS/SES-RS
1--UBS RIO CLARO
1--CENTRO DE SAUDE JOAQUIM EGIDIO
1--LESP Michoacan
1--UBS JOSE BONIFACIO III
1--UBASF DE URUCUNEMA
1--CENTRO DE SAUDE BARAO GERALDO
1--Laboratorio Municipal de Biologia Molecular
1--HOSPITAL ESTADUAL LEONARDO DA VINCI
1--CENTRO DE SAUDE JARDIM ESMERALDINA
1--HOSPITAL SAO JOSE DE DOENCAS INFECCIOSAS
1--Nebraska Public Health Laboratory
1--HIAS HOSPITAL INFANTIL ALBERT SABIN
1--Baylor Scott and White Memorial Hospital
1--Instituto Nacional de Medicina Genomica
1--Helix
1--Stanford Health Care
1--CENTRO DE SAUDE JARDIM ROSSIN
1--AMA/UBS VL SÔNIA
1--ESTRATEGIA DE SAUDE DA FAMILIA DE ARCO IRIS
1--The Hospital for Sick Children
1--Central Laboratory of Public Health of the Mato Grosso do Sul - LACEN/MS
1--CENTRO DE SAUDE JARDIM AURELIA
1--Laboratory Corporation of America
1--SANTA CASA DE MISERICORDIA DE JACAREI
1--UBS VICENTE DE PAULA
1--Public Health Ontario Laboratory
1--NEEDIER (Núcleo de Enfrentamento e Estudos em Doenças Infecciosas Emergentes e Reemergentes)
1--UBS JD PANAMERICANO
1--CENTRO DE SAUDE SATELITE IRIS I
1--CENTRO DE SAUDE JARDIM CAPIVARI
1--USF DR DECIO NOBRE MOREIRA
1--CENTRO DE SAUDE BOA VISTA
1--HOSPITAL PREVINA
1--CENTRO DE SAUDE ERNESTO SIERRA HUNOVITCH OROZIMBO MAIA
1--Arizona State University
1--Laboratorio Central de Epidemiología (LCE)
1--Dr. Risch Ostschweiz AG
1--CS DE AMERICO DE CAMPOS
1--Laboratoire national de sante, Microbiology, Virology
1--Department of Health Technology and Informatics, The Hong Kong Polytechnic University
1--Genetica Molecular and Subdepartamento de Virologia ISP Chile
1--Fundacao Ezequiel Dias
1--CENTRO DE SAUDE COSTA E SILVA
1--National Institute for Public Health and the Environment (RIVM)","EPI_ISL_13142424, EPI_ISL_13142425, EPI_ISL_13142426, EPI_ISL_13206831, EPI_ISL_13206832, EPI_ISL_13206833, EPI_ISL_13206870, EPI_ISL_13206884, EPI_ISL_13292493, EPI_ISL_13301244, EPI_ISL_13301245, EPI_ISL_13301261, EPI_ISL_13301301, EPI_ISL_13301302, EPI_ISL_13301330, EPI_ISL_13322410, EPI_ISL_13375430, EPI_ISL_13375525, EPI_ISL_13375574, EPI_ISL_13375600, EPI_ISL_13392430, EPI_ISL_13394194, EPI_ISL_13405259, EPI_ISL_13410939, EPI_ISL_13410942, EPI_ISL_13410943, EPI_ISL_13410944, EPI_ISL_13410945, EPI_ISL_13410946, EPI_ISL_13410947, EPI_ISL_13411015, EPI_ISL_13411048, EPI_ISL_13454066, EPI_ISL_13510708, EPI_ISL_13523706, EPI_ISL_13526523, EPI_ISL_13529789, EPI_ISL_13561912, EPI_ISL_13561916, EPI_ISL_13561938, EPI_ISL_13562103, EPI_ISL_13562107, EPI_ISL_13562159, EPI_ISL_13562164, EPI_ISL_13562165, EPI_ISL_13562173, EPI_ISL_13562178, EPI_ISL_13562182, EPI_ISL_13562201, EPI_ISL_13562202, EPI_ISL_13562225, EPI_ISL_13562227, EPI_ISL_13562232, EPI_ISL_13564892, EPI_ISL_13574017, EPI_ISL_13574018, EPI_ISL_13574019, EPI_ISL_13574025, EPI_ISL_13574049, EPI_ISL_13574050, EPI_ISL_13574142, EPI_ISL_13576519, EPI_ISL_13576537, EPI_ISL_13576553, EPI_ISL_13576566, EPI_ISL_13576818, EPI_ISL_13582293, EPI_ISL_13583208, EPI_ISL_13639680, EPI_ISL_13655245, EPI_ISL_13696454, EPI_ISL_13705148, EPI_ISL_13736015, EPI_ISL_13745774, EPI_ISL_13750878, EPI_ISL_13801950, EPI_ISL_13802973, EPI_ISL_13855277, EPI_ISL_13858022, EPI_ISL_13858081, EPI_ISL_13858133, EPI_ISL_13896985, EPI_ISL_13899897, EPI_ISL_13900151, EPI_ISL_13971953, EPI_ISL_13971957, EPI_ISL_13972023, EPI_ISL_13992440, EPI_ISL_13992535, EPI_ISL_13992588, EPI_ISL_13994714, EPI_ISL_14034180, EPI_ISL_14034203, EPI_ISL_14034226, EPI_ISL_14048774, EPI_ISL_14051848, EPI_ISL_14079231, EPI_ISL_14109399, EPI_ISL_14116144, EPI_ISL_14116179, EPI_ISL_14116529, EPI_ISL_14116538, EPI_ISL_14154069, EPI_ISL_14154093, EPI_ISL_14246259, EPI_ISL_14246260, EPI_ISL_14254281, EPI_ISL_14278926, EPI_ISL_14435098, EPI_ISL_14524663, EPI_ISL_14535913, EPI_ISL_14906949, EPI_ISL_15307971, EPI_ISL_15308862, EPI_ISL_15441699, EPI_ISL_15652375, EPI_ISL_15814336, EPI_ISL_15965014, EPI_ISL_16035322, EPI_ISL_16897179, EPI_ISL_16897188, EPI_ISL_16897234, EPI_ISL_16897412, EPI_ISL_16897639, EPI_ISL_16961036, EPI_ISL_16981913, EPI_ISL_17058210, EPI_ISL_17396084, EPI_ISL_17474013, EPI_ISL_19941833"
20488,GCTGGGGCAGTG,12,6,ORF1b,2341,WGSG,16.5,BA.2,100.0,1,France,100.0,1,3,3,100.0,100.0,6,100.0,"3--Centre National de Reference des Virus des Infections Respiratoires
2--Department of Virology, Henri Mondor University Hospital, Assistance Publique Hôpitaux de Paris, Université Paris-Est Créteil, INSERM U955
1--Laborizon Centre","3--Labo Analyses Med
2--LABORIZON BRETAGNE
1--Biogroup Laboratoire Belle Epine","EPI_ISL_11894182, EPI_ISL_12029918, EPI_ISL_12157858, EPI_ISL_12556533, EPI_ISL_12747224, EPI_ISL_13076347"
22120,AAGGTGGCA,9,3,S,186,KVA,32.6,AY.100,100.0,1,Mexico,100.0,1,3,3,75.0,75.0,3,100.0,"1--Instituto Nacional de Medicina Genomica
1--Unidad de Genomica Avanzada
1--Instituto de Biotecnología de la UNAM","1--SALUD DIGNA
1--Unidad de Investigación Médica de Yucatán (UIMY)
1--Centro de Investigacion Biomedica del Noreste (CIBIN)","EPI_ISL_6863456, EPI_ISL_8251172, EPI_ISL_8436166"
22118,CATTAGGGA,9,71,S,185,SLG,2.6,EG.5.1.13,100.0,1,Greece,53.5,10,16,17,98.1,98.1,52,73.2,"36--National Public Health Organization
5--Charité Universitätsmedizin Berlin, Institut für Virologie
4--Centre National de Reference des Virus des Infections Respiratoires
4--Public Health Ontario
3--Helix
3--Minnesota Department of Health, Public Health Laboratory
3--Statens Serum Institut Bioinformatics and Microbial Genomics
2--Regional Public Health Laboratory of Thessaly
2--Los Angeles County Public Health Laboratories
2--National Institute for Public Health and the Environment (RIVM)
1--COVID-19 Genomics UK (COG-UK) Consortium
1--Hrvatski zavod za javno zdravstvo
1--Centers for Disease Control and Prevention, Division of Viral Diseases, Pathogen Discovery
1--ASST degli Spedali Civili, Laboratorio di Microbiologia e Virologia
1--Aziende Socio Sanitarie Territoriali Monza
1--Wisconsin State Laboratory of Hygiene Communicable Disease Division
1--ASST MONZA","36--National Public Health Organization
5--Charité Universitätsmedizin Berlin, Institut für Virologie/Labor Berlin
4--The Hospital for Sick Children
3--Kaiser Permanente Southern California
2--Regional Public Health Laboratory of Thessaly
2--National Institute for Public Health and the Environment (RIVM)
2--Department of Bacteria, Parasites and Fungi, Statens Serum Institut, Copenhagen, Denmark
1--LABORATOIRE SELAS LABOSUD
1--West of Scotland Specialist Virology Centre, NHSGGC / MRC-University of Glasgow Centre for Virus Research
1--CENTRACARE - MONTICELLO HOSPITAL
1--ASST SPEDALI CIVILI DI BRESCIA
1--INOVIE MEDILAB
1--COMMUNITY LAB LA
1--Aziende Socio Sanitarie Territoriali Monza
1--CHILDREN'S HOSPITAL AND CLINIC - MINNEAPOLIS
1--Wisconsin State Laboratory of Hygiene Communicable Disease Division
1--University Of Minnesota - Infectious Disease Diagnostic Labo
1--SYNLAB OCCITANIE GAILLAC
1--Department of Clinical Microbiology, Odense University Hospital, Odense, Denmark
1--Zavod za javno zdravstvo Dubrovačko-Neretvanske županije
1--Laboratory Corporation of America
1--ASST MONZA
1--Los Angeles County Public Health Laboratory
1--SYNLAB AQUITAINE LABO MERLEN","EPI_ISL_18096533, EPI_ISL_18263544, EPI_ISL_18314306, EPI_ISL_18315096, EPI_ISL_18361679, EPI_ISL_18367016, EPI_ISL_18434175, EPI_ISL_18456947, EPI_ISL_18472819, EPI_ISL_18490250, EPI_ISL_18490423, EPI_ISL_18490428, EPI_ISL_18490521, EPI_ISL_18490535, EPI_ISL_18490557, EPI_ISL_18490565, EPI_ISL_18491124, EPI_ISL_18491198, EPI_ISL_18491410, EPI_ISL_18491483, EPI_ISL_18491504, EPI_ISL_18491653, EPI_ISL_18506682, EPI_ISL_18509994, EPI_ISL_18518801, EPI_ISL_18531533, EPI_ISL_18533124, EPI_ISL_18536232, EPI_ISL_18536237, EPI_ISL_18545187, EPI_ISL_18557028, EPI_ISL_18600455, EPI_ISL_18600524, EPI_ISL_18600647, EPI_ISL_18606680, EPI_ISL_18606681, EPI_ISL_18606828, EPI_ISL_18606873, EPI_ISL_18606880, EPI_ISL_18624826, EPI_ISL_18643850, EPI_ISL_18667572, EPI_ISL_18667585, EPI_ISL_18667608, EPI_ISL_18667742, EPI_ISL_18667752, EPI_ISL_18667849, EPI_ISL_18668025, EPI_ISL_18676288, EPI_ISL_18699918, EPI_ISL_18745263, EPI_ISL_18745822, EPI_ISL_18745823, EPI_ISL_18746022, EPI_ISL_18785073, EPI_ISL_18785716, EPI_ISL_18786863, EPI_ISL_18786968, EPI_ISL_18790503, EPI_ISL_18813819, EPI_ISL_18817971, EPI_ISL_18825299, EPI_ISL_18865144, EPI_ISL_18927060, EPI_ISL_18927081, EPI_ISL_18927120, EPI_ISL_18927130, EPI_ISL_20009586, EPI_ISL_20010972, EPI_ISL_20012284, EPI_ISL_20012442"
22108,GAGAGAGCG,9,77,S,182,ERA,8.5,KP.2.3,97.4,3,USA,63.6,7,23,25,90.3,Inf,65,81.3,"15--Public Health Ontario
9--California Department of Public Health - VRDL COVID Sequencing Hub
8--Clinical Virology Laboratory
4--California Department of Public Health
4--Centers for Disease Control and Prevention, Division of Viral Diseases, Pathogen Discovery
4--Respiratory Viruses Branch, Division of Viral Diseases, Centers for Disease Control and Prevention
4--B.C. Centre for Disease Control Public Health Laboratory
3--Ginkgo Bioworks Concentric
3--San Francisco Public Health Laboratory
3--Santa Clara County Public Health Laboratory
3--National Public Health Laboratory, National Centre for Infectious Diseases
2--San Mateo Public Health Laboratory
2--Houston Methodist Hospital
2--University of Michigan, Lauring Lab, Department of Microbiology and Immunology
1--Kingston Health Sciences Centre
1--Alberta Precision Labs (APL)
1--Wake Forest School of Medicine, Internal Medicine
1--Utah Public Health Laboratory
1--State Laboratories Division, Hawaii State Department of Health
1--Centre National de Reference des Virus des Infections Respiratoires
1--University of Glasgow
1--Microbiology Service, A Coruña University Hospital Complex (CHUAC)
1--Contra Costa Public Health Laboratory
1--National Institute for Public Health and the Environment (RIVM)
1--TN DOH Lab Services","10--TPMG Kaiser Regional
10--Public Health Ontario Laboratory
8--Stanford Health Care
4--British Columbia Centre For Disease Control
4--Laboratory Corporation of America
4--CDPH, Viral and Rickettsial Disease Laboratory
3--St. Joseph's Healthcare Hamilton
3--National Public Health Laboratory, National Centre for Infectious Diseases
2--Kaiser Regional-92 San Leandro
2--Santa Clara Valley Medical Center
2--The Hospital for Sick Children
2--San Mateo Medical Center Clinical Lab
2--Houston Methodist Hospital
2--ZSFGH MICRO LAB
2--University of Michigan, Lauring Lab, Department of Microbiology and Immunology
1--Dutch COVID-19 response team
1--Alberta Precision Labs (APL)
1--West of Scotland Specialist Virology Centre, NHSGGC / MRC-University of Glasgow Centre for Virus Research
1--Kaiser Regional-63 S. Teresa M
1--Clinical Enterprise: CDC Multiplex Nasal Phase 3 (DC Indv) - Homo sapiens ribonuclease P RNA
1--21568 CS ORTHOPEDIE T
1--State Laboratories Division, Hawaii State Department of Health
1--Utah Public Health Laboratory
1--O'Connor Hospital
1--Carolinas HealthCare Systems Laboratory
1--Clinical Enterprise: CDC Multiplex Nasal Phase 3 (DC Pooled) - Severe acute respiratory syndrome coronavirus 2
1--Microbiology Service, A Coruña University Hospital Complex (CHUAC)
1--Clinical Enterprise: CDC Multiplex Nasal Phase 3 (DC Indv) - Severe acute respiratory syndrome coronavirus 2
1--San Francisco Public Health Laboratory
1--Contra Costa Public Health Laboratory
1--EORLA
1--TN DOH Lab Services","EPI_ISL_19227579, EPI_ISL_19228251, EPI_ISL_19268178, EPI_ISL_19289247, EPI_ISL_19293252, EPI_ISL_19300025, EPI_ISL_19304320, EPI_ISL_19306394, EPI_ISL_19326056, EPI_ISL_19327260, EPI_ISL_19328897, EPI_ISL_19332448, EPI_ISL_19332530, EPI_ISL_19332580, EPI_ISL_19335108, EPI_ISL_19335319, EPI_ISL_19345225, EPI_ISL_19350125, EPI_ISL_19358349, EPI_ISL_19358522, EPI_ISL_19359709, EPI_ISL_19360419, EPI_ISL_19361639, EPI_ISL_19361956, EPI_ISL_19376172, EPI_ISL_19386342, EPI_ISL_19393755, EPI_ISL_19408169, EPI_ISL_19408193, EPI_ISL_19409938, EPI_ISL_19428437, EPI_ISL_19431874, EPI_ISL_19432079, EPI_ISL_19432532, EPI_ISL_19439232, EPI_ISL_19439490, EPI_ISL_19442025, EPI_ISL_19445926, EPI_ISL_19446023, EPI_ISL_19456390, EPI_ISL_19456391, EPI_ISL_19457924, EPI_ISL_19464130, EPI_ISL_19466668, EPI_ISL_19470655, EPI_ISL_19470657, EPI_ISL_19471448, EPI_ISL_19474087, EPI_ISL_19474252, EPI_ISL_19480326, EPI_ISL_19480333, EPI_ISL_19480335, EPI_ISL_19482887, EPI_ISL_19483073, EPI_ISL_19483086, EPI_ISL_19503258, EPI_ISL_19520321, EPI_ISL_19524940, EPI_ISL_19524963, EPI_ISL_19524991, EPI_ISL_19543945, EPI_ISL_19567637, EPI_ISL_19599894, EPI_ISL_19601432, EPI_ISL_19603693, EPI_ISL_19612194, EPI_ISL_19623036, EPI_ISL_19628866, EPI_ISL_19628910, EPI_ISL_19630215, EPI_ISL_19700238, EPI_ISL_19837889, EPI_ISL_19974320, EPI_ISL_19974366, EPI_ISL_19974374, EPI_ISL_19982854, EPI_ISL_19984905"
28025,TTCGTGTCTTTAGC,14,3,ORF8,44,FVSL,0.6,XFG,100.0,1,USA,100.0,1,2,2,100.0,100.0,3,100.0,"2--California Department of Public Health, Viral and Rickettsial Disease Laboratory
1--California Department of Public Health","2--California Department of Public Health, Viral and Rickettsial Disease Laboratory
1--California Department of Public Health","EPI_ISL_20268945, EPI_ISL_20281768, EPI_ISL_20328362"
22198,ACATCTCTA,9,6,S,211,LTS,22.4,BA.5.2.1,100.0,1,Vietnam|Japan,33.3,4,5,5,85.7,85.7,6,100.0,"1--National Center for Global Health and Medicine
1--Division of Emerging Infectious Diseases, Bureau of Infectious Diseases Diagnosis Control, Korea Disease Control and Prevention Agency
1--Public Health Ontario
1--Bach Mai Hospital
1--Oxford University Clinical Research Unit, Hanoi, Vietnam","1--The SB Coronavirus Inspection Center
1--Division of Infectious Disease Diagnosis Control, Chungcheong Regional Center for Disease Control and Prevention, Korea Disease Control and Prevention Agency, KDCA
1--Public Health Ontario Laboratory
1--CDC Ha Noi
1--National Hospital for Tropical Diseases","EPI_ISL_14749293, EPI_ISL_15225987, EPI_ISL_15299350, EPI_ISL_15479835, EPI_ISL_19581419"
27402,AAGATCTACTT,11,2,ORF7a,3,KIY,72.0,AY.103,100.0,1,USA,100.0,1,2,2,100.0,100.0,2,100.0,"1--Centers for Disease Control and Prevention, Division of Viral Diseases, Pathogen Discovery
1--Oregon State Public Health Laboratory","1--Oregon State Public Health Laboratory
1--Aegis Sciences Corporation","EPI_ISL_6539682, EPI_ISL_8325015"
27396,AAAACGGG,8,5,ORF7a,2,TG,60.9,BA.1.1,100.0,1,USA,100.0,1,3,3,0.0,0.5,5,100.0,"3--Washington State Department of Health Public Health Laboratories
1--Centers for Disease Control and Prevention, Division of Viral Diseases, Pathogen Discovery
1--US Air Force School of Aerospace Medicine","3--Washington State Department of Health Public Health Laboratories
1--Laboratory Corporation of America
1--US Air Force School of Aerospace Medicine","EPI_ISL_8602035, EPI_ISL_9594342, EPI_ISL_9594343, EPI_ISL_9674833, EPI_ISL_10103483"
22204,CAAGCCTCT,9,49,S,214,QAS,29.6,B.1.639,100.0,1,USA,85.7,4,12,12,88.9,88.9,32,65.3,"26--Centers for Disease Control and Prevention, Division of Viral Diseases, Pathogen Discovery
11--Pandemic Response Lab, R&D
2--New York Genome Center
2--Florida Bureau of Public Health Laboratories
1--Viral Special Pathogens Branch,  Centers for Disease Control and Prevention
1--University of North Carolina at Charlotte Environmental Monitoring Laboratory
1--Bureau of the Public Health Laboratory, NYC DOHMH
1--MSHS Pathogen Surveillance Program
1--Wadsworth Center, New York State Department of Health
1--Laboratory of Respiratory Viruses and Measles, Oswaldo Cruz Institute, FIOCRUZ
1--Genomics and Proteomics Departament, Gorgas Memorial Institute For Health Studies
1--Aalborg University","11--Pandemic Response Lab - NYC
9--Aegis Sciences Corporation
6--Quest Diagnostics Incorporated
5--Helix/Illumina
4--Laboratory Corporation of America
2--Weill Cornell Medicine
2--Biotechnology Core Facility Branch, Centers for Disease Control and Prevention
2--Florida Bureau of Public Health Laboratories
1--Laboratorio Nacional de Salud Pública Dr. Defillo (LNSPDD)
1--Bureau of the Public Health Laboratory, NYC DOHMH
1--Laboratorio Nacional de Salud Pública Dr. Defilló - LNSPDD
1--Laboratorio nacional de salud publica
1--BIO-REFERENCE LABORATORIES
1--MSHS Clinical Microbiology Laboratories
1--StarMed Healthcare
1--Department of Virus and Microbiological Special Diagnostics, Statens Serum Institut, Copenhagen, Denmark","EPI_ISL_1542749, EPI_ISL_1543029, EPI_ISL_1543119, EPI_ISL_1560224, EPI_ISL_1560226, EPI_ISL_1560664, EPI_ISL_1560666, EPI_ISL_2026009, EPI_ISL_2031765, EPI_ISL_2274023, EPI_ISL_2443791, EPI_ISL_2965062, EPI_ISL_2965302, EPI_ISL_2965303, EPI_ISL_2965304, EPI_ISL_2965305, EPI_ISL_2965543, EPI_ISL_3851289, EPI_ISL_4361024, EPI_ISL_4364955, EPI_ISL_4370725, EPI_ISL_4379030, EPI_ISL_4379102, EPI_ISL_4379352, EPI_ISL_4730658, EPI_ISL_4962012, EPI_ISL_4962226, EPI_ISL_4962431, EPI_ISL_4962515, EPI_ISL_4962608, EPI_ISL_4964154, EPI_ISL_4985881, EPI_ISL_4985904, EPI_ISL_5388900, EPI_ISL_5461864, EPI_ISL_5720730, EPI_ISL_5721629, EPI_ISL_6368797, EPI_ISL_6376121, EPI_ISL_6492253, EPI_ISL_6537447, EPI_ISL_6571982, EPI_ISL_6859035, EPI_ISL_6859036, EPI_ISL_8482388, EPI_ISL_8482394, EPI_ISL_9405848, EPI_ISL_14104165, EPI_ISL_19105464"
22304,CCAGCGAGG,9,2,S,247,PAR,0.7,BA.2,100.0,1,Slovenia|Croatia,50.0,2,2,2,100.0,100.0,2,100.0,"1--Hrvatski zavod za javno zdravstvo
1--NLZOH (National Laboratory for Health, Environment and Food)","1--""Klinika za infektivne bolesti """"Dr. Fran Mihaljević""""""
1--National Laboratory for Health, Environment and Food, OMM, Celje","EPI_ISL_12687460, EPI_ISL_13030571"
22204,ACAGATCGA,9,1356,S,215,RSN,28.9,B.1.214.2,99.6,4,Belgium,53.4,24,86,86,77.6,77.6,674,49.7,"321--KU Leuven, Rega Institute, Clinical and Epidemiological Virology
166--GIGA Medical Genomics
85--Department of Virology, Henri Mondor University Hospital, Assistance Publique Hôpitaux de Paris, Université Paris-Est Créteil, INSERM U955
72--Centers for Disease Control and Prevention, Division of Viral Diseases, Pathogen Discovery
69--Labo Klinische Biologie, UZA
64--Centre National de Reference des Virus des Infections Respiratoires
57--Clinical Bacteriology
44--International Livestock Research Institute
41--Institute of Tropical Medicine
27--National Platform bis UMONS/Jolimont
26--UAntwerp, Laboratory of Medical Microbiology
26--Robert Koch Institute
23--Jessa
22--Department of Biosystems Science and Engineering, ETH Zürich
20--Lab voor klinische biologie
18--Microbiology, Dr. Risch
15--Institut Hospitalo-Universitaire Mediterranee Infection
15--UMR 8199/1283 EGID
13--Wellcome Sanger Institute
11--University Hospital Basel, Clinical Bacteriology
10--OLVZ Aalst
9--AZDelta
9--AZ Delta Medical Laboratories in Roeselare, Belgium
8--CHU Purpan - Laboratoire de Virologie - Institut Fédératif de Biologie
7--CHU Lille - Laboratoire de Virologie
7--Instituto Nacional de Saude (INSA) and Instituto Gulbenkian de Ciencia (IGC)
7--Institut de Pathologie et Génétique (IPG)
7--HUG, Laboratory of Virology and the Health2030 Genome Center
6--Plateforme de testing Namuroise
6--Pandemic Response Lab, R&D
6--Institut de Pathologie et Genetique (IPG)
6--Pathogen Sequencing Lab, National Institute for Biomedical Research (INRB)
6--CNR Virus des Infections Respiratoires - France SUD
6--Maryland Genomics, Institute for Genome Sciences, University of Maryland School of Medicine
5--Mathers Lab
5--UZA, Clinical Biology
5--Pathogen Genomics Lab, National Institute for Biomedical Research (INRB)
5--Medical Microbiology, Maastricht University Medical Centre
5--Johns Hopkins Hospital Department of Pathology
5--COVID-19 Genomics UK (COG-UK) Consortium
5--AZ Klina
5--AZ SINT-JAN BRUGGE
4--Brody Integrative Genomics Core, East Carolina University
4--Klinisch Laboratorium ZNA
4--AZ Sint-Lucas Gent
4--DC Public Health Lab/ Dept. of Forensic Sciences
4--National Institute for Public Health and the Environment (RIVM)
3--UCLouvain/IREC/MBLG
3--Institut Hospitalo-Universitaire - Méditerranée Infection
3--Instituto Nacional de Saude (INSA)
3--Department of Biosystems Science and Engineering, ETH Zurich
3--Virginia Division of Consolidated Laboratory Services
2--Public Health Agency of Canada (PHAC) National Microbiology Laboratory
2--Institut Pasteur de Dakar
2--Bureau of the Public Health Laboratory, NYC DOHMH
2--Centre de Recherche sur les Maladies Infectieuses
2--MRCG at LSHTM Genomics lab
2--CHU Pontchaillou
2--Imelda hospital Bonheiden
2--CHU Lille
2--Laboratoire Virologie Saint Louis APHP
2--Cerba lab
2--Maryland Public Health Laboratory
2--Sciensano, Viral Diseases Laboratory
1--NGS Competence Center Tuebingen, Institut für Medizinische Mikrobiologie und Hygiene, Universitaetsklinikum Tübingen
1--Imelda Ziekenhuis
1--Department of Emerging Infectious Diseases, Institute of Tropical Medicine, Nagasaki University
1--Laboratorio di Riferimento Regionale della Sicilia Occidentale per l’Emergenza COVID-19
1--National Virus Reference Laboratory
1--Laboratoire de santé publique du Québec
1--Virology Research Laboratory; Area of Virology, Serology and Virology Division (SAViD), New South Wales Health Pathology Randwick
1--School of Pharmacy, Shenandoah University
1--Laboratory of genomics and metagenomics, Institute of Microbiology, University Hospital Centre and University of Lausanne, Switzerland
1--Unité Mixte Internationale TransVIHMI (UMI 233 IRD – U1175 INSERM - Université de Montpellier) IRD (Institut de recherche pour le développement)
1--Centre Hospitalier Universitaire de Rouen Laboratoire de Virologie
1--Florida Bureau of Public Health Laboratories
1--Microbiology
1--Imelda Hospital
1--Laboratory of genomics and metagenomics
1--CHU Clermont-Ferrand, service de virologie
1--MD PHL
1--Bushman Lab - University of Pennsylvania
1--Fundación Progreso y Salud Computational Medicine Platform
1--Expert Microbiology, National Institute for Health and Welfare
1--Africa Centre for Excellence for Genomics of Infectious Diseases (ACEGID), Redeemer’s University
1--Noblis","321--KU Leuven, Rega Institute, Clinical and Epidemiological Virology
87--SYNLAB
46--Clinical Virology
43--Fondation Congolaise pour la recherche medicale (FCRM), Francine Ntoumi
40--Platform BIS UZA/UAntwerpen
38--Molecular Biology laboratory, Université Evangélique en Afrique
35--LHUB-ULB
34--Hospital
31--University of Liège COVID-19 testing center
27--National Platform bis UMONS/Jolimont
26--Laboratory Corporation of America
25--Viollier AG
25--Aegis Sciences Corporation
22--Jessa
21--Labo Analyses Med
20--Lab voor klinische biologie
19--SYNLAB MVZ Trier
19--Dr. Risch Ostschweiz AG
17--AZDelta
16--GH A.CHENEVIER-H.MONDOR
15--Synlab Haut de France
15--Institut Hospitalo-Universitaire Mediterranee Infection
15--SYNLAB - Laboratoire J.  Collard
14--Quest Diagnostics Incorporated
14--Department of Clinical Microbiology
13--Algemeen Medisch Labo
12--CHWAPI - SITE NOTRE DAME
11--University Hospital Basel, Clinical Virology
11--Biogroup Bio Lam-LCD Saint-Denis
10--Groupe LCD
10--OLVZ Aalst
9--Rothen Medizinische Laboratorien AG
9--Hôpital Henri Mondor
7--Nucleic Acid Testing, National Reference Laboratory
7--University Hospitals of Geneva, Laboratory of Virology
6--Plateforme de testing Namuroise
6--Lighthouse Lab in Milton Keynes
6--CH.INTERCOMMUNAL DE CRETEIL
6--Viral Respiratory Lab, National Institute for Biomedical Research (INRB)
6--DC Public Health Lab/ Dept. of Forensic Sciences
6--Molecular Biology Laboratory, Universite Evangelique en Afrique
6--Maryland Genomics, Institute for Genome Sciences, University of Maryland School of Medicine
6--Pandemic Response Lab - NYC
6--BIOMNIS EUROFINS IVRY
5--UVA Clinical Microbiology Lab
5--Hôpital Paul Brousse
5--Hôpital Cochin
5--Johns Hopkins Hospital Department of Pathology
5--AZ Zeno
5--Dutch COVID-19 response team
5--Brussels Academic Hospital Lab (LHUB-ULB)
5--Synlab
5--CHU Lille
5--AZ Klina
4--Laboratoire National de Santé Publique, Brazzaville, République du Congo
4--H Agostinho Ribeiro - Felgueiras
4--Klinisch Laboratorium ZNA
4--AZ Sint-Lucas Gent
4--Hopital
4--Molecular Biology Laboratory, Vidant Medical Center
4--National Institute for Public Health and the Environment (RIVM)
3--Centre Interdisciplinaire de Recherches Médicales de Franceville (CIRMF)
3--Lighthouse Lab in Cambridge
3--I.F.A.C. Hopital Princesse Paola
3--Virginia Division of Consolidated Laboratory Services
2--Respiratory Virus Unit, Microbiology Services Colindale, Public Health England
2--amedes MVZ DIAMEDIS Sennestadt
2--CHUV
2--AZ Rivierenland, Campus Rumst
2--CH SAINT-PHILIBERT
2--CHI VILLENEUVE ST GEORGES
2--Institut Pasteur de Dakar
2--Bureau of the Public Health Laboratory, NYC DOHMH
2--Centre for Enzyme Innovation, University of Portsmouth / Translational Research Laboratory, Portsmouth Hospitals NHS Trust
2--MRCG at LSHTM Genomics lab
2--CHU Pontchaillou
2--GROUPE HOSPITALIER SUD ILE DE FRANCE
2--SYNLAB MVZ Leinfelden-Echterdingen
2--CH CAHORS
2--Lighthouse Lab in Glasgow
2--Lighthouse Lab in Alderley Park
2--Labo Klinische Biologie, UZA
2--Labo Analyses med
2--Laboratoire Virologie Saint Louis APHP
2--Mako Medical
2--CHU Purpan - Laboratoire de Virologie - Institut Fédératif de Biologie
2--Helix/Illumina
2--Hôpital Ambroise-Paré
2--CH. ROBERT BALLANGER
2--Instituto Nacional de Saude (INSA) and Instituto Gulbenkian de Ciencia (IGC)
2--Hôpitaux Iris Sud Etterbeek-Ixelles
2--UNILABS
2--Maryland Public Health Laboratory
2--SELARL MIRIALIS CLUSES
1--Somedi laboratories
1--Labor Dr. Spranger
1--Cliniques Sud-Luxembourg
1--Infinity Biologix
1--Imeda Hospital
1--Labormedizinisches Zentrum Dr Risch
1--AZ Sint-Maarten
1--Armies
1--Rwanda National Joint Taskforce COVID-50
1--Laboratorio di Riferimento Regionale della Sicilia Occidentale per l’Emergenza COVID-19
1--unknown
1--laboratoire Belle Epine
1--Centre de Recherches Medicales de Lambarene
1--CH. CHU DE REIMS
1--National Virus Reference Laboratory
1--CHU GRENOBLE
1--St. Nikolaus-Hospital Eupen
1--Laboratoire de santé publique du Québec
1--HOPITAL DE VICHY
1--CH VALENCIENNES
1--Centre de Recherche sur les Maladies Infectieuses
1--Area of Virology, Serology and Virology Division (SAViD), New South Wales Health Pathology Randwick
1--Pathogen Genomics Lab, National Institute for Biomedical Research (INRB)
1--CH. BEGIN
1--SYNLAB MVZ Leverkusen
1--NOVABIO DORDOGNE
1--CH Roubaix
1--Labo Medicom
1--School of Pharmacy, Shenandoah University
1--Switch Health
1--Research
1--Labo Luc Olivier
1--CHU UCL NAMUR ASBL
1--HOPITAL EMILE ROUX
1--AZ Delta Medical Laboratories in Roeselare, Belgium
1--TYKS, Kliininen mikrobiologia
1--cerballiance-IDF
1--Alberta Precision Labs (APL)
1--Imelda hospital Bonheiden
1--Centre Hospitalier Universitaire de Rouen Laboratoire de Virologie
1--Labor MÃ¶nchengladbach  MVZ Dr. Stein + Kollegen GbR
1--Hôpital Saint-Louis
1--Laboratoire Biolim/FSS/UL
1--Laboratoire LENYS
1--Florida Bureau of Public Health Laboratories
1--LABO LXBIO-Plateau technique
1--LABO DES CEDRES
1--Cliniques universitaires Saint-Luc
1--GH de l'Est Francilien
1--Servicio de Microbiologia, Hospital Puerta del Mar, Cadiz, Spain
1--Northumbria University / South Tees Hospitals NHS Foundation Trust / North Cumbria Integrated Care NHS Foundation Trust / North Tees and Hartlepool NHS Foundation Trust / Newcastle Hospitals NHS Foundation Trust
1--Hetzel Patrick
1--University Hospital Laboratory of Brussels Universitair Laboratorium van Brussel (LHUB-ULB)
1--UNILIANS DECINES
1--ST. JOZEFKLINIEK-Campus Willebroek
1--LKO
1--AZ Sint-Jan Brugge-Oostende AV
1--MD PHL
1--CNR Virus des Infections Respiratoires - France SUD
1--Hospital of the University of Pennsylvania Molecular Pathology Lab
1--SELAS BIOLAB AVENIR
1--Laboratoire Hospitalier Universitaire de Bruxelles (LHUB-ULB)
1--Hôpital Pitié-Salpêtrière
1--Labeto - CAB - Leiria
1--hopital
1--Centre Hospitalier de Wallonie Picarde (CHWaPi)
1--cerballiance-HDF
1--LABORATOIRE GCS INTER HOSPITALIER
1--CH. CHU  DE REIMS
1--CHU Sao Joao, Porto",
22304,CAGACGCTG,9,159,S,247,SDA,3.4,BQ.1.15.1,86.8,4,Canada,86.8,4,17,17,0.1,0.1,0,0.1,"88--Laboratoire de santé publique du Québec
23--Public Health Ontario
18--Kingston Health Sciences Centre
8--Centers for Disease Control and Prevention, Division of Viral Diseases, Pathogen Discovery
6--Laboratoire de Sante Publique du Quebec
3--UW Virology Lab
2--University of Washington - Virology Lab
2--Laboratoire de santÃ© publique du QuÃ©bec
1--COVID-19 Network Investigations (CONI) Alliance
1--Dittmer Lab, Department of Microbiology and Immunology, University of North Carolina at Chapel Hill
1--New Brunswick - Vitalite Health Network
1--Washington State Department of Health Public Health Laboratories
1--Colorado Department of Public Health and Environment
1--Nevada State Public Health Laboratory
1--Bioinformatics Shared Resource, University of Vermont
1--SHIELD SAIL Lab
1--National Public Health Laboratory, National Centre for Infectious Diseases","88--Laboratoire de santé publique du Québec
19--Public Health Ontario Laboratory
9--Brockville General Hospital
6--Laboratoire de Sante Publique du Quebec
6--EORLA
4--Kingston Health Sciences Centre
4--Laboratory Corporation of America
3--Quest Diagnostics Incorporated
3--UW Virology Lab
2--University of Washington - Virology Lab
2--Laboratoire de santÃ© publique du QuÃ©bec
2--Perth Smiths Falls
1--Helix
1--KHSC
1--SHIELD Illinois Clinical Diagnostic Laboratory at UIC
1--New Brunswick - Vitalite Health Network
1--PCT Medical Laboratories
1--Novant Health Forsyth Medical Center
1--Colorado Department of Public Health and Environment
1--Nevada State Public Health Laboratory
1--Bioinformatics Shared Resource, University of Vermont
1--Atlas Genomics
1--National Public Health Laboratory, National Centre for Infectious Diseases","EPI_ISL_15888753, EPI_ISL_15966928, EPI_ISL_16032909, EPI_ISL_16112982, EPI_ISL_16113011, EPI_ISL_16113012, EPI_ISL_16113013, EPI_ISL_16113019, EPI_ISL_16113027, EPI_ISL_16113028, EPI_ISL_16113109, EPI_ISL_16237709, EPI_ISL_16301691, EPI_ISL_16301706, EPI_ISL_16301707, EPI_ISL_16301715, EPI_ISL_16301745, EPI_ISL_16378624, EPI_ISL_16423657, EPI_ISL_16459925, EPI_ISL_16460065, EPI_ISL_16460107, EPI_ISL_16473288, EPI_ISL_16473352, EPI_ISL_16473532, EPI_ISL_16489849, EPI_ISL_16509879, EPI_ISL_16509957, EPI_ISL_16510005, EPI_ISL_16510040, EPI_ISL_16510045, EPI_ISL_16510082, EPI_ISL_16510085, EPI_ISL_16530207, EPI_ISL_16530659, EPI_ISL_16619358, EPI_ISL_16619409, EPI_ISL_16636799, EPI_ISL_16636803, EPI_ISL_16640058, EPI_ISL_16640095, EPI_ISL_16662209, EPI_ISL_16689965, EPI_ISL_16690019, EPI_ISL_16690031, EPI_ISL_16690040, EPI_ISL_16690043, EPI_ISL_16690045, EPI_ISL_16690053, EPI_ISL_16690108, EPI_ISL_16690110, EPI_ISL_16690118, EPI_ISL_16690136, EPI_ISL_16690148, EPI_ISL_16690192, EPI_ISL_16690208, EPI_ISL_16690223, EPI_ISL_16710844, EPI_ISL_16728576, EPI_ISL_16730551, EPI_ISL_16730552, EPI_ISL_16730553, EPI_ISL_16730602, EPI_ISL_16730603, EPI_ISL_16730690, EPI_ISL_16731154, EPI_ISL_16731157, EPI_ISL_16732104, EPI_ISL_16732254, EPI_ISL_16735956, EPI_ISL_16752048, EPI_ISL_16823627, EPI_ISL_16823630, EPI_ISL_16837408, EPI_ISL_16837497, EPI_ISL_16837674, EPI_ISL_16913502, EPI_ISL_16913541, EPI_ISL_16913555, EPI_ISL_16915803, EPI_ISL_16918669, EPI_ISL_16985995, EPI_ISL_16986060, EPI_ISL_16986099, EPI_ISL_16987450, EPI_ISL_16987504, EPI_ISL_16987603, EPI_ISL_16987692, EPI_ISL_16987722, EPI_ISL_16987744, EPI_ISL_16989885, EPI_ISL_16999852, EPI_ISL_17000125, EPI_ISL_17000134, EPI_ISL_17000353, EPI_ISL_17000505, EPI_ISL_17000697, EPI_ISL_17019629, EPI_ISL_17034404, EPI_ISL_17034467, EPI_ISL_17034483, EPI_ISL_17034499, EPI_ISL_17034553, EPI_ISL_17034583, EPI_ISL_17034595, EPI_ISL_17034599, EPI_ISL_17034644, EPI_ISL_17034673, EPI_ISL_17034789, EPI_ISL_17034811, EPI_ISL_17064085, EPI_ISL_17066003, EPI_ISL_17085305, EPI_ISL_17085307, EPI_ISL_17085407, EPI_ISL_17085419, EPI_ISL_17085551, EPI_ISL_17085573, EPI_ISL_17085575, EPI_ISL_17085691, EPI_ISL_17085710, EPI_ISL_17085857, EPI_ISL_17085868, EPI_ISL_17096277, EPI_ISL_17192171, EPI_ISL_17195872, EPI_ISL_17195960, EPI_ISL_17195962, EPI_ISL_17196017, EPI_ISL_17196046, EPI_ISL_17196093, EPI_ISL_17196166, EPI_ISL_17239244, EPI_ISL_17251420, EPI_ISL_17251532, EPI_ISL_17251561, EPI_ISL_17251562, EPI_ISL_17251622, EPI_ISL_17251650, EPI_ISL_17251651, EPI_ISL_17306232, EPI_ISL_17319153, EPI_ISL_17319379, EPI_ISL_17321360, EPI_ISL_17321379, EPI_ISL_17346704, EPI_ISL_17386729, EPI_ISL_17393370, EPI_ISL_17411744, EPI_ISL_17437743, EPI_ISL_17514825, EPI_ISL_17590288, EPI_ISL_17641647, EPI_ISL_17759894, EPI_ISL_17870539, EPI_ISL_19910967, EPI_ISL_19910974, EPI_ISL_19911099, EPI_ISL_19911108"
22304,CATTTG,6,4,S,247,SF,26.7,BA.2|BA.5.1.8,50.0,2,Scotland|Belgium,50.0,2,3,3,0.1,0.1,0,0.1,"2--COVID-19 Genomics UK (COG-UK) Consortium
1--Labo Klinische Biologie, UZA
1--KU Leuven, Rega Institute, Clinical and Epidemiological Virology","2--West of Scotland Specialist Virology Centre, NHSGGC / MRC-University of Glasgow Centre for Virus Research
1--Platform BIS UZA/UAntwerpen
1--KU Leuven, Rega Institute, Clinical and Epidemiological Virology","EPI_ISL_12440121, EPI_ISL_14067114, EPI_ISL_14067171, EPI_ISL_14672086"
27806,TTAACTGGGTA,11,99,ORF7b,18,TGX,11.1,XBB.1.9.2,100.0,1,Japan,72.7,12,43,46,69.0,69.0,98,99.0,"10--Pathogen Genomics Center, National Institute of Infectious Diseases
9--Tokyo Metropolitan Institute of Public Health
5--Ishikawa Prefectural Institute of Public Health and Environmental Science
4--Kawagoe City Public Health Center
4--Fukuoka City Institute of Health and Environment
3--Miyazaki Prefectural Institute for Public Health and Environment
3--Saitama Institute of Public Health
3--Centers for Disease Control and Prevention, Division of Viral Diseases, Pathogen Discovery
3--Yokohama City Institute of Public Health
3--Division of Virology and Zoology, Chiba Prefectural Institute of Public Health
2--Fukushima Prefectural Institute of Public Health
2--Sapporo City Institute of Public Health
2--National Public Health Laboratory, National Centre for Infectious Diseases
2--Medical Microbiology and Zoology Section, Okinawa Prefectural Institute of Health and Environment
2--Kitakyushu City Institute of Health and Environmental Sciences
2--Niigata Prefectural Institute of Public Health and Environmental Sciences
2--Clinical Microbiology Laboratory, Tel Aviv Sourasky Medical Center
2--Minnesota Department of Health, Public Health Laboratory
2--Shiga Prefectural Institute of Public Health
2--Shamir Medical Center (Asaf Harofe)
2--Victorian Infectious Disease Reference Laboratory
2--National Institute of Genetics
2--Division of Emerging Infectious Diseases, Bureau of Infectious Diseases Diagnosis Control, Korea Disease Control and Prevention Agency
2--NSW Health Pathology - Institute of Clinical Pathology and Medical Research (ICPMR); Westmead Hospital; University of Sydney
2--Tottori Prefectural Institute of Public Health and Environmental Science
2--Hyogo Prefectural Institute of Public Health science
1--Ehime Prefectural Institute of Public Health and Environmental Science
1--Yamaguchi Prefectural Institute of Public Health and Environment
1--Institute of Pathogenic Microbiology, Guangdong Provincial Center for Disease Control and Prevention
1--Genome Information Research Center, Research Institute for Microbial Diseases, Osaka University
1--California Department of Public Health (CDPH) - VRDL COVID Sequencing Hub
1--Microbe lab, Shanghai Municipal Center for Disease Control & Prevention
1--Statens Serum Institut Bioinformatics and Microbial Genomics
1--Molecular Malaria Laboratory, Mahidol Oxford Tropical Medicine Research Unit
1--Gifu Prefectural Research Institute for Health and Environmental Sciences
1--National Reference Center for Viruses of Respiratory Infections (CNR VIR), Institut Pasteur
1--Ibaraki Prefectural Institute of Public Health
1--Helix
1--Kumamoto City Environmental Reserch Institute
1--Gunma Prefectural Institute of Public Health and Environmental Sciences
1--Hiroshima City Institute of Public Health
1--National Institute of Health, Department of Medical Sciences, Ministry of Public Health, Thailand
1--Saga Prefectural Institute of Public Health and Pharmaceutical Research
1--Hong Kong Department of Health
1--Kanagawa Prefectural Institute of Public Health
1--Health and Environment Research Institute of Gwangju","10--Pathogen Genomics Center, National Institute of Infectious Diseases
9--Tokyo Metropolitan Institute of Public Health
5--Ishikawa Prefectural Institute of Public Health and Environmental Science
4--Kawagoe City Public Health Center
4--Fukuoka City Institute of Health and Environment
3--Chiba Prefectural Institute of Public Health
3--Miyazaki Prefectural Institute for Public Health and Environment
3--Saitama Institute of Public Health
3--Yokohama City Institute of Public Health
2--Fukushima Prefectural Institute of Public Health
2--Histopath
2--Quest Diagnostics Incorporated
2--Sapporo City Institute of Public Health
2--National Public Health Laboratory, National Centre for Infectious Diseases
2--Medical Microbiology and Zoology Section, Okinawa Prefectural Institute of Health and Environment
2--Kitakyushu City Institute of Health and Environmental Sciences
2--Niigata Prefectural Institute of Public Health and Environmental Sciences
2--Clinical Microbiology Laboratory, Tel Aviv Sourasky Medical Center
2--UNIVERSITY OF MINNESOTA - INFECTIOUS DISEASE DIAGNOSTIC LABO
2--Shiga Prefectural Institute of Public Health
2--Shamir Medical Center (Asaf Harofe)
2--Shizuoka Institute of Environment and Hygiene
2--Division of Infectious Disease Diagnosis Control, Honam Regional Center for Disease Control and Prevention, Korea Disease Control and Prevention Agency, KDCA
2--Tottori Prefectural Institute of Public Health and Environmental Science
2--Hyogo Prefectural Institute of Public Health science
1--Ehime Prefectural Institute of Public Health and Environmental Science
1--Yamaguchi Prefectural Institute of Public Health and Environment
1--Institute of Pathogenic Microbiology, Guangdong Provincial Center for Disease Control and Prevention
1--Genome Information Research Center, Research Institute for Microbial Diseases, Osaka University
1--Bamrasnaradura Infectious Diseases Institute
1--Microbe lab, Shanghai Municipal Center for Disease Control & Prevention
1--Department of Health Science, Gifu Prefectural Research Institute for Health and Environmental Sciences
1--Australian Clincal Labs
1--Molekylær Medicinsk Afdeling, Aarhus University Hospital, Aarhus, Denmark
1--Ibaraki Prefectural Institute of Public Health
1--Kumamoto City Environmental Reserch Institute
1--Gunma Prefectural Institute of Public Health and Environmental Sciences
1--Hiroshima City Institute of Public Health
1--Laboratory Corporation of America
1--Pamela Youde Nethersole Eastern Hospital
1--Kaiser Regional-31 San Francis
1--Saga Prefectural Institute of Public Health and Pharmaceutical Research
1--Kaiser Permanente Southern California
1--Dorevitch Pathology
1--Kanagawa Prefectural Institute of Public Health
1--Hôpital Universitaire Louis Mourier
1--Health and Environment Research Institute of Gwangju
1--Clinical Trial Unit, Hospital for Tropical Diseases","EPI_ISL_17511901, EPI_ISL_17560636, EPI_ISL_17605352, EPI_ISL_17629948, EPI_ISL_17706668, EPI_ISL_17792043, EPI_ISL_17811419, EPI_ISL_17853710, EPI_ISL_17882333, EPI_ISL_17950653, EPI_ISL_17952699, EPI_ISL_17954933, EPI_ISL_17958608, EPI_ISL_17961264, EPI_ISL_17961265, EPI_ISL_17996509, EPI_ISL_18006948, EPI_ISL_18013398, EPI_ISL_18022896, EPI_ISL_18035514, EPI_ISL_18039472, EPI_ISL_18039525, EPI_ISL_18048651, EPI_ISL_18048653, EPI_ISL_18048806, EPI_ISL_18062692, EPI_ISL_18065158, EPI_ISL_18097109, EPI_ISL_18097650, EPI_ISL_18097803, EPI_ISL_18110878, EPI_ISL_18122516, EPI_ISL_18122757, EPI_ISL_18122759, EPI_ISL_18122895, EPI_ISL_18123062, EPI_ISL_18127644, EPI_ISL_18164817, EPI_ISL_18165161, EPI_ISL_18166071, EPI_ISL_18208963, EPI_ISL_18214870, EPI_ISL_18215458, EPI_ISL_18220331, EPI_ISL_18225277, EPI_ISL_18225286, EPI_ISL_18274649, EPI_ISL_18285322, EPI_ISL_18285326, EPI_ISL_18285335, EPI_ISL_18289517, EPI_ISL_18306172, EPI_ISL_18306562, EPI_ISL_18320510, EPI_ISL_18320519, EPI_ISL_18320668, EPI_ISL_18330676, EPI_ISL_18354780, EPI_ISL_18354811, EPI_ISL_18366099, EPI_ISL_18366145, EPI_ISL_18372825, EPI_ISL_18374898, EPI_ISL_18382470, EPI_ISL_18384338, EPI_ISL_18384754, EPI_ISL_18384771, EPI_ISL_18384772, EPI_ISL_18384773, EPI_ISL_18384782, EPI_ISL_18384788, EPI_ISL_18390186, EPI_ISL_18390310, EPI_ISL_18390484, EPI_ISL_18390709, EPI_ISL_18391877, EPI_ISL_18434593, EPI_ISL_18434741, EPI_ISL_18434747, EPI_ISL_18435402, EPI_ISL_18435403, EPI_ISL_18435404, EPI_ISL_18465778, EPI_ISL_18466146, EPI_ISL_18475467, EPI_ISL_18650323, EPI_ISL_18650339, EPI_ISL_18650387, EPI_ISL_18650416, EPI_ISL_18650452, EPI_ISL_18844242, EPI_ISL_18844808, EPI_ISL_18968099, EPI_ISL_19039080, EPI_ISL_19111537, EPI_ISL_19590213, EPI_ISL_19621015, EPI_ISL_19621049, EPI_ISL_19621050"
3055,GAAGAAGAAGGTGATTGT,18,5,ORF1a,930,EEEGDC,1.1,BA.5.2|KP.3.2.3,40.0,3,Netherlands|France,40.0,3,3,3,0.1,0.1,0,0.1,"2--National Institute for Public Health and the Environment (RIVM)
2--Maladies infectieuses, Hospices Civils de Lyon
1--Wellcome Sanger Institute","2--MIRIALIS CLUSES BECHET
1--Dutch COVID-19 response team
1--Lighthouse Lab in Milton Keynes
1--National Institute for Public Health and the Environment (RIVM)","EPI_ISL_10192316, EPI_ISL_14860610, EPI_ISL_14860710, EPI_ISL_19230351, EPI_ISL_19293248"
29009,CGTCTTGGT,9,3,N,245,ASW,2.3,BA.5.2.12,66.7,2,Japan,66.7,2,2,2,100.0,Inf,2,66.7,"1--National Center for Global Health and Medicine
1--Centre National de Reference des Virus des Infections Respiratoires","1--Hopital
1--The SB Coronavirus Inspection Center","EPI_ISL_953953, EPI_ISL_19582306"
25695,AAGTCACAT,9,9,ORF3a,101,KSH,0.1,BA.2.12.1,100.0,1,USA,100.0,1,2,3,100.0,100.0,9,100.0,"6--Centers for Disease Control and Prevention, Division of Viral Diseases, Pathogen Discovery
2--Wake Forest School of Medicine, Internal Medicine
1--Massachusetts State Public Health Lab","3--Helix
3--Laboratory Corporation of America
2--Carolinas HealthCare Systems Laboratory
1--Massachusetts State Public Health Lab","EPI_ISL_13056515, EPI_ISL_13146471, EPI_ISL_13147416, EPI_ISL_13163073, EPI_ISL_13163713, EPI_ISL_13315458, EPI_ISL_13544865, EPI_ISL_13758843, EPI_ISL_14201681"
22204,GAGAGAGCGGGA,12,20,S,214,ERAG,8.4,EG.5.1.1,70.0,2,Russia,60.0,5,6,6,100.0,Inf,13,65.0,"12--WHO National Influenza Centre Russian Federation
4--Molecular Malaria Laboratory, Mahidol Oxford Tropical Medicine Research Unit
1--Dept. of Microbiology and Infection Control, Akershus University Hospital HF
1--Disease control, Xinjiang center of diease control
1--National Institute of Health, Department of Medical Sciences, Ministry of Public Health, Thailand
1--Microbe lab, Shanghai Municipal Center for Disease Control & Prevention","4--Clinical Trial Unit, Hospital for Tropical Diseases
3--Saint Petersburg City Polyclinic No 48
2--Gemotest Medical Laboratory
1--Dept. of Microbiology and Infection Control, Akershus University Hospital HF
1--The Office of Disease Prevention and Control 6 Chonburi
1--WHO National Influenza Centre Russian Federation
1--HELIX LLC
1--Morshansk Central District Hospital
1--Saint Petersburg City Polyclinic No 106
1--Microbe lab, Shanghai Municipal Center for Disease Control & Prevention
1--Yoshkar-Ola Polyclinic No 1
1--Disease control, Xinjiang center of diease control
1--Tyumen City Polyclinic No 6
1--Nizhny Novgorod Clinical Infectious Diseases Hospital No 2","EPI_ISL_18417041, EPI_ISL_18417175, EPI_ISL_18417303, EPI_ISL_18417423, EPI_ISL_18499365, EPI_ISL_18505820, EPI_ISL_18518373, EPI_ISL_18579934, EPI_ISL_18580108, EPI_ISL_18620153, EPI_ISL_18620158, EPI_ISL_18620160, EPI_ISL_18620162, EPI_ISL_18685380, EPI_ISL_18685456, EPI_ISL_18685947, EPI_ISL_18736229, EPI_ISL_18736620, EPI_ISL_18771284, EPI_ISL_18845614"
22304,CAGATCTGA,9,66,S,247,SDL,7.4,BF.8,98.5,2,Germany,42.4,13,18,18,86.2,87.5,56,86.2,"28--Robert Koch Institute
9--Instituto Nacional de Saude Doutor Ricardo Jorge (INSA)
5--Centers for Disease Control and Prevention, Division of Viral Diseases, Pathogen Discovery
4--AGES IMED Vienna
3--Centre National de Reference des Virus des Infections Respiratoires
2--State Laboratories Division, Hawaii State Department of Health
2--Statens Serum Institut Bioinformatics and Microbial Genomics
2--Department of Virology, Henri Mondor University Hospital, Assistance Publique Hôpitaux de Paris, Université Paris-Est Créteil, INSERM U955
2--Los Angeles County Public Health Laboratories
1--Lab voor klinische biologie
1--National Public Health Surveillance Laboratory
1--Hrvatski zavod za javno zdravstvo
1--Enfer
1--Dr Risch Laboratory
1--Lifebrain Covid Labor GmbH
1--Victorian Infectious Disease Reference Laboratory
1--Norwegian Institute of Public Health, Department of Virology
1--NSW Health Pathology - Institute of Clinical Pathology and Medical Research (ICPMR); Westmead Hospital; University of Sydney","5--Labor Dr. Spranger
3--Labo Analyses Med
3--Limbach - MVZ Labor Dr. Volkmann & Kollegen
3--Uniklinikum Regensburg; Institut für klinische Mikrobiologie und Hygiene
2--Limbach - MVZ Humangenetik Ulm
2--Covid Fighters
2--Avelab
2--CHEDV
2--State Laboratories Division, Hawaii State Department of Health
2--Quest Diagnostics Incorporated
2--Laboratory Corporation of America
2--USC Clinical Lab
2--Sonic - Dr. Staber & Kollegen GmbH München
2--MVZ Labor Dr. Quade & Kollegen GmbH
2--MVZ Labor Krone GbR
2--Universitätsklinikum Ulm - Institut für Virologie
2--Novatium
2--Department of Bacteria, Parasites and Fungi, Statens Serum Institut, Copenhagen, Denmark
1--SYNLAB
1--Helix
1--H Guimaraes
1--Enfer
1--Lab voor klinische biologie
1--CHLC
1--LabKom - Labor Augsburg MVZ GmbH
1--Australian Clinical Labs (formerly Healthscope Pathology)
1--Lifebrain Covid Labor GmbH
1--Viesoji istaiga Jurininku sveikatos prieziuros centras
1--Medizinisches Labor Mohr
1--Landesamt für Verbraucherschutz des Landes Sachsen-Anhalt
1--Synlab MVZ Augsburg
1--Medical Microbiology Unit, Department for Laboratory Medicine, Drammen Hospital, Vestre Viken Health Trust
1--Dorevitch Pathology
1--LENYS Laboratoire
1--Medizinische Laboratorien Düsseldorf
1--Virologisches Institut des Universitätsklinikums Erlangen
1--REIMS Unilabs
1--Nastavni zavod za javno zdravstvo Splitsko- Dalmatinske županije
1--Dr. Risch Ostschweiz AG
1--H Divino Espirito Santo - Ponta Delgada
1--Bioscientia MVZ Labor Karlsruhe GmbH
1--CH Porto - H Sto Antonio","EPI_ISL_14186038, EPI_ISL_14427820, EPI_ISL_14432277, EPI_ISL_14483076, EPI_ISL_14524998, EPI_ISL_14884373, EPI_ISL_14898783, EPI_ISL_14995970, EPI_ISL_15009834, EPI_ISL_15020355, EPI_ISL_15148338, EPI_ISL_15149851, EPI_ISL_15213146, EPI_ISL_15213161, EPI_ISL_15250526, EPI_ISL_15259622, EPI_ISL_15295780, EPI_ISL_15305306, EPI_ISL_15390021, EPI_ISL_15435049, EPI_ISL_15450375, EPI_ISL_15450637, EPI_ISL_15450654, EPI_ISL_15450656, EPI_ISL_15452186, EPI_ISL_15452219, EPI_ISL_15481075, EPI_ISL_15481082, EPI_ISL_15481123, EPI_ISL_15518560, EPI_ISL_15518756, EPI_ISL_15519803, EPI_ISL_15520532, EPI_ISL_15520846, EPI_ISL_15520868, EPI_ISL_15522962, EPI_ISL_15643144, EPI_ISL_15669387, EPI_ISL_15687702, EPI_ISL_15687703, EPI_ISL_15698013, EPI_ISL_15698881, EPI_ISL_15737843, EPI_ISL_15902185, EPI_ISL_15986747, EPI_ISL_15988334, EPI_ISL_15989334, EPI_ISL_15989465, EPI_ISL_15990601, EPI_ISL_16150399, EPI_ISL_16157597, EPI_ISL_16191475, EPI_ISL_16220070, EPI_ISL_16221283, EPI_ISL_16222678, EPI_ISL_16332873, EPI_ISL_16341851, EPI_ISL_16558584, EPI_ISL_16562744, EPI_ISL_16562843, EPI_ISL_16566695, EPI_ISL_16591706, EPI_ISL_16861933, EPI_ISL_17828298, EPI_ISL_18046619"
22303,GGAGGA,6,19,S,247,GG,5.0,BA.2.9,100.0,1,Mexico,73.7,2,8,8,85.0,85.0,17,89.5,"5--Centers for Disease Control and Prevention, Division of Viral Diseases, Pathogen Discovery
3--Instituto Nacional de Medicina Genomica
3--Laboratory Medicine and Pathology, University of Washington
2--Instituto de Diagnostico y Referencia Epidemiologicos (INDRE)
2--Instituto de Biotecnología de la UNAM
2--Universidad Nacional Autónoma de México, Genetica del Desarrollo y Fisiologia Molecular, Instituto de Biotecnologia
1--Unidad de Genomica Avanzada
1--Microbial Genomics Laboratory","3--SALUD DIGNA
3--Laboratory Medicine and Pathology, University of Washington
2--LESP Veracruz
2--Laboratorio Central de Epidemiologia (LCE)
2--Laboratory Corporation of America
2--Quest Diagnostics Incorporated
2--Laboratorio Central de Epidemiología (LCE)
2--Universidad Nacional Autónoma de México, Genetica del Desarrollo y Fisiologia Molecular, Instituto de Biotecnologia
1--Helix","EPI_ISL_12739420, EPI_ISL_13567561, EPI_ISL_13609318, EPI_ISL_13609391, EPI_ISL_14202570, EPI_ISL_14225793, EPI_ISL_14254276, EPI_ISL_14273111, EPI_ISL_14273112, EPI_ISL_14413974, EPI_ISL_14615237, EPI_ISL_14670762, EPI_ISL_14806016, EPI_ISL_14945112, EPI_ISL_18184189, EPI_ISL_18184230, EPI_ISL_19568967, EPI_ISL_19569634, EPI_ISL_19570367"
27703,TCAGAACTTAT,11,4,ORF7a,104,RTY,18.4,AY.122,100.0,1,Germany,50.0,3,3,3,100.0,100.0,3,75.0,"2--Heinrich Pette Institute, Leibniz Institute for Experimental Virology
1--Group of Genomics and Postgenomic Technologies of Central Research Institute of Epidemiology
1--Gyncentrum","2--Labor Dr. Fenner und Kollegen
1--The Republican Research and Practical Center for Epidemiology and Microbiology (RRPCEM)
1--Gyncentrum","EPI_ISL_4949875, EPI_ISL_6264567, EPI_ISL_6264609, EPI_ISL_9354786"
22198,ATCCGGCAG,9,58,S,212,IRQ,0.8,BA.2,100.0,1,Germany,89.7,2,2,2,35.3,35.3,30,51.7,"52--Robert Koch Institute
6--Institut Hospitalo-Universitaire Mediterranee Infection","27--Institut für Immunologie und Genetik Kaiserslautern:   Medizinisches Labor Dr. med. B. Thiele
25--IMD Labor Frankfurt
6--Institut Hospitalo-Universitaire Mediterranee Infection","EPI_ISL_12519768, EPI_ISL_12519810, EPI_ISL_12519828, EPI_ISL_12519840, EPI_ISL_12519865, EPI_ISL_12523960, EPI_ISL_12524062, EPI_ISL_12676109, EPI_ISL_12676124, EPI_ISL_12676268, EPI_ISL_12676376, EPI_ISL_12676452, EPI_ISL_12676525, EPI_ISL_12737411, EPI_ISL_12737412, EPI_ISL_12737462, EPI_ISL_12737562, EPI_ISL_13002010, EPI_ISL_13002123, EPI_ISL_13002130, EPI_ISL_13002140, EPI_ISL_13002151, EPI_ISL_13002181, EPI_ISL_13002218, EPI_ISL_13002228, EPI_ISL_13002239, EPI_ISL_13015245, EPI_ISL_13015258, EPI_ISL_13015329, EPI_ISL_13015366, EPI_ISL_13015426, EPI_ISL_13240735, EPI_ISL_13240801, EPI_ISL_13240802, EPI_ISL_13240817, EPI_ISL_13240819, EPI_ISL_13240824, EPI_ISL_13240838, EPI_ISL_13248383, EPI_ISL_13248443, EPI_ISL_13248452, EPI_ISL_13248497, EPI_ISL_13248538, EPI_ISL_13380820, EPI_ISL_13380853, EPI_ISL_13380855, EPI_ISL_13380945, EPI_ISL_13380954, EPI_ISL_13386029, EPI_ISL_13386105, EPI_ISL_13915903, EPI_ISL_14363121, EPI_ISL_17752138, EPI_ISL_17752217, EPI_ISL_17752303, EPI_ISL_17752316, EPI_ISL_17752431, EPI_ISL_17752435"
27851,TAGTGTGAT,9,4,ORF7b,32,*CD,1.0,BA.2.64,100.0,1,Australia,100.0,1,3,3,100.0,100.0,3,75.0,"2--Public Health Virology - Forensic and Scientific Services
1--Public Health Virology - Forensic and Scientific Services (FSS)
1--Public Health Virology Laboratory, Forensic and Scientific Services (PHV-FSS)","2--Forensic and Scientific Services
1--Pathology Queensland and Forensic Scientific Services
1--Sullivan Nicolaides Pathology","EPI_ISL_11521962, EPI_ISL_11941327, EPI_ISL_12386604, EPI_ISL_12433417"
1642,AACATC,6,9,ORF1a,459,NI,12.9,JN.1.13.1,44.4,5,Venezuela,55.6,4,4,4,100.0,Inf,5,55.6,"5--Laboratorio de Virologia Molecular
2--Institut d'Investigació Biomèdica de Girona | Hospital Universitari Dr. Josep Trueta
1--Colorado Department of Public Health and Environment
1--Department of Virology, Henri Mondor University Hospital, Assistance Publique Hôpitaux de Paris, Université Paris-Est Créteil, INSERM U955","2--""Instituto Nacional de Higiene """"Rafael Rangel"""" - INHRR""
2--Hospital Universitari Dr. Josep Trueta
2--Instituto Venezolano de Investigaciones Científicas - IVIC
1--Colorado Department of Public Health and Environment
1--LPA BESANCON
1--INHRR","EPI_ISL_6031820, EPI_ISL_6031822, EPI_ISL_8183788, EPI_ISL_14260353, EPI_ISL_19199626, EPI_ISL_19199630, EPI_ISL_19199635, EPI_ISL_19199648, EPI_ISL_19256721"
20457,ATTCTGGGC,9,10,ORF1b,2330,ILG,40.0,B.1.526,100.0,1,USA,100.0,1,4,4,100.0,100.0,6,60.0,"5--Infectious Disease Program, Broad Institute of Harvard and MIT
2--Yale Center for Genomic Analysis
2--Grubaugh Lab - Yale School of Public Health
1--The Jackson Laboratory","5--Broad Institute Clinical Research Sequencing Platform
3--Yale Clinical Virology Lab
1--VA Connecticut Healthcare System
1--The Jackson Laboratory","EPI_ISL_1315142, EPI_ISL_1674600, EPI_ISL_1792934, EPI_ISL_1793448, EPI_ISL_1825298, EPI_ISL_1918945, EPI_ISL_2104282, EPI_ISL_2192966, EPI_ISL_2283930, EPI_ISL_2312300"
3337,GAACCCAGCAGCCGT,15,45,ORF1a,1024,GTQQP,9.5,BA.2,100.0,1,Luxembourg,53.3,6,13,13,85.7,85.7,42,93.3,"20--Laboratoire national de sante, Microbiology, Microbial Genomics Platform
8--Department of Virology, Henri Mondor University Hospital, Assistance Publique Hôpitaux de Paris, Université Paris-Est Créteil, INSERM U955
4--Microbiology, Microbial Genomics Platform, LNS Laboratoire National De Santé
3--Robert Koch Institute
2--CNR Virus des Infections Respiratoires - France SUD
1--Azienda Sanitaria dell'Alto Adige
1--Fondazione del Piemonte per l'Oncologia IRCCS
1--Lifebrain Covid Labor GmbH
1--Centre National de Reference des Virus des Infections Respiratoires
1--Laboratoire de Biologie Médicale (LBM) Alpigene
1--KU Leuven, Rega Institute, Clinical and Epidemiological Virology
1--Institut Pasteur
1--US Air Force School of Aerospace Medicine","8--Laboratoires d'analyses medicales - KETTERTHILL
8--Laboratoire national de sante, Microbiology, Virology
3--Hospital Center Luxembourg
2--Klinikum Ernst von Bergmann gemeinnützige GmbH - stationärer Bereich
2--Labo Analyses Med
2--BioneXt LAB - Laboratoire d'analyses médicales
2--BIOFFICE - LBM RAVEZIES
2--SELAS BC-LAB
2--BioneXt Lab
1--Laboratoire Bioconcorde
1--Labor Dr. Krause & Kollegen MVZ GmbH Kiel
1--Synlab Bordeaux Atlantique
1--Azienda Sanitaria dell'Alto Adige - Laboratorio Aziendale di Microbiologia e Virologia
1--Biomer Metz Verriers
1--Lifebrain Covid Labor GmbH
1--ST AVOLD EspaceBio
1--Laboratoires Reunis
1--BAR LE DUC ESPACEBIO
1--KU Leuven, Rega Institute, Clinical and Epidemiological Virology
1--CH Haguenau
1--A.S.L. TO4
1--US Air Force School of Aerospace Medicine
1--GH A.CHENEVIER-H.MONDOR","EPI_ISL_10777576, EPI_ISL_12197906, EPI_ISL_12270795, EPI_ISL_12293012, EPI_ISL_12412089, EPI_ISL_12417013, EPI_ISL_12421037, EPI_ISL_12444175, EPI_ISL_12446000, EPI_ISL_12446410, EPI_ISL_12446736, EPI_ISL_12447338, EPI_ISL_12448297, EPI_ISL_12448780, EPI_ISL_12451980, EPI_ISL_12451981, EPI_ISL_12453417, EPI_ISL_12453418, EPI_ISL_12453419, EPI_ISL_12453420, EPI_ISL_12453421, EPI_ISL_12512826, EPI_ISL_12556688, EPI_ISL_12628768, EPI_ISL_12628778, EPI_ISL_12702243, EPI_ISL_12702981, EPI_ISL_12702991, EPI_ISL_12787055, EPI_ISL_12837105, EPI_ISL_12837107, EPI_ISL_12837508, EPI_ISL_12837737, EPI_ISL_12855762, EPI_ISL_13011861, EPI_ISL_13011879, EPI_ISL_13031303, EPI_ISL_13032082, EPI_ISL_13132204, EPI_ISL_13163539, EPI_ISL_13187154, EPI_ISL_13282241, EPI_ISL_13328695, EPI_ISL_13822609, EPI_ISL_14668850"
27758,ATTGAACTTTCATTA,15,2,ORF7b,1,IELSL,3.9,B.1.36,100.0,1,USA|England,50.0,2,2,2,50.0,66.7,2,100.0,"1--Houston Methodist Hospital
1--Wellcome Sanger Institute","1--Houston Methodist Hospital
1--Lighthouse Lab in Cambridge","EPI_ISL_1079451, EPI_ISL_1333880"
27756,AAAACTTTT,9,8,ORF7b,0,KNF,7.0,B.1.416.1,100.0,1,France,100.0,1,2,2,100.0,100.0,7,87.5,"7--Centre National de Reference des Virus des Infections Respiratoires
1--CHU Purpan - Laboratoire de Virologie - Institut Fédératif de Biologie","4--Laboratoire de Virologie  Hôpital Robert Debré
1--Hospital
1--Laboratoire de Virologie Hôpital Robert Debré
1--Laboratoire de Virologie, Hôpital Robert Debré
1--CHU Purpan - Laboratoire de Virologie - Institut Fédératif de Biologie","EPI_ISL_754843, EPI_ISL_754844, EPI_ISL_754845, EPI_ISL_754846, EPI_ISL_765479, EPI_ISL_792006, EPI_ISL_832130, EPI_ISL_4255798"
27851,AAACTGGGA,9,6,ORF7b,32,KLG,1.6,XFG.1.1,100.0,1,USA,83.3,2,2,3,85.7,85.7,6,100.0,"3--Arizona State Public Health Laboratory
2--Los Angeles County Public Health Laboratories
1--Public Health Ontario (OAHPP) Ontario Agency of Health Protection and Promotion","3--Arizona State Public Health Laboratory
2--Los Angeles County Public Health Laboratory
1--The Hospital for Sick Children","EPI_ISL_20383415, EPI_ISL_20383430, EPI_ISL_20406844, EPI_ISL_20420125, EPI_ISL_20493713, EPI_ISL_20493720"
3268,AAAAGAGGC,9,6,ORF1a,1001,KRG,21.2,NY.3,100.0,1,Philippines,50.0,3,4,4,100.0,100.0,6,100.0,"3--Research Institute for Tropical Medicine
1--Los Angeles County Public Health Laboratories
1--University of Glasgow
1--Laboratory Branch, Coronaviruses and Other Respiratory Viruses Division, National Center for Immunization and Respiratory Diseases, Centers for Disease Control and Prevention (CDC)","1--Los Angeles County Public Health Laboratory
1--West of Scotland Specialist Virology Centre, NHSGGC / MRC-University of Glasgow Centre for Virus Research
1--Vicente Sotto Memorial Medical Center
1--Virology Department, Research Institute for Tropical Medicine
1--Laboratory Corporation of America
1--Vicente Sotto Memorial Medical Center (VSMMC)","EPI_ISL_19693009, EPI_ISL_19772208, EPI_ISL_19784182, EPI_ISL_19816674, EPI_ISL_20178084, EPI_ISL_20178098"
27989,CTGAATGA,8,2,ORF8,32,LN,2.2,BA.2.9,100.0,1,Brazil|Japan,50.0,2,2,2,100.0,100.0,2,100.0,"1--Pathogen Genomics Center, National Institute of Infectious Diseases
1--LATE - Laboratório de Técnicas Especiais - Hospital Israelita Albert Einstein","1--SARS-CoV-2 testing team, National Institute of Infectious Diseases
1--LATE - Laboratório de Técnicas Especiais - Hospital Israelita Albert Einstein","EPI_ISL_13217532, EPI_ISL_13501242"
22304,CACTGG,6,2,S,247,SL,0.9,BA.2.3,100.0,1,USA,100.0,1,2,2,100.0,100.0,2,100.0,"1--Infectious Disease Program, Broad Institute of Harvard and MIT
1--Centers for Disease Control and Prevention, Division of Viral Diseases, Pathogen Discovery","1--Helix
1--Broad Institute Clinical Research Sequencing Platform","EPI_ISL_12864025, EPI_ISL_13197182"
22303,CAGCAAGAT,9,24,S,247,QQD,4.1,BA.2,91.7,2,Germany,100.0,1,3,3,81.8,85.7,18,75.0,"22--Robert Koch Institute
1--Center of Medical Microbiology, Virology, and Hospital Hygiene, University of Duesseldorf
1--Charité Universitätsmedizin Berlin, Institut für Virologie/Labor Berlin","3--Klinikum Ernst von Bergmann gemeinnützige GmbH - stationärer Bereich
2--Labor Mönchengladbach  MVZ Dr. Stein + Kollegen GbR
2--Sonic - Labor Staber Dresden (Klipphausen)
2--LADR Zentrallabor DR. Kramer & Kollegen Geesthacht
2--labopart - Medizinische Laboratorien Dresden
2--Bioscientia Labor Wermsdorf
1--MVZ Dr. Eberhard & Partner Dortmund
1--Limbach - MVZ Labor Dr. Volkmann & Kollegen
1--SYNLAB MVZ Weiden
1--alphaomega Labor GbR (Medizinische Kooperationsgemeinschaft  Dres. Ackermann/Tennert/Zaiß)
1--ZOTZ KLIMAS MVZ Düsseldorf-Centrum GbR ÜBAG für Labormedizin, Genetik, Zytologie, Pathologie
1--Labor Berlin Charité Vivantes GmbH / Institut für Virologie
1--Department für Labormedizin Abteilung III  Bereich Molekulare Diagnostik  Universitätsklinikum Halle(Saale)
1--MDI Limbach Berlin GmbH; MVZ Labor Berlin
1--MVZ Labor Krone GbR
1--IMD - Labor Oderland
1--Labor 28 MVZ GmbH","EPI_ISL_12252726, EPI_ISL_12668098, EPI_ISL_12674578, EPI_ISL_12674658, EPI_ISL_12729177, EPI_ISL_12828708, EPI_ISL_12998163, EPI_ISL_13001699, EPI_ISL_13003759, EPI_ISL_13004650, EPI_ISL_13010164, EPI_ISL_13036000, EPI_ISL_13051053, EPI_ISL_13235415, EPI_ISL_13238115, EPI_ISL_13245272, EPI_ISL_13246261, EPI_ISL_13248371, EPI_ISL_13249097, EPI_ISL_13383563, EPI_ISL_13383860, EPI_ISL_13568712, EPI_ISL_14373134, EPI_ISL_17330206"
27299,CGCAGTGG,8,10,ORF6,33,AV,6.9,BA.2.12.1,100.0,1,USA,100.0,1,3,5,90.9,90.9,10,100.0,"6--Centers for Disease Control and Prevention, Division of Viral Diseases, Pathogen Discovery
1--Rhode Island State Health Laboratory
1--Delaware Public Health Laboratory
1--Utah Public Health Laboratory
1--Aegis Sciences Corporation","3--Laboratory Corporation of America
2--Quest Diagnostics Incorporated
1--Rhode Island State Health Laboratory
1--Helix
1--Delaware Public Health Laboratory
1--Utah Public Health Laboratory
1--Aegis Sciences Corporation","EPI_ISL_12926610, EPI_ISL_12926699, EPI_ISL_13117228, EPI_ISL_13150541, EPI_ISL_13187545, EPI_ISL_13233617, EPI_ISL_13285326, EPI_ISL_14312277, EPI_ISL_15236948, EPI_ISL_15252939"
20484,AAAAGTGGGACC,12,3,ORF1b,2339,KSGT,0.0,BA.2,100.0,1,Japan,100.0,1,2,2,66.7,66.7,2,66.7,"2--Tokyo Metropolitan Institute of Public Health
1--Pathogen Genomics Center, National Institute of Infectious Diseases","2--Tokyo Metropolitan Institute of Public Health
1--Pathogen Genomics Center, National Institute of Infectious Diseases","EPI_ISL_13397752, EPI_ISL_13514648, EPI_ISL_14125197"
3177,AGAAAACCCTCACCT,15,88,ORF1a,971,ENPHL,6.0,B.1.2,100.0,1,USA,98.9,2,26,27,78.0,78.0,85,96.6,"22--Centers for Disease Control and Prevention, Division of Viral Diseases, Pathogen Discovery
15--Respiratory Viruses Branch, Division of Viral Diseases, Centers for Disease Control and Prevention
8--Pandemic Response Lab, R&D
7--Wadsworth Center, New York State Department of Health
5--Centers for Disease Control and Prevention, Respiratory Viruses Branch
4--Departments of Pathology and Medicine, New York University School of Medicine
3--Pennsylvania Department of Health Bureau of Laboratories
3--Johns Hopkins Hospital Department of Pathology
2--Florida Bureau of Public Health Laboratories
2--Arizona State University
1--UTMG Pathology LLC
1--WVU and Marshall University Combined Genomics Core Facilities
1--Institut Pasteur de Dakar
1--Bureau of the Public Health Laboratory, NYC DOHMH
1--New York City Public Health Laboratory
1--State Laboratories Division, Hawaii State Department of Health
1--Microbial Genome Sequencing Center; Microbial Genomic Epidemiology Laboratory, University of Pittsburgh
1--Arizona State Public Health Laboratory
1--Lauring Lab, University of Michigan, Department of Microbiology and Immunology
1--MSHS Pathogen Surveillance Program
1--Wadsworth Center, New York State Department.of Health
1--Salemi Lab, University of Florida
1--Department of Pathology, Johns Hopkins Hospital
1--Tampa General Hospital Esoteric Research & Development Lab
1--Dr. Suman Das Lab - Vanderbilt University Medical Center (VUMC)
1--Biomedical Sciences, Marshall University School of Medicine
1--Genomics and Discovery, Respiratory Viruses Branch, Division of Viral Diseases, Centers for Disease Control and Prevention","16--Helix/Illumina
8--Pandemic Response Lab - NYC
6--Quest Diagnostics Incorporated
6--Laboratory Corporation of America
5--Centers for Disease Control and Prevention, Respiratory Viruses Branch
4--NYU Langone Health
4--Aegis Sciences Corporation
3--Pennsylvania Department of Health Bureau of Laboratories
3--Johns Hopkins Hospital Department of Pathology
2--ALBANY MEDICAL CENTER HOSPITAL CLINICAL LABORATORIES
2--Helix / Illumina
2--WVDHHR - Office of Laboratory Services
2--Florida Bureau of Public Health Laboratories
2--Arizona State University
2--URMC LABS
1--Biomedical Sciences, Marshall University School of Medicine
1--VUMC Molecular Infectious Diseases Laboratory (MIDL)
1--TN DOH Laboratory Services
1--Columbia University Irving Medical Center
1--State Laboratories Division, Hawaii State Department of Health
1--Arizona State Public Health Laboratory
1--DOHMH Central Harlem
1--Bureau of the Public Health Laboratory, NYC DOHMH
1--Tampa General Hospital Esoteric Lab
1--Centre de Recherche Médicale et Sanitaire (CERMES)
1--""""""PA Department of Health, Bureau of Laboratories""""""
1--UF Health Shands Hospital - Core Laboratory
1--J.W. Ruby Memorial Hospital
1--MEMORIAL SLOAN KETTERING CANCER CENTER
1--Department of Pathology, Johns Hopkins Hospital
1--UPMC Clinical Microbiology Laboratory
1--KY State Public Health Lab
1--NYC Pandemic Response Lab
1--MSHS Clinical Microbiology Laboratories
1--MONTEFIORE MEDICAL CENTER LABORATORIES
1--University of Michigan Clinical Microbiology Laboratory","EPI_ISL_683877, EPI_ISL_767654, EPI_ISL_830699, EPI_ISL_846746, EPI_ISL_850708, EPI_ISL_884022, EPI_ISL_896387, EPI_ISL_896388, EPI_ISL_1015732, EPI_ISL_1016200, EPI_ISL_1020721, EPI_ISL_1021200, EPI_ISL_1026004, EPI_ISL_1026067, EPI_ISL_1027956, EPI_ISL_1031849, EPI_ISL_1040896, EPI_ISL_1041393, EPI_ISL_1041456, EPI_ISL_1086857, EPI_ISL_1086858, EPI_ISL_1088892, EPI_ISL_1090300, EPI_ISL_1090854, EPI_ISL_1113923, EPI_ISL_1133872, EPI_ISL_1134018, EPI_ISL_1134020, EPI_ISL_1195900, EPI_ISL_1218729, EPI_ISL_1218730, EPI_ISL_1226518, EPI_ISL_1262186, EPI_ISL_1262368, EPI_ISL_1262382, EPI_ISL_1267686, EPI_ISL_1267719, EPI_ISL_1267726, EPI_ISL_1268649, EPI_ISL_1270164, EPI_ISL_1284183, EPI_ISL_1292550, EPI_ISL_1338293, EPI_ISL_1405520, EPI_ISL_1423406, EPI_ISL_1443841, EPI_ISL_1513401, EPI_ISL_1562285, EPI_ISL_1615276, EPI_ISL_1624818, EPI_ISL_1685641, EPI_ISL_1708784, EPI_ISL_1710725, EPI_ISL_1738038, EPI_ISL_1789703, EPI_ISL_1922813, EPI_ISL_2281792, EPI_ISL_2633293, EPI_ISL_2633407, EPI_ISL_2633700, EPI_ISL_2715439, EPI_ISL_2715509, EPI_ISL_2827568, EPI_ISL_2989629, EPI_ISL_3341925, EPI_ISL_3353736, EPI_ISL_3353738, EPI_ISL_3353756, EPI_ISL_3353787, EPI_ISL_3371096, EPI_ISL_3371098, EPI_ISL_3451822, EPI_ISL_4346025, EPI_ISL_4360251, EPI_ISL_5780015, EPI_ISL_6469074, EPI_ISL_12657825, EPI_ISL_12799788, EPI_ISL_15748048, EPI_ISL_16431317, EPI_ISL_16868977, EPI_ISL_17116760, EPI_ISL_17532584, EPI_ISL_17532769, EPI_ISL_17533536, EPI_ISL_17533556, EPI_ISL_17533896, EPI_ISL_19105598"
22103,AAGAGGGACGGC,12,2,S,180,EEGR,0.0,BA.2.54,100.0,1,USA|Spain,50.0,2,2,2,66.7,100.0,2,100.0,"1--Hospital Universitari Vall d'Hebron - Vall d'Hebron Institut de Recerca
1--Piantadosi Lab, Emory Department of Pathology","1--Emory/Children's Laboratory for Innovative Assay Development
1--Hospital Universitari Vall d'Hebron - Vall d'Hebron Institut de Recerca","EPI_ISL_13358836, EPI_ISL_13901175"
27965,TGTCATGA,8,2,ORF8,25,HX,56.8,BA.2.18,100.0,1,Wales,100.0,1,2,2,100.0,100.0,2,100.0,"1--Wellcome Sanger Institute
1--Public Health Wales Microbiology Cardiff Wales Specialist Virology Centre","1--Rosalind Franklin Laboratory
1--Originating lab: Wales Specialist Virology Centre Sequencing lab: Pathogen Genomics Unit","EPI_ISL_12895026, EPI_ISL_13130531"
22119,AGGCCGGGA,9,3,S,185,LGR,0.0,BA.5.1.27,100.0,1,USA,100.0,1,2,2,100.0,100.0,2,66.7,"2--State Hygienic Laboratory at the University of Iowa
1--Colorado Department of Public Health and Environment","2--State Hygienic Laboratory at the University of Iowa
1--Colorado Department of Public Health and Environment","EPI_ISL_15274473, EPI_ISL_16075705, EPI_ISL_16096341"
22117,TTAAAGGTAGAC,12,9,S,185,LKVD,0.3,BA.5.1,100.0,1,Slovenia,66.7,2,3,3,100.0,100.0,8,88.9,"5--NLZOH (National Laboratory for Health, Environment and Food)
3--Hrvatski zavod za javno zdravstvo
1--NLZOH (National Laboratory for Health, Environment and Food) / CISLD (Clinical Institute of Special Laboratory Diagnostics), University Children's Hospital, University Medical Center Ljubljana","6--National Laboratory for Health, Environment and Food, OMM, Maribor
2--""Klinika za infektivne bolesti """"Dr. Fran Mihaljević""""""
1--Zavod za javno zdravstvo Međimurske županije","EPI_ISL_15698880, EPI_ISL_15716837, EPI_ISL_15857633, EPI_ISL_15973323, EPI_ISL_15973328, EPI_ISL_15973398, EPI_ISL_15973432, EPI_ISL_16018115, EPI_ISL_16479662"
22207,GTCAGAGCAGGT,12,2,S,215,VRAG,0.0,BA.2.9,100.0,1,France,100.0,1,2,2,66.7,100.0,2,100.0,"1--Centre National de Reference des Virus des Infections Respiratoires
1--Laborizon Centre","1--Labo Analyses Med
1--Biogroup Laboratoire Voiron","EPI_ISL_12617541, EPI_ISL_14971971"
3181,GAGGCTGAAGGC,12,7,ORF1a,972,EAEG,0.0,BA.2.12.1,100.0,1,USA,100.0,1,3,4,0.0,3.2,7,100.0,"3--Centers for Disease Control and Prevention, Division of Viral Diseases, Pathogen Discovery
2--Houston Methodist Hospital
1--Department of Internal Medicine, Wake Forest School of Medicine
1--Wisconsin State Laboratory of Hygiene Communicable Disease Division","2--Houston Methodist Hospital
2--Quest Diagnostics Incorporated
1--Laboratory Corporation of America
1--Carolinas HealthCare Systems Laboratory
1--Wisconsin State Laboratory of Hygiene Communicable Disease Division","EPI_ISL_13232683, EPI_ISL_13262072, EPI_ISL_13481197, EPI_ISL_13482800, EPI_ISL_13593049, EPI_ISL_13893332, EPI_ISL_13914861"
27409,TAGTTAGAGA,10,16,ORF7a,5,LVR,67.1,AY.4.2,100.0,1,England,100.0,1,2,2,83.3,83.3,15,93.8,"15--Wellcome Sanger Institute
1--COVID-19 Genomics UK (COG-UK) Consortium","15--Lighthouse Laboratory Plymouth
1--Respiratory Virus Unit, Microbiology Services Colindale, Public Health England","EPI_ISL_6346943, EPI_ISL_6767352, EPI_ISL_6767408, EPI_ISL_6768934, EPI_ISL_6801138, EPI_ISL_6804811, EPI_ISL_7182170, EPI_ISL_7185536, EPI_ISL_7197666, EPI_ISL_7197771, EPI_ISL_7200202, EPI_ISL_7202742, EPI_ISL_7397870, EPI_ISL_7862362, EPI_ISL_7963332, EPI_ISL_8196502"
2024,GACTGGGCG,9,3,ORF1a,586,RLG,3.7,XBB.1.5,100.0,1,Jamaica,66.7,2,3,3,0.3,1.0,3,100.0,"1--Gorgas Memorial Institute of Health Studies
1--Centers for Disease Control and Prevention, Division of Viral Diseases, Pathogen Discovery
1--Caribbean Public Health Agency (CARPHA)","1--National Public Health Laboratory
1--National Public Health Laboratory Jamaica
1--Laboratory Corporation of America","EPI_ISL_16887103, EPI_ISL_17213865, EPI_ISL_18012125"
27408,CAAGGCAGA,9,4,ORF7a,5,QGR,0.2,HK.3,100.0,1,Japan,75.0,2,2,2,100.0,100.0,3,75.0,"3--Sapporo City Institute of Public Health
1--Division of Emerging Infectious Diseases, Bureau of Infectious Diseases Diagnosis Control, Korea Disease Control and Prevention Agency","3--Sapporo City Institute of Public Health
1--Division of Emerging Infectious Diseases, Bureau of Infectious Diseases Diagnosis Control, Korea Disease Control and Prevention Agency","EPI_ISL_18711896, EPI_ISL_18895781, EPI_ISL_18895784, EPI_ISL_18895800"
22193,CCCGGGAGCCGG,12,2,S,210,TREP,0.4,BA.2,100.0,1,Germany,100.0,1,2,2,100.0,100.0,2,100.0,"1--Heinrich Pette Institute, Leibniz Institute for Experimental Virology
1--Robert Koch Institute","1--MVZ Labor Dr. Fenner und Kollegen (Standort Hamburg)
1--Labor Dr. Fenner und Kollegen","EPI_ISL_12816301, EPI_ISL_13650441"
27507,CAATTTT,7,7,ORF7a,38,QF,82.8,AY.122,85.7,2,Czech_Republic,100.0,1,2,2,100.0,100.0,4,57.1,"6--University Hospital Hradec Kralove
1--University Hospital Brno, CMBG","3--Orlickoustecka nemocnice
3--University Hospital Hradec Kralove
1--OKMI","EPI_ISL_7831407, EPI_ISL_8146355, EPI_ISL_8146356, EPI_ISL_8215759, EPI_ISL_8730840, EPI_ISL_8730841, EPI_ISL_11217590"
22204,AGCAGT,6,18,S,214,SS,11.4,XBB.1.5.101,100.0,1,Sweden,72.2,3,5,5,90.0,90.0,18,100.0,"7--Karolinska University Hospital
4--AGES IMED Vienna
3--The Public Health Agency of Sweden
3--Akademiska Sjukhuset, Clinical Microbiology and Hospital Hygiene
1--Statens Serum Institut Bioinformatics and Microbial Genomics","4--Medilab
4--Karolinska University Hospital Huddinge
3--The Public Health Agency of Sweden
3--Akademiska Sjukhuset, Clinical Microbiology and Hospital Hygiene
2--Karolinska University Hospital Solna
1--Unilabs
1--Department of Clinical Microbiology, Hvidovre Hospital","EPI_ISL_17472150, EPI_ISL_17472340, EPI_ISL_17525583, EPI_ISL_17525610, EPI_ISL_17668975, EPI_ISL_17710392, EPI_ISL_17732652, EPI_ISL_17732725, EPI_ISL_17732783, EPI_ISL_17732808, EPI_ISL_17732823, EPI_ISL_17742454, EPI_ISL_17742474, EPI_ISL_17769761, EPI_ISL_18001750, EPI_ISL_18001793, EPI_ISL_18001799, EPI_ISL_19118743"
18693,AAAAGC,6,3,ORF1b,1741,SK,0.0,EG.5.1.15,100.0,1,USA,100.0,1,2,2,75.0,75.0,3,100.0,"2--Seattle Flu Study
1--University of Washington, Medical Center","2--Seattle Flu Study
1--University of Washington, Medical Center","EPI_ISL_17977395, EPI_ISL_18207255, EPI_ISL_18304275"
27504,CCAATTTTTCTTATTGTTGC,20,22,ORF7a,37,PIFLIV,60.1,AY.3.1,95.5,2,USA,100.0,1,4,5,3.5,3.6,13,59.1,"17--Centers for Disease Control and Prevention, Division of Viral Diseases, Pathogen Discovery
2--Tampa General Hospital Esoteric Research & Development Lab
1--ADPH
1--South Carolina Dept. of Health &amp; Environmental Control, CoV_South Carolina Dept. of Health &amp; Environmental Control
1--Aegis Sciences Corporation","17--Aegis Sciences Corporation
2--Tampa General Hospital Esoteric Lab
1--Infinity Biologix
1--ADPH
1--South Carolina Dept. of Health &amp; Environmental Control, CoV_South Carolina Dept. of Health &amp; Environmental Control","EPI_ISL_3818776, EPI_ISL_3847796, EPI_ISL_4171517, EPI_ISL_4397639, EPI_ISL_4554424, EPI_ISL_4555051, EPI_ISL_4905292, EPI_ISL_4979018, EPI_ISL_4979750, EPI_ISL_4981438, EPI_ISL_4982628, EPI_ISL_5145624, EPI_ISL_5145630, EPI_ISL_5228667, EPI_ISL_5519545, EPI_ISL_5548485, EPI_ISL_5772421, EPI_ISL_6052015, EPI_ISL_6062065, EPI_ISL_7945759, EPI_ISL_10083258, EPI_ISL_17116560"
27299,CATCTCCGG,9,4,ORF6,33,ISG,66.2,XBB.1.16,100.0,1,USA,75.0,2,3,4,100.0,100.0,3,75.0,"1--Helix
1--Centers for Disease Control and Prevention, Division of Viral Diseases, Pathogen Discovery
1--Southern Nevada Public Health Laboratory
1--National Platform bis UMONS/Jolimont","1--Southern Nevada Public Health Laboratory
1--Laboratory Corporation of America
1--National Platform bis UMONS/Jolimont
1--Kaiser Permanente Southern California","EPI_ISL_17979219, EPI_ISL_18037726, EPI_ISL_18144785, EPI_ISL_18393245"
22304,CAGTTTTGG,9,36,S,248,SFG,12.6,BA.2,100.0,1,France,83.3,5,14,14,1.5,1.5,29,80.6,"7--CHU Purpan - Laboratoire de Virologie - Institut Fédératif de Biologie
7--Gen-Bio Inovie Gravanches
6--CNR Virus des Infections Respiratoires - France SUD
3--MEPHI, Aix Marseille University
3--Robert Koch Institute
2--Centre National de Reference des Virus des Infections Respiratoires
1--Institut Hospitalo-Universitaire Mediterranee Infection
1--Laboratoire de Biologie Médicale (LBM) Alpigene
1--Institut Pasteur
1--Israel Central Virology laboratory
1--Colorado Department of Public Health and Environment
1--Department of Virology, Henri Mondor University Hospital, Assistance Publique Hôpitaux de Paris, Université Paris-Est Créteil, INSERM U955
1--AZ Delta Medical Laboratories in Roeselare, Belgium
1--CHU Clermont-Ferrand, service de virologie","5--CHU Purpan - Laboratoire de Virologie - Institut Federatif de Biologie
3--Labo Analyses Med
3--MEPHI, Aix Marseille University
3--B34 - Castres
2--ALTISBIO
2--CHU Toulouse
1--Institut Hospitalo-Universitaire Mediterranee Infection
1--BioCarmes Caen
1--Public health laboratories Tel Aviv
1--LABORATOIRE CREAVALLEE
1--AZDelta
1--Groupement Sylab
1--Centre hospitalier D'AURILLAC
1--Cbm (K) - Muret Barry
1--SYNLAB MVZ Weiden
1--Genbio - Montlucon St Francois
1--Colorado Department of Public Health and Environment
1--Inovie As Les Cedres
1--LADR Zentrallabor DR. Kramer & Kollegen Geesthacht
1--LABORATOIRE MAYMAT
1--MVZ Labor Dr. Quade & Kollegen GmbH
1--Biofusion - Villemur Sur Tarn
1--HOPITAL ALBI
1--LABORATOIRE BIOLAB AVENIR","EPI_ISL_11424499, EPI_ISL_11921136, EPI_ISL_11921182, EPI_ISL_11997956, EPI_ISL_11997960, EPI_ISL_12075323, EPI_ISL_12153066, EPI_ISL_12153903, EPI_ISL_12259088, EPI_ISL_12335876, EPI_ISL_12336185, EPI_ISL_12455153, EPI_ISL_12474154, EPI_ISL_12495873, EPI_ISL_12514080, EPI_ISL_12526512, EPI_ISL_12699076, EPI_ISL_12862458, EPI_ISL_12995832, EPI_ISL_13002959, EPI_ISL_13013828, EPI_ISL_13037400, EPI_ISL_13037426, EPI_ISL_13038056, EPI_ISL_13084288, EPI_ISL_13085635, EPI_ISL_13086456, EPI_ISL_13111999, EPI_ISL_13140769, EPI_ISL_13176639, EPI_ISL_13262970, EPI_ISL_13393381, EPI_ISL_13407825, EPI_ISL_14026626, EPI_ISL_14824674, EPI_ISL_17753384"
27686,CTCAGGTGTTTG,12,62,ORF7a,98,LRCL,8.2,BA.5.2.1,96.8,3,Germany,50.0,8,18,18,1.2,3000.0,60,98.4,"31--Robert Koch Institute
9--Tokyo Metropolitan Institute of Public Health
2--Wellcome Sanger Institute
2--Pathogen Genomics Center, National Institute of Infectious Diseases
2--Unilabs Eskilstuna Laboratorium
2--Statens Serum Institut Bioinformatics and Microbial Genomics
2--Saitama Institute of Public Health
2--National Public Health Organization
1--COVID-19 Genomics UK (COG-UK) Consortium
1--Aichi Prefectural Institute of Public Health
1--Tottori Prefectural Institute of Public Health and Environmental Science
1--Centers for Disease Control and Prevention, Division of Viral Diseases, Pathogen Discovery
1--Fukui Prefectural Institute of Public Health and Environmental Science
1--Hiroshima Prefectural Technology Research Institute, Public Health and Environment Center
1--Pandemic Response Lab, R&D
1--Hamamatsu City Institute of Health and Environment
1--Laboratory of Genomics and Bioinformatics, Comenius University Science Park
1--Division of Virology and Zoology, Chiba Prefectural Institute of Public Health","9--Tokyo Metropolitan Institute of Public Health
5--Labor Mönchengladbach  MVZ Dr. Stein + Kollegen GbR
4--Labor Dr. Krause & Kollegen MVZ GmbH Kiel
4--Landesamt für Verbraucherschutz des Landes Sachsen-Anhalt
4--Medizinische Laboratorien Düsseldorf
4--Bioscientia Labor Wermsdorf
3--Ruppiner Kliniken
2--MVZ Labor Dr. Limbach & Kollegen GbR
2--Pathogen Genomics Center, National Institute of Infectious Diseases
2--Lighthouse Laboratory Plymouth
2--Saitama Institute of Public Health
2--National Public Health Organization
2--Department of Bacteria, Parasites and Fungi, Statens Serum Institut, Copenhagen, Denmark
1--Biomedical Centre Martin, Jessenius Faculty of Medicine in Martin, Comenius University
1--MVZ Labor Dr. Fenner und Kollegen (Standort Hamburg)
1--Chiba Prefectural Institute of Public Health
1--Aichi Prefectural Institute of Public Health
1--Medizinisches Labor Ostsachsen MVZ GbR  Nebenbetriebsstätte Dresden
1--Tottori Prefectural Institute of Public Health and Environmental Science
1--Fukui Prefectural Institute of Public Health and Environmental Science
1--Unilabs Eskilstuna Laboratorium
1--Pandemic Response Lab - NYC
1--Hiroshima Prefectural Technology Research Institute, Public Health and Environment Center
1--Laboratory Corporation of America
1--LADR Zentrallabor DR. Kramer & Kollegen Geesthacht
1--Hamamatsu City Institute of Health and Environment
1--Helios Universitätsklinikum Wuppertal: Universität Witten/Herdecke: Institut für Medizinische Labordiagnostik
1--Unilabs Skövde Laboratorium
1--Diagnosticum - Labor Neukirchen
1--Virology Department, Royal Infirmary of Edinburgh, NHS Lothian / School of Biological Sciences, University of Edinburgh","EPI_ISL_13380428, EPI_ISL_13383485, EPI_ISL_13567951, EPI_ISL_13568077, EPI_ISL_13568974, EPI_ISL_13570772, EPI_ISL_13907465, EPI_ISL_13914666, EPI_ISL_13915635, EPI_ISL_13920500, EPI_ISL_13920528, EPI_ISL_13935216, EPI_ISL_13935270, EPI_ISL_13935403, EPI_ISL_13936115, EPI_ISL_13946885, EPI_ISL_14011739, EPI_ISL_14086905, EPI_ISL_14087015, EPI_ISL_14096456, EPI_ISL_14199267, EPI_ISL_14202942, EPI_ISL_14234439, EPI_ISL_14306450, EPI_ISL_14350282, EPI_ISL_14366020, EPI_ISL_14372363, EPI_ISL_14372477, EPI_ISL_14373505, EPI_ISL_14381116, EPI_ISL_14394964, EPI_ISL_14407470, EPI_ISL_14455182, EPI_ISL_14522666, EPI_ISL_14522690, EPI_ISL_14522695, EPI_ISL_14523705, EPI_ISL_14523736, EPI_ISL_14646345, EPI_ISL_14666366, EPI_ISL_14731893, EPI_ISL_14735485, EPI_ISL_14781731, EPI_ISL_14838570, EPI_ISL_14879407, EPI_ISL_14880889, EPI_ISL_14887378, EPI_ISL_14887379, EPI_ISL_14888657, EPI_ISL_14967891, EPI_ISL_14968388, EPI_ISL_14979873, EPI_ISL_15107746, EPI_ISL_15107747, EPI_ISL_15188765, EPI_ISL_15189771, EPI_ISL_15190156, EPI_ISL_15261870, EPI_ISL_15437812, EPI_ISL_15576338, EPI_ISL_15597539, EPI_ISL_15903108"
26184,TGGGAGAGT,9,6,,0,,1.1,B.1.621.1,100.0,1,USA,100.0,1,6,6,0.0,0.0,0,NaN,"1--Y20
1--Centers for Disease Control and Prevention, Division of Viral Diseases, Pathogen Discovery
1--Northwestern University - Center for Pathogen Genomics and Microbial Evolution
1--Boise VA Medical Center, PALMS
1--Maryland Department of Health Laboratories Administration
1--Wisconsin State Laboratory of Hygiene Communicable Disease Division","1--Northwestern Memorial Hospital
1--V20
1--MD PHL
1--Laboratory Corporation of America
1--Wisconsin State Laboratory of Hygiene Communicable Disease Division
1--Idaho Bureau of Laboratories","EPI_ISL_3332348, EPI_ISL_3587051, EPI_ISL_3664325, EPI_ISL_4026049, EPI_ISL_4760533, EPI_ISL_5223187"
22198,ACAGTAGGAGGA,12,1051,S,212,TVGG,4.0,BA.2.41,99.8,2,England,49.2,25,81,87,0.1,0.1,0,0.1,"528--Wellcome Sanger Institute
117--Centers for Disease Control and Prevention, Division of Viral Diseases, Pathogen Discovery
70--Robert Koch Institute
43--COVID-19 Genomics UK (COG-UK) Consortium
26--University of Wisconsin-Madison AIDS Vaccine Research Laboratories
17--University of Wisconsin, School of Veterinary Medicine, Department of Pathobiological Sciences
13--Aegis Sciences Corporation
12--Wisconsin State Laboratory of Hygiene Communicable Disease Division
11--Colorado Department of Public Health and Environment
10--Center of Medical Microbiology, Virology, and Hospital Hygiene, University of Duesseldorf
10--Public Health Wales Microbiology Cardiff Wales Specialist Virology Centre
9--WINDREF/SGU Laboratory
9--Statens Serum Institut Bioinformatics and Microbial Genomics
9--Pennsylvania Department of Health Bureau of Laboratories
8--Infectious Disease Program, Broad Institute of Harvard and MIT
8--University of Wisconsin-Madison
6--CARPHA
6--City of Milwaukee Health Department Laboratory
6--The City of Milwaukee Health Department
5--IRCCS Regina Elena National Cancer Institute
5--Clinical Microbiology Laboratory, Tel Aviv Sourasky Medical Center
5--UW Virology Lab
4--School of Medicine and Public Health, UW Madison
4--State Hygienic Laboratory at the University of Iowa
4--New York City Public Health Laboratory
4--KU Leuven, Rega Institute, Clinical and Epidemiological Virology
4--Ministry of Health Turkey
4--Public Health Ontario
3--RIPHL at Rush University Medical Center
3--Center for Pathogen Genomics and Microbial Evolution, Northwestern University
3--Department of Biomedical Informatics, University of Arkansas for Medical Sciences
3--Department of Pathology and Laboratory Services, University of Arkansas for Medical Sciences
3--Helix
3--Houston Methodist Hospital
3--Marshfield Clinic Research Institute - Integrated Research and Development Laboratory
3--Department for Virology, Molecular Biology and Genome Research, R. G. Lugar Center for Public Health Research, National Center for Disease Control and Public Health (NCDC) of Georgia.
3--Enfer
3--University of Louisville Sequencing Technology Center
2--Jessa
2--Missouri State Public Health Laboratory
2--US Air Force School of Aerospace Medicine
2--Carrington Lab, Department of Preclinical Sciences, Faculty of Medical Sciences, The University of the West Indies, St Augustine Campus
2--Nebraska Public Health Laboratory
2--Arkansas Public Health Laboratory
2--Alberta Precision Labs (APL)
2--Microvida
2--Shamir Medical Center (Asaf Harofe)
2--Israel Central Virology laboratory
2--Virology Laboratory, Scientific Department, Army Medical Center
2--Health and Enviroment, Kansas Department of Health and Environment
2--Leiden University Medical Center
2--Bergthaler laboratory, CeMM Research Center for Molecular Medicine of the Austrian Academy of Sciences
2--National Institute for Public Health and the Environment (RIVM)
1--Northwestern University - Center for Pathogen Genomics and Microbial Evolution
1--Imelda Ziekenhuis
1--Utah Public Health Laboratory
1--Plateforme de testing Namuroise
1--Manitoba Cadham Provincial Laboratory
1--Istituto Zooprofilattico Sperimentale delle Venezie
1--Yale Pathology Labs
1--UMC Utrecht
1--Tewhey Lab, The Jackson Laboratory
1--Gen-Bio Inovie Gravanches
1--Laborizon Centre
1--Norwegian Institute of Public Health, Department of Virology
1--Los Angeles County Public Health Laboratories
1--Institut f. med. Mikrobiologie & Hygiene - Österr. AGES GmbH
1--Centre Hospitalier Universitaire (CHU) Grenoble
1--Gyncentrum
1--Seattle Flu Study
1--Royal Hobart Hospital
1--Minnesota Department of Health, Public Health Laboratory
1--Pathology and Lab Medicine, University of Wisconsin
1--Centre National de Reference des Virus des Infections Respiratoires
1--Microbiology Department
1--Labo Klinische Biologie, UZA
1--Florida Bureau of Public Health Laboratories
1--NSW Health Pathology - Institute of Clinical Pathology and Medical Research; Westmead Hospital; University of Sydney
1--Puerto Rico Science, Technology and Research Trust
1--Uhlemann Laboratory, Columbia University Irving Medical Center
1--Michigan Department of Health and Human Services, Bureau of Laboratories
1--UNC Charlotte Environmental Monitoring Laboratory
1--OLVZ Aalst
1--Charles University, Faculty of Science, BIOCEV, OMICS Genomics
1--Charité Universitätsmedizin Berlin, Institut für Virologie/Labor Berlin
1--Illinois Department of Public Health - Springfield Lab
1--Public Health Virology, Forensic and Scientific Services (PHV-FSS), Queensland Health","328--Rosalind Franklin Laboratory
114--Lighthouse Lab in Glasgow
41--Quest Diagnostics Incorporated
37--Helix
34--Laboratory Corporation of America
33--Lighthouse Lab in Milton Keynes
29--Respiratory Virus Unit, Microbiology Services Colindale, Public Health England
29--Lighthouse Lab in Alderley Park
26--University of Wisconsin-Madison AIDS Vaccine Research Laboratories
17--University of Wisconsin, School of Veterinary Medicine, Department of Pathobiological Sciences
14--Berkshire and Surrey Pathology Services Lighthouse Laboratory
13--Aegis Sciences Corporation
12--Wisconsin State Laboratory of Hygiene Communicable Disease Division
11--Colorado Department of Public Health and Environment
11--Labor Mönchengladbach  MVZ Dr. Stein + Kollegen GbR
10--Originating lab: Wales Specialist Virology Centre Sequencing lab: Pathogen Genomics Unit
9--WINDREF/SGU Laboratory
9--ZOTZ KLIMAS MVZ Düsseldorf-Centrum GbR ÜBAG für Labormedizin, Genetik, Zytologie, Pathologie
9--Pennsylvania Department of Health Bureau of Laboratories
8--Trinidad Public Health Laboratory
8--University of Wisconsin-Madison
8--Broad Institute Clinical Research Sequencing Platform
7--Department of Bacteria, Parasites and Fungi, Statens Serum Institut, Copenhagen, Denmark
7--Limbach - MVZ Labor Ravensburg Labor Dr. Gärtner
6--SYNLAB MVZ Weiden
6--The City of Milwaukee Health Department
5--Integrated Covid Hub North East
5--Clinical Microbiology Laboratory, Tel Aviv Sourasky Medical Center
5--UW Virology Lab
5--Northumbria University / South Tees Hospitals NHS Foundation Trust / North Cumbria Integrated Care NHS Foundation Trust / North Tees and Hartlepool NHS Foundation Trust / Newcastle Hospitals NHS Foundation Trust
5--IRCCS San Gallicano Dermatological Institute
5--Quadram Institute Bioscience
4--School of Medicine and Public Health, UW Madison
4--amedes Göttingen
4--KU Leuven, Rega Institute, Clinical and Epidemiological Virology
4--Ministry of Health Turkey
4--NOAH Clinical Laboratory
4--Northwestern Memorial Hospital
4--Public Health Ontario Laboratory
3--Gravity Diagnostics, LLC
3--DOHMH Jamaica
3--Labor Blackholm MVZ
3--Department of Biomedical Informatics, University of Arkansas for Medical Sciences
3--Limbach - MVZ Labor Dr. Volkmann & Kollegen
3--Department of Pathology and Laboratory Services, University of Arkansas for Medical Sciences
3--Limbach - MVZ Clotten Labor Freiburg  Labor Dr. Haas Dr. Raif & Kollegen GbR
3--Houston Methodist Hospital
3--Marshfield Clinic Labs
3--Enfer
3--Kaiser Permanente Southern California
3--LADR Zentrallabor DR. Kramer & Kollegen Geesthacht
3--MDI Limbach Berlin GmbH; MVZ Labor Berlin
2--Public health laboratories Tel Aviv
2--Jessa
2--""""""AR Dept. of Health-PHL, Molecular Diagnostics""""""
2--University of Iowa Hospitals and Clinics
2--Missouri State Public Health Laboratory
2--Bioscientia Labor Wermsdorf
2--US Air Force School of Aerospace Medicine
2--State Hygienic Laboratory at the University of Iowa
2--National Center for Disease Control and Public Health (NCDC) of Georgia.
2--Haaglanden Medisch Centrum
2--Nebraska Public Health Laboratory
2--Austrian Agency for Health and Food Safety (AGES)
2--Arkansas Public Health Laboratory
2--Ruppiner Kliniken
2--Marshfield Clinic Research Institute
2--Barts Health NHS Trust
2--MVZ Labor Dr. Limbach & Kollegen GbR
2--Alberta Precision Labs (APL)
2--Microvida
2--Shamir Medical Center (Asaf Harofe)
2--Virology Laboratory, Scientific Department, Army Medical Center
2--IMD - MVZ Labor Martinsried
2--Department of Clinical Microbiology, Herlev and Gentofte University Hospital
2--Clemenshospital - Alexianer Clemenshospital Münster
2--Lighthouse Laboratory Plymouth
2--Health Services Laboratories
2--Sonic - Bioscientia - MVZ Labor Saar GmbH
2--National Institute for Public Health and the Environment (RIVM)
1--Klinikum Ernst von Bergmann gemeinnützige GmbH - stationärer Bereich
1--Alverno Labs
1--JSC Megalab
1--Sonic - MVZ Medizinisches Labor Bremen GmbH
1--Summit Clinical Laboratories
1--Utah Public Health Laboratory
1--AULSS 7 Pedemontana - Santorso
1--HUTCHINSON HEALTH HOSPITAL
1--Plateforme de testing Namuroise
1--Pathology Queensland and Forensic Scientific Services
1--Sonic - Labor Lademannbogen MVZ GmbH
1--Chuga Ibp Laboratoire De Virologie
1--Yale Pathology Labs
1--UMC Utrecht
1--StarMed Healthcare
1--Rush University Medical Center
1--Platform BIS UZA/UAntwerpen
1--The Rosalind Franklin Laboratory
1--Med. Labor Prof. Schenk Dr. Ansorge & Kollegen
1--Genbio - Pt / Clermont Gravanches
1--SYNLAB MVZ Leverkusen
1--NOAH
1--Sonic - Dr. Staber & Kollegen GmbH München
1--Medizinisches Labor Wahl Lüdenscheid
1--Institut f. med. Mikrobiologie & Hygiene - Österr. AGES GmbH
1--Labor Dr. Brunner Konstanz
1--Kansas Health and Environmental Lab
1--Gyncentrum
1--Lurie Children's Hospital
1--Seattle Flu Study
1--DOHMH PHL
1--MVZ Labor Dr. Fenner und Kollegen (Standort Hamburg)
1--Labor Dr. Schumacher MVZ
1--MB-Cadham Provincial laboratory
1--4Cyte Pathology
1--Pathology and Lab Medicine, University of Wisconsin
1--""""""PA Department of Health, Bureau of Laboratories""""""
1--Florida Bureau of Public Health Laboratories
1--Center of Medical Microbiology, Virology, and Hospital Hygiene, University of Duesseldorf
1--Labor Berlin Charité Vivantes GmbH / Institut für Virologie
1--Faculty Hospital Bulovka, Department of Clinical Microbiology
1--Health and Enviroment, Kansas Department of Health and Environment
1--Launceston General Hospital
1--AZ Jan Portaels
1--Dianovis GmbH Greiz
1--Virology Department, Royal Infirmary of Edinburgh, NHS Lothian / School of Biological Sciences, University of Edinburgh
1--Labor Dr. Krause & Kollegen MVZ GmbH Kiel
1--HOSPITAL UNIVERSITARI DE BELLVITGE
1--Labo Analyses Med
1--Clinical Microbiology Laboratory, NewYork Presbyterian Hospital/Columbia University Irving Medical Center
1--Michigan Department of Health and Human Services, Bureau of Laboratories
1--Labor Becker & Kollegen (Standort München)
1--Medizinische Laboratorien Düsseldorf
1--Regional Virus Laboratory, Belfast Health and Social Care Trust; and: Genomics Core Technology Unit, Queen's University Belfast.
1--Hospital of Southern Norway - Kristiansand, Department of Medical Microbiology
1--Maine Health and Environmental Testing Laboratory
1--Laboratorio Clinico Toledo
1--Biogroup Laboratoire Hoenheim
1--OLVZ Aalst
1--Huntington Memorial Hospital
1--Illinois Department of Public Health - Springfield Lab
1--Limbach - MVZ Gemeinschaftslabor Suhl",
28010,CGGTGAGGT,9,18,ORF8,39,R*G,0.2,AY.119,100.0,1,USA,100.0,1,2,2,100.0,100.0,17,94.4,"14--State Laboratories Division, Hawaii State Department of Health
4--Centers for Disease Control and Prevention, Division of Viral Diseases, Pathogen Discovery","14--State Laboratories Division, Hawaii State Department of Health
2--Laboratory Corporation of America
1--Helix
1--Quest Diagnostics Incorporated","EPI_ISL_6389537, EPI_ISL_6395970, EPI_ISL_6416995, EPI_ISL_7012657, EPI_ISL_7012923, EPI_ISL_7264036, EPI_ISL_7456332, EPI_ISL_7620786, EPI_ISL_7620799, EPI_ISL_7792403, EPI_ISL_7811983, EPI_ISL_7812014, EPI_ISL_7812032, EPI_ISL_7887429, EPI_ISL_7986087, EPI_ISL_7986137, EPI_ISL_7986141, EPI_ISL_8690973"
11271,CTCCTTGAG,9,3,ORF1a,3668,ISL,0.7,XEL,100.0,1,Japan,100.0,1,3,3,100.0,100.0,3,100.0,"1--Research Center for Influenza and Respiratory Viruses, National Institute of Infectious Diseases
1--Nagano Environmental Conservation Research Institute
1--Sapporo City Institute of Public Health","1--Research Center for Influenza and Respiratory Viruses, National Institute of Infectious Diseases
1--Nagano Environmental Conservation Research Institute
1--Sapporo City Institute of Public Health","EPI_ISL_19505318, EPI_ISL_19612212, EPI_ISL_19636074"
27299,GATGATGCCGGG,12,2,ORF6,32,MMMP,28.5,EG.5.1,100.0,1,USA|Japan,50.0,2,2,2,100.0,100.0,2,100.0,"1--Ginkgo Bioworks Clinical Laboratory / XpressCheck
1--Showa University PCR Center","1--Showa University PCR Center
1--Clinical Enterprise Airport (DC Indv)","EPI_ISL_18252017, EPI_ISL_18500031"
4087,AAAGGAGCTGGT,12,112,ORF1a,1274,KGAG,4.0,BA.2.9,99.1,2,Denmark,95.5,3,5,5,81.1,8600.0,86,76.8,"107--Statens Serum Institut Bioinformatics and Microbial Genomics
2--Fundación para el Fomento de la Investigación Sanitaria y Biomédica (FISABIO)
1--Institute of Clinical Pathology and Medical Research (ICPMR), Westmead Hospital
1--Microbiology Department, Laboratori Clínic Metropolitana Nord. Hospital Universitari Germans Trias i Pujol
1--Microbiology Department","74--Department of Bacteria, Parasites and Fungi, Statens Serum Institut, Copenhagen, Denmark
15--Department of Clinical Microbiology, Hvidovre Hospital
12--Department of Clinical Microbiology and Center for Genomic Medicine, Rigshospitalet, Copenhagen, Denmark
5--Department of Clinical Microbiology, Herlev and Gentofte University Hospital
1--CLILAB
1--Australian Clinical Labs (formerly Healthscope Pathology)
1--Servicio de Microbiología. Hospital Universitario Doctor Peset
1--Department of Clinical Microbiology, Slagelse Sygehus
1--Microbiologia CATLAB
1--Hospital General Universitario de Alicante - Instituto de Investigación Sanitaria y Biomédica de Alicante","EPI_ISL_9690303, EPI_ISL_10061716, EPI_ISL_10067014, EPI_ISL_10207004, EPI_ISL_10207065, EPI_ISL_10260600, EPI_ISL_10319598, EPI_ISL_10582530, EPI_ISL_10585280, EPI_ISL_10730880, EPI_ISL_10811535, EPI_ISL_10812407, EPI_ISL_11064522, EPI_ISL_11113651, EPI_ISL_11208277, EPI_ISL_11210631, EPI_ISL_11282292, EPI_ISL_11345385, EPI_ISL_11347402, EPI_ISL_11443037, EPI_ISL_11445103, EPI_ISL_11519791, EPI_ISL_11520317, EPI_ISL_11585125, EPI_ISL_11721873, EPI_ISL_11782773, EPI_ISL_11786536, EPI_ISL_11787576, EPI_ISL_11807839, EPI_ISL_11807921, EPI_ISL_11832370, EPI_ISL_11833325, EPI_ISL_11833519, EPI_ISL_11833706, EPI_ISL_11914566, EPI_ISL_11914644, EPI_ISL_11987835, EPI_ISL_12021811, EPI_ISL_12022931, EPI_ISL_12136822, EPI_ISL_12162060, EPI_ISL_12162131, EPI_ISL_12163912, EPI_ISL_12163916, EPI_ISL_12163978, EPI_ISL_12164940, EPI_ISL_12165851, EPI_ISL_12166147, EPI_ISL_12207884, EPI_ISL_12244687, EPI_ISL_12246448, EPI_ISL_12246932, EPI_ISL_12247522, EPI_ISL_12247690, EPI_ISL_12248058, EPI_ISL_12248239, EPI_ISL_12248278, EPI_ISL_12249237, EPI_ISL_12286223, EPI_ISL_12288091, EPI_ISL_12317814, EPI_ISL_12318702, EPI_ISL_12343300, EPI_ISL_12533618, EPI_ISL_12533906, EPI_ISL_12533996, EPI_ISL_12578967, EPI_ISL_12578973, EPI_ISL_12579233, EPI_ISL_12579422, EPI_ISL_12579518, EPI_ISL_12579559, EPI_ISL_12579588, EPI_ISL_12632021, EPI_ISL_12648245, EPI_ISL_12648688, EPI_ISL_12649002, EPI_ISL_12727316, EPI_ISL_12728265, EPI_ISL_12728617, EPI_ISL_12728652, EPI_ISL_12750466, EPI_ISL_12750487, EPI_ISL_12750616, EPI_ISL_12781150, EPI_ISL_12811481, EPI_ISL_13090043, EPI_ISL_13692610, EPI_ISL_14203646, EPI_ISL_14604291, EPI_ISL_15498468, EPI_ISL_18154164, EPI_ISL_18154360, EPI_ISL_18154404, EPI_ISL_18154534, EPI_ISL_18154536, EPI_ISL_18154819, EPI_ISL_19117554, EPI_ISL_19117616, EPI_ISL_19124151, EPI_ISL_19124466, EPI_ISL_19124775, EPI_ISL_19125029, EPI_ISL_19125057, EPI_ISL_19125066, EPI_ISL_19125069, EPI_ISL_19125070, EPI_ISL_19125128, EPI_ISL_19125132, EPI_ISL_19125151, EPI_ISL_19129517, EPI_ISL_19129811"
26181,AACTTTGGA,9,12,ORF3a,263,NFG,7.4,BA.2,100.0,1,Sweden,66.7,3,6,6,0.1,0.1,0,0.1,"3--Karolinska University Hospital
2--The Public Health Agency of Sweden
2--Unilabs Eskilstuna Laboratorium
2--Statens Serum Institut Bioinformatics and Microbial Genomics
2--Norwegian Institute of Public Health, Department of Virology
1--Reinius lab, Karolinska Institutet","2--The Public Health Agency of Sweden
2--Karolinska University Hospital Solna
2--Vestfold Hospital, Toensberg, Department of Microbiology
2--Department of Bacteria, Parasites and Fungi, Statens Serum Institut, Copenhagen, Denmark
1--Unilabs Skövde Laboratorium
1--Unilabs Eskilstuna Laboratorium
1--ABC Labs
1--Karolinska University Hospital Huddinge","EPI_ISL_10259695, EPI_ISL_10597268, EPI_ISL_10597306, EPI_ISL_10786938, EPI_ISL_10812068, EPI_ISL_10909276, EPI_ISL_11297336, EPI_ISL_11414865, EPI_ISL_11887391, EPI_ISL_11887638, EPI_ISL_13181618, EPI_ISL_13181634"
28121,GAGCCCGGAGCG,12,6,ORF8,76,EPGA,4.9,BA.5.2,100.0,1,France,100.0,1,2,2,54.5,85.7,6,100.0,"4--Department of Virology, Henri Mondor University Hospital, Assistance Publique Hôpitaux de Paris, Université Paris-Est Créteil, INSERM U955
2--Maladies infectieuses, Hospices Civils de Lyon","4--CH William MOREY
2--SELAS LABORATOIRE CARRON","EPI_ISL_14797043, EPI_ISL_14797181, EPI_ISL_14797301, EPI_ISL_14816588, EPI_ISL_14860721, EPI_ISL_14860722"
730,GATTTT,6,3,ORF1a,155,DF,2.5,BA.5.5,100.0,1,Canada,100.0,1,2,2,100.0,100.0,2,66.7,"2--Laboratoire de santé publique du Québec
1--Laboratoire de Santé Publique du Québec","2--Laboratoire de santé publique du Québec
1--Laboratoire de Santé Publique du Québec","EPI_ISL_14361815, EPI_ISL_14798773, EPI_ISL_14867217"
12865,AACACAATTAGT,12,4,ORF1a,4200,NTIS,0.3,BA.5.1.4,100.0,1,USA,100.0,1,3,3,100.0,100.0,4,100.0,"2--Laboratory Medicine and Pathology, University of Washington
1--Centers for Disease Control and Prevention, Division of Viral Diseases
1--The Piantadosi Lab, Department of Pathology and Laboratory Medicine, Emory University School of Medicine","2--Laboratory Medicine and Pathology, University of Washington
1--Centers for Disease Control and Prevention, Division of Viral Diseases
1--Emory/Children's Laboratory for Innovative Assay Development","EPI_ISL_15728451, EPI_ISL_17576128, EPI_ISL_17579161, EPI_ISL_17579333"
22117,TTAAATGAG,9,2,S,185,LNE,4.4,XBB.1.5.43,100.0,1,Australia,100.0,1,2,2,100.0,100.0,2,100.0,"1--Microbiological Diagnostic Unit - Public Health Laboratory (MDU-PHL)
1--SA Pathology","1--Microbiological Diagnostic Unit - Public Health Laboratory (MDU-PHL)
1--SA Pathology","EPI_ISL_17793739, EPI_ISL_17802850"
22303,CAGTCTTCG,9,4,S,246,SQS,1.4,BA.2,100.0,1,France,75.0,2,4,4,0.2,0.2,4,100.0,"1--Centers for Disease Control and Prevention, Division of Viral Diseases, Pathogen Discovery
1--Gen-Bio Inovie Gravanches
1--Centre National de Reference des Virus des Infections Respiratoires
1--CNR Virus des Infections Respiratoires - France SUD","1--B34 - Vias
1--LABORATOIRE DES DROITS DE L'HOMME
1--Labo Analyses Med
1--Aegis Sciences Corporation","EPI_ISL_12184119, EPI_ISL_12336344, EPI_ISL_13010951, EPI_ISL_13426924"
22304,CAGCGGAGG,9,463,S,247,SAE,3.3,BQ.1.1.37,98.7,5,Italy,45.4,23,95,97,0.1,0.1,0,0.1,"64--Public Health Ontario
40--Robert Koch Institute
39--U.O. Microbiologia, Laboratorio Unico Centro Servizi - AUSL della Romagna
21--Istituto Zooprofilattico Sperimentale delle Venezie
18--A.O. PERUGIA
16--Unità Operativa di Microbiologia, IRCSS Policlinico di Sant'Orsola, Azienda Ospedaliero Universitaria di Bologna
16--National Institute for Public Health and the Environment (RIVM)
13--Fundación Progreso y Salud Computational Medicine Platform
12--Reference laboratory for diagnostics of HIV/AIDS, virological and especially dangerous pathogens
12--Azienda Ospedaliera Perugia
11--Centre National de Reference des Virus des Infections Respiratoires
8--Centers for Disease Control and Prevention, Division of Viral Diseases, Pathogen Discovery
6--Lifebrain Covid Labor GmbH
6--Azienda Ospedaliera (A.O.) PERUGIA
6--SC (UCO) Igiene e Sanità Pubblica, ASUGI, Trieste
5--Statens Serum Institut Bioinformatics and Microbial Genomics
5--Virology Unit, AOUP
5--The Public Health Agency of Sweden
4--""Istituto Zooprofilattico Sperimentale dell'Abruzzo e Molise """"G. Caporale""""""
4--A.O. Perugia
4--Azienda Sanitaria dell'Alto Adige
4--Unità Operative Semplici Dipartimentali (UOSD) Genetica e Citogenetica - Azienda Unita Locale Socio Sanitaria (ULSS) 3 Serenissima; Istituto Zooprofilattico Sperimentale delle Venezie
4--AGES IMED Vienna
4--Virology Unit - Azienda Ospedaliero Universitaria Pisana (AOUP)
4--AZ Delta Medical Laboratories in Roeselare, Belgium
4--Centre Hospitalier Universitaire (CHU) Nantes
4--Azienda Sanitaria dell'Alto Adige Laboratorio Aziendale di Microbiologia e Virologia
4--""Microbiology and Virology Laboratory, """"Policlinico Riuniti, Azienda Ospedaliero Universitaria, Foggia""""""
4--Voivodship Sanitary - Epidemiological Station
3--Imelda Ziekenhuis
3--National Institute of Public Health
3--Istituto Zooprofilattico Sperimentale della Lombardia ed Emilia Romagna
3--Università degli Studi di Milano La Statale
3--IRCCS Regina Elena National Cancer Institute
3--Microbiology and Virology Unit, Florence Careggi University Hospital; Department of Experimental and Clinical Medicine, University of Florence, Florence, Italy
3--Karolinska University Hospital
3--Azienda Ospedaliera di Perugia
3--Centre National de Reference Virus des Infections Respiratoires
3--Fondazione IRCCS Ca' Granda Ospedale Maggiore Policlinico
3--Israel Central Virology laboratory
3--ASST MONZA
3--Microbiology Department, University Hospital Donostia
3--SC (UCO) Igiene e Sanità Pubblica, Azienda Sanitaria Universitaria Giuliano Isontina
3--U.O. Microbiologia Laboratorio Unico Centro Servizi - AUSL della Romagna
3--Servicio de Microbiología Clínica (Complejo Hospitalario de Navarra, Pamplona)
2--HOSPITAL UNIVERSITARIO SON ESPASES
2--Santa Clara County Public Health Laboratory
2--UOSD Genetica e Citogenetica - Azienda ULSS 3 Serenissima; Istituto Zooprofilattico Sperimentale delle Venezie
2--Azienda Ospedaliera PERUGIA
2--Microbiology Department, Laboratori Clínic Metropolitana Nord. Hospital Universitari Germans Trias i Pujol
2--Laboratorio di Microbiologia, Istituto di Medicina di Laboratorio EOLAB, Ente Ospedaliero Cantonale
2--Istituto Zooprofilattico Sperimentale Delle Venezie
2--U.O.C. di Microbiologia e Virologia PO Annunziata Cosenza
2--CQRC QUALITY CONTROL CHEMICAL BIOLOGICAL RISK AOOR Villa Sofia Cervello Palermo
2--Clinical Microbiology Laboratory, Tel Aviv Sourasky Medical Center
2--Instituto Nacional de Saude Doutor Ricardo Jorge (INSA)
2--Microbiology Department
2--Unità Organizzative (U.O.) Microbiologia Laboratorio Unico Centro Servizi - Aziende Unità Sanitarie Locali (AUSL) della Romagna
2--U.O. Igiene, Ospedale Policlinico San Martino
2--Center of Advanced Studies and Technology, Molecular Genetics Laboratory
2--Istituto Zooprofilattico Sperimentale della Lombardia e dell'Emilia Romagna (IZSLER), Risk Analysis and Genomic Epidemiology Unit
1--Institute of Virology, Department of Hygiene Microbiology and Public Health at Innsbruck Medical University
1--SC (UCO) Igiene e Sanità Pubblica, Azienda Sanitaria Universitaria Giuliano Isontina (ASUGI), Trieste
1--Pathogen Genomics Center, National Institute of Infectious Diseases
1--Instituto de Salud Publica de Chile
1--Hospital Universitario Fundación Alcorcón
1--Istituto Zooprofilattico Sperimentale della Puglia e della Basilicata
1--Laboratoire de santé publique du Québec
1--Hrvatski zavod za javno zdravstvo
1--Lauring Lab, University of Michigan, Department of Microbiology and Immunology
1--CQRC_QUALITY CONTROL CHEMICAL BIOLOGICAL RISK_AOOR Villa Sofia Cervello Palermo
1--CHU Pontchaillou
1--Microbiology University Politecnica delle Marche
1--Department of Infectious, Tropical Diseases & Microbiology,IRCCS Sacro Cuore Don Calabria Hospital
1--Laboratorio di Epatologia Molecolare A.O.U G. Martino Messina
1--COVID-19 Genomics UK (COG-UK) Consortium
1--Aziende Socio Sanitarie Territoriali MONZA
1--Unità Organizzative Microbiologia, Laboratorio Unico Centro Servizi - Aziende Unità Sanitarie Locali della Romagna
1--University of Rome Tor Vergata: Departm Experim Medicine Chair of Virology (EuCARE Project - Grant 101046016)
1--University of Texas School of Public Health Houston
1--Istituto di Microbiologia e Virologia, Fondazione Policlinico Universitario A. Gemelli IRCCS
1--Shamir Medical Center (Asaf Harofe)
1--Labo Klinische Biologie, UZA
1--Virology Laboratory, Scientific Department, Army Medical Center
1--Colorado Department of Public Health and Environment
1--National Reference Center for Viruses of Respiratory Infections, Institut Pasteur
1--Houston Methodist Hospital
1--Hospital Universitario Son Espases
1--Unità Operativa (U.O.) Microbiologia, Laboratorio Unico Centro Servizi - Aziende Unità Sanitarie Locali (AUSL) della Romagna
1--Institute for Infectious Diseases, University of Bern
1--Enfer
1--Leiden University Medical Center
1--National Institute of Infectious Diseases-Prof. Dr. Matei Bals Molecular Diagnostics Laboratory
1--Institute of Virology Department of Hygiene, Microbiology and Public Health at Innsbruck Medical University
1--University of Bari Biomedical Sciences and Human Oncology
1--CNR Virus des Infections Respiratoires, France SUD, GenEPII Plateform
1--Unità Organizzative (U.O.) Microbiologia Laboratorio Unico Centro Servizi - AUSL (Azienda sanitaria locale) della Romagna","44--The Hospital for Sick Children
39--U.O. Microbiologia Laboratorio Unico Centro Servizi - AUSL della Romagna
17--Public Health Ontario Laboratory
16--National Institute for Public Health and the Environment (RIVM)
12--UO Microbiologia, IRCCS Az.Ospedaliero-Universitaria di Bologna, Policlinico di S.Orsola
12--Reference laboratory for diagnostics of HIV/AIDS, virological and especially dangerous pathogens
9--USL1
9--Servicio de Microbiologia, Hospital Universitario Virgen del Rocio, Sevilla, Spain
9--Universitätsklinikum Ulm - Institut für Virologie
8--A.O. PERUGIA
8--Azienda Sanitaria dell'Alto Adige - Laboratorio Aziendale di Microbiologia e Virologia
7--Azienda Unita Locale Socio Sanitaria (AULSS) 3 Venezia
6--Lifebrain Covid Labor GmbH
6--SC (UCO) Igiene e Sanità Pubblica, ASUGI, Trieste
5--Quest Diagnostics Incorporated
5--Unita Sanitaria Locale 1
5--Department of Bacteria, Parasites and Fungi, Statens Serum Institut, Copenhagen, Denmark
5--Virology Unit, AOUP
5--Azienda Ospedaliera Perugia
5--The Public Health Agency of Sweden
5--Unità Organizzative (U.O.) Microbiologia Laboratorio Unico Centro Servizi - Aziende Unità Sanitarie Locali (AUSL) della Romagna
5--Labo Analyses Med
4--Azienda Ospedaliera di Padova
4--UO Microbiologia, Istituto di Ricovero e Cura a Carattere Scientifico Az.Ospedaliero-Universitaria di Bologna, Policlinico di S.Orsola
4--Virology Unit - Azienda Ospedaliero Universitaria Pisana (AOUP)
4--AOPD
4--Centre Hospitalier Universitaire (CHU) Nantes
4--Servicio de Microbiologia, Hospital Juan Ramon Jimenez, Huelva, Spain
3--Shared Hospital Laboratory
3--Azienda Ospedaliera di Padova (AOPD)
3--SYNLAB MVZ Weiden
3--SYNLAB MVZ Leinfelden-Echterdingen
3--AZ Delta Medical Laboratories in Roeselare, Belgium
3--AOUC Azienda Ospedaliero-Universitaria Careggi
3--Karolinska University Hospital Solna
3--Azienda Ospedaliera (A.O.) PERUGIA
3--Fondazione IRCCS Ca' Granda Ospedale Maggiore Policlinico
3--Centre National de Reference Virus des Infections Respiratoires
3--Unità Sanitarie Locali USL1
3--ASST MONZA
3--Microbiology Department, University Hospital Donostia
3--IRCCS San Gallicano Dermatological Institute
3--SC (UCO) Igiene e Sanità Pubblica, Azienda Sanitaria Universitaria Giuliano Isontina
3--""Policlinico Ospedaliero Universitario """"Riuniti"""" Foggia""
3--Limbach - MVZ Labor Ravensburg Labor Dr. Gärtner
3--Servicio de Microbiología Clínica (Complejo Hospitalario de Navarra, Pamplona)
2--Public health laboratories Tel Aviv
2--NutriMedlab
2--Imelda Ziekenhuis
2--HOSPITAL UNIVERSITARIO SON ESPASES
2--Laboratorio di Microbiologia
2--A.O. Perugia
2--LabKom - Labor Augsburg MVZ GmbH
2--Microbiology Department, Laboratori Clínic Metropolitana Nord. Hospital Universitari Germans Trias i Pujol
2--Santa Clara Valley Medical Center
2--Laboratorio Centro Controllo Qualità e Rischio Chimico (CQRC)
2--Hopital
2--Helix
2--Clinical Microbiology Laboratory, Tel Aviv Sourasky Medical Center
2--Azienda USL Umbria 1 Ospedale Città di Castello Pronto Soccorso
2--Eurofins MVZ Labor Gelsenkirchen
2--Microbiologia e Virologia Annunziata PO Cosenza
2--Center of Advanced Studies and Technology, Molecular Genetics Laboratory
2--HOSPITAL UNIVERSITARI DE BELLVITGE
2--Azienda Ospedaliera Terni
2--PO TERAMO
2--LADR Zentrallabor DR. Kramer & Kollegen Geesthacht
1--Covid Fighters
1--Institute of Virology, Department of Hygiene Microbiology and Public Health at Innsbruck Medical University
1--AZDelta
1--CHLC
1--Azienda Unita Locale Socio Sanitaria 1 Dolomiti
1--Medizinisches Versorgungszentrum Göttingen (MVZ) Kinderwunschzentrum Zentrum für Labordiagnostik Institut für Pathologie und Zytologie
1--Department of Public Health Iasi
1--AULSS 7 Pedemontana - Santorso
1--SC (UCO) Igiene e Sanità Pubblica, Azienda Sanitaria Universitaria Giuliano Isontina (ASUGI), Trieste
1--Sonic - Labor Dr. von Froreich GmbH
1--Respiratory Virus Unit, Microbiology Services Colindale, Public Health England
1--Pathogen Genomics Center, National Institute of Infectious Diseases
1--AniCon Labor GmbH
1--amedes MVZ für Labordiagnostik Rhein-Main
1--Laboratorio di Epidemiologia Molecolare e Sanità Pubblica-Policlinico Bari
1--AZ Sint-Maarten
1--21241 CHIR URGENCE PAV H3 ETG
1--Laborarztpraxis Osnabrück
1--Blake Hanson's Lab at the University of Texas, School of Public Health Houston
1--IHR LABOR 1220
1--USL2
1--amedes MVZ DIAMEDIS Sennestadt
1--S.C. Patologia Clinica, Ospedale Sant'Andrea, ASL 5
1--Policlinico Ospedaliero Universitario Riuniti Foggia
1--Azienda Unita Locale Socio Sanitaria (AULSS) 8 Berica
1--Bioscientia Labor Wermsdorf
1--Novogenia GmbH
1--""Ospedale """"Giuseppe Mazzini"""" di Teramo""
1--Hospital Universitario Fundación Alcorcón
1--Laboratoire de santé publique du Québec
1--Azienda Ospedaliera PERUGIA
1--Università degli Studi di Milano La Statale
1--INSA
1--Novatium GmbH
1--CERBALIANCE PROVENCE
1--Lifebrain COVID 19 Labor GmbH
1--Azienda Ospedaliera TERNI
1--Limbach - MVZ Labor Dr. Volkmann & Kollegen
1--Szpital Bródnowski
1--IRCCS Sacro Cuore Don Calabria Hospital, Department of Infectious, Tropical Diseases & Microbiology
1--Azienda Unita Locale Socio Sanitaria (AULSS) 5 Polesana
1--CHU Pontchaillou
1--Azienda Unita Locale Socio Sanitaria (AULSS) 2 Marca Trevigiana
1--Labor Mönchengladbach MVZ Dr. Stein + Kollegen GbR
1--MVZ Medizinisches Labor Hannover GmbH
1--AOU Gaetano Martino Laboratorio di Epatologia Biomolecolare Messina
1--SYNLAB AQUITAINE LABO MERLEN
1--Azienda Unita Locale Socio Sanitaria 8 Berica
1--Aziende Socio Sanitarie Territoriali MONZA
1--Azienda Unita Locale Socio Sanitaria (AULSS) 7 Pedemontana - Santorso
1--Ospedale di Desenzano del Garda
1--Azienda Ospedaliera di Perugia
1--Reinier Haga Medisch Diagnostisch Centrum
1--Aziende Socio Sanitarie Territoriali Valcamonica - Ospedale di Esine
1--Azienda Unita Locale Socio Sanitaria 7 Pedemontana - Santorso
1--Gemelli
1--Algemeen Medisch Labo
1--Mazowieckie Centrum Rehabilitacji STOCER
1--MVZ für Laboratoriumsmedizin und Mikrobiologie Koblenz-Mittelrhein (Labor Koblenz)
1--Shamir Medical Center (Asaf Harofe)
1--Virology Laboratory, Scientific Department, Army Medical Center
1--Colorado Department of Public Health and Environment
1--Zavod za javno zdravstvo Istarske županije
1--Azienda Unita Locale Socio Sanitaria 9 Scaligera - Legnago
1--Azienda Ospedaliero - Universitaria di Modena Policlinico - Virologia e Microbiologia Molecolare
1--Laboratory Corporation of America
1--Pesaro
1--amedes MVZ für Laboratoriumsdiagnostik Raubling GmbH
1--Laboratorio CQRC
1--SPZOZ Siedlce
1--Houston Methodist Hospital
1--Hospital Universitario Son Espases
1--Unimi-ATS Citta Metropolitana Milanese
1--Arcispedale Santa Maria Nuova Autoimmunità Allergologia e Biotecnologie Innovative
1--Limbach - MVZ Labor Münster (Cullen)
1--Azienda Ospedaliera Universitaria Integrata Verona
1--Labor Dr. Krause & Kollegen MVZ GmbH Kiel
1--Labo Analyses Med - Laborizon Bretagne
1--ASST Valcamonica - Ospedale di Esine
1--Enfer
1--INOVIE MEDILAB
1--Unimi-ATS Insubria
1--LabKom - MVZ Labor Bochum MLB GmbH
1--S.S.D. Microbiologia, Stabilimento ospedaliero di Sanremo, ASL 1 Liguria
1--Institute for Infectious Diseases
1--University of Rome Tor Vergata: Departm Experim Medicine Chair of Virology
1--Azienda Unita 'Sanitaria Locale N. 2 Umbria
1--Presidio di Brindisi Di Summa - Perrino
1--AULSS 3 Venezia
1--IVY5 Central Lab, Vanderbilt University Medical Center
1--OSPEDALE CIVILE TERAMO - CENTRO TRASFUSIONALE
1--CNR Virus des Infections Respiratoires, France SUD
1--Azienda Ospedaliera Santa Maria Terni
1--Public health laboratories Jerusalem
1--Unità Operativa (U.O.) Microbiologia Laboratorio Unico Centro Servizi - Aziende Unità Sanitarie Locali (AUSL) della Romagna
1--Unità Organizzative (U.O.) Microbiologia Laboratorio Unico Centro Servizi - AUSL (Azienda sanitaria locale) della Romagna
1--Genetica Molecular and Subdepartamento de Virologia ISP Chile
1--MVZ Labor Krone GbR
1--University Hospital Vinohrady
1--Uniwersyteckie Centrum Kliniczne Warszawskiego Uniwersytetu Medycznego
1--Unità Organizzative Microbiologia Laboratorio Unico Centro Servizi - Aziende Unità Sanitarie Locali della Romagna",
27753,GTGTCACTA,9,6,ORF7a,120,VSL,3.2,P.1,100.0,1,Brazil,100.0,1,3,3,100.0,100.0,6,100.0,"3--LGBio (Laboratorio de Genetica & Biodiversidade)
2--HLAGYN - Laboratorio de Imunologia de Transplantes de Goias
1--DASA","3--LACEN
2--HLAGYN - Laboratorio de Imunologia de Transplantes de Goias
1--DASA","EPI_ISL_3299429, EPI_ISL_3671865, EPI_ISL_4395863, EPI_ISL_4395864, EPI_ISL_4395865, EPI_ISL_4423930"
22304,CGCGTCCCG,9,79,S,247,SRP,10.9,BA.2.5,98.7,2,Israel,74.7,10,11,14,90.7,Inf,78,98.7,"32--Clinical Microbiology Laboratory, Tel Aviv Sourasky Medical Center
19--Shamir Medical Center (Asaf Harofe)
8--Israel Central Virology laboratory
7--Ministry of Health Turkey
3--Laboratoire de santé publique du Québec
2--Robert Koch Institute
1--Infectious Disease Program, Broad Institute of Harvard and MIT
1--UCLouvain/IREC/MBLG-CTMA
1--Institute of Molecular Genetics and Genetic Engineering University of Belgrade
1--Laboratoire Cerba
1--Pandemic Response Lab, R&D
1--Statens Serum Institut Bioinformatics and Microbial Genomics
1--Laborizon Centre
1--National Public Health Organization","32--Clinical Microbiology Laboratory, Tel Aviv Sourasky Medical Center
19--Shamir Medical Center (Asaf Harofe)
7--Ministry of Health Turkey
7--Public health laboratories Tel Aviv
3--Laboratoire de santé publique du Québec
2--Limbach - MVZ Labor Cottbus
1--Biogroup Laboratoire Site Joinville
1--Pandemic Response Lab - NYC
1--Broad Institute Clinical Research Sequencing Platform
1--Huo-yan national laboratory for molecular detection of infectious agents Belgrade
1--National Public Health Organization
1--Public health laboratories Jerusalem
1--Cliniques universitaires Saint-Luc
1--Cerballiance Idf Sud Site De Lisses
1--Department of Bacteria, Parasites and Fungi, Statens Serum Institut, Copenhagen, Denmark","EPI_ISL_11745045, EPI_ISL_11850726, EPI_ISL_11870064, EPI_ISL_11955140, EPI_ISL_12007451, EPI_ISL_12007566, EPI_ISL_12007656, EPI_ISL_12007851, EPI_ISL_12007938, EPI_ISL_12376248, EPI_ISL_12376685, EPI_ISL_12377640, EPI_ISL_12455646, EPI_ISL_12455654, EPI_ISL_12456766, EPI_ISL_12535425, EPI_ISL_12536331, EPI_ISL_12587360, EPI_ISL_12635970, EPI_ISL_12635971, EPI_ISL_12636276, EPI_ISL_12636739, EPI_ISL_12636806, EPI_ISL_12637069, EPI_ISL_12637254, EPI_ISL_12700002, EPI_ISL_12741547, EPI_ISL_12741564, EPI_ISL_12741582, EPI_ISL_12742306, EPI_ISL_12870737, EPI_ISL_12871236, EPI_ISL_12871446, EPI_ISL_12877179, EPI_ISL_12896055, EPI_ISL_12903114, EPI_ISL_12914599, EPI_ISL_13055550, EPI_ISL_13077371, EPI_ISL_13109931, EPI_ISL_13109945, EPI_ISL_13111588, EPI_ISL_13111889, EPI_ISL_13112337, EPI_ISL_13112711, EPI_ISL_13112905, EPI_ISL_13113205, EPI_ISL_13136997, EPI_ISL_13176012, EPI_ISL_13185103, EPI_ISL_13297434, EPI_ISL_13297456, EPI_ISL_13301512, EPI_ISL_13303150, EPI_ISL_13313008, EPI_ISL_13313024, EPI_ISL_13326669, EPI_ISL_13386992, EPI_ISL_13387637, EPI_ISL_13391219, EPI_ISL_13406262, EPI_ISL_13424936, EPI_ISL_13428606, EPI_ISL_13429644, EPI_ISL_13430265, EPI_ISL_13467431, EPI_ISL_13515748, EPI_ISL_13620875, EPI_ISL_13620876, EPI_ISL_13631959, EPI_ISL_13731097, EPI_ISL_13734965, EPI_ISL_13775882, EPI_ISL_13886887, EPI_ISL_13890672, EPI_ISL_13961007, EPI_ISL_14325271, EPI_ISL_14463578, EPI_ISL_14605467"
27989,AGAAGGA,7,87,ORF8,32,RR,13.8,AY.25.1,95.4,2,Colombia,57.5,8,21,23,93.0,95.7,66,76.7,"10--Laboratorio Departamental de Salud Publica de Antioquia
9--Universidad Nacional de Colombia - Laboratorio Genómico One Health
8--Wellcome Sanger Institute
7--Center for Innovation in Epidemiological Surveillance (CiVE), Institut Pasteur de Montevideo - UdelaR
6--""""""Laboratorio de biotecnología, Universidad Icesi""""""
6--CIAT, Laboratorio de Virologia
5--Universidad del Valle
5--COVID-19 Genomics UK (COG-UK) Consortium
5--Israel Central Virology laboratory
4--Instituto Nacional de Salud- Dirección de Investigación en Salud Pública
3--Centro de Genética y Biología Molecular - Universidad del Magdalena
3--Shamir Medical Center (Asaf Harofe)
3--Corporación para Investigaciones Biológicas-CIB
2--Centers for Disease Control and Prevention, Division of Viral Diseases, Pathogen Discovery
2--CABANA:GenCore, Universidad de los Andes
2--Gorgas Memorial Institute of Health Studies
1--Instituto Butantan
1--Laboratorio de Referencia Nacional de Virus Respiratorios. Centro Nacional de Salud Publica. Instituto Nacional de Salud Peru.
1--Florida Bureau of Public Health Laboratories
1--Laboratorio de biotecnología, Universidad Icesi
1--LSPSDS
1--Contra Costa Public Health Laboratory
1--Virginia Division of Consolidated Laboratory Services","7--unknown
7--SYNLAB
5--Israel Central Virology laboratory
3--LIME
3--Laboratorio SYNLAB Colombia
3--Lab Ayudas Diagnosticas SURA- sede Cali
3--Lighthouse Lab in Alderley Park
3--Shamir Medical Center (Asaf Harofe)
3--LABORATORIO POLICIA NACIONAL
3--Laboratorio Clinica Sanitas - Sebastian de Belalcazar
2--IDIME
2--Respiratory Virus Unit, Microbiology Services Colindale, Public Health England
2--Gorgas Memorial Institute of Health Studies
2--ADILAB
2--Lighthouse Lab in Glasgow
2--SOMER
2--Laboratorio Las Américas
2--Berkshire and Surrey Pathology Services Lighthouse Laboratory
2--GenCore
2--Ayudas Diagnosticas Sura
2--Quadram Institute Bioscience
1--COMPENSAR - LABORATORIO CLINICO LOS COBOS
1--Lab Christus Sinergia Salud -Clinica Farallones
1--Clínica Sebastián de Belalcazar
1--AYUDAS DIAGNOSTICAS SURA
1--SYNLAB ANGEL DIAGNOSTICA
1--LSP Distrital Bogota
1--Contra Costa Public Health Laboratory
1--LDSP
1--BIOFAST
1--""""""SYNLAB ANGEL DIAGNOSTICA""""""
1--Florida Bureau of Public Health Laboratories
1--Laboratorio de Referencia Nacional de Virus Respiratorios. Centro Nacional de Salud Publica. Instituto Nacional de Salud Peru.
1--IDIME CLINICA NUEVA DE CALI
1--Fundacion Valle del Lili
1--Virginia Tech
1--Northumbria University / South Tees Hospitals NHS Foundation Trust / North Cumbria Integrated Care NHS Foundation Trust / North Tees and Hartlepool NHS Foundation Trust / Newcastle Hospitals NHS Foundation Trust
1--Fundación Hospitalaria San Vicente de Paúl (Medellín)
1--Aegis Sciences Corporation
1--Fundación Valle de Lili
1--Laboratorio de Diagnóstico de Agentes Biológicos- LDAB
1--CHRISTUS SINERGIA LABORATORIO CLINICO
1--Fulgent Genetics
1--Lighthouse Laboratory Plymouth
1--IDIME - Sede Clínica Nueva de Cali
1--Laboratorio Medico Echavarria","EPI_ISL_4026946, EPI_ISL_4419182, EPI_ISL_4551052, EPI_ISL_4551055, EPI_ISL_4551058, EPI_ISL_4578327, EPI_ISL_4754245, EPI_ISL_4878558, EPI_ISL_4878559, EPI_ISL_4958013, EPI_ISL_5103772, EPI_ISL_5135202, EPI_ISL_5334637, EPI_ISL_5508602, EPI_ISL_5509359, EPI_ISL_5509990, EPI_ISL_5516199, EPI_ISL_5516208, EPI_ISL_5604614, EPI_ISL_5737810, EPI_ISL_5803652, EPI_ISL_5824686, EPI_ISL_5824693, EPI_ISL_5923338, EPI_ISL_5923339, EPI_ISL_5923342, EPI_ISL_5923346, EPI_ISL_5924372, EPI_ISL_6019151, EPI_ISL_6019382, EPI_ISL_6069487, EPI_ISL_6090259, EPI_ISL_6205002, EPI_ISL_6205924, EPI_ISL_6220448, EPI_ISL_6272952, EPI_ISL_6295282, EPI_ISL_6298922, EPI_ISL_6346347, EPI_ISL_6366964, EPI_ISL_6442188, EPI_ISL_6442262, EPI_ISL_6575509, EPI_ISL_6703283, EPI_ISL_6703291, EPI_ISL_6722304, EPI_ISL_6722403, EPI_ISL_6722404, EPI_ISL_6813462, EPI_ISL_6921158, EPI_ISL_6945544, EPI_ISL_6945617, EPI_ISL_6945619, EPI_ISL_6981208, EPI_ISL_6986088, EPI_ISL_7170055, EPI_ISL_7191799, EPI_ISL_7381820, EPI_ISL_7660271, EPI_ISL_7660299, EPI_ISL_7846117, EPI_ISL_7889690, EPI_ISL_8173237, EPI_ISL_8187152, EPI_ISL_8187160, EPI_ISL_8217470, EPI_ISL_8217504, EPI_ISL_8217524, EPI_ISL_8217557, EPI_ISL_8254249, EPI_ISL_8318746, EPI_ISL_8322621, EPI_ISL_8724973, EPI_ISL_9340337, EPI_ISL_10080392, EPI_ISL_10080396, EPI_ISL_11695538, EPI_ISL_11695625, EPI_ISL_12572687, EPI_ISL_14943486, EPI_ISL_19382911, EPI_ISL_19382915, EPI_ISL_19382921, EPI_ISL_19382923, EPI_ISL_19382929, EPI_ISL_19382930, EPI_ISL_19382931"
27300,ACTGCGAGCTCCGCGGCGA,19,136,ORF6,33,TASSAA,4.5,B.1.637,100.0,1,Puerto_Rico,58.8,2,12,12,79.7,79.7,102,75.6,"56--Centers for Disease Control and Prevention, Division of Viral Diseases, Pathogen Discovery
39--RCMI-Center for Research Resources, Ponce Research Institute
28--Sequencing and Genomics facility (SGF)
2--Bureau of the Public Health Laboratory, NYC DOHMH
2--New York Genome Center
2--Salemi Lab, University of Florida
2--Hudsonalpha Genome Sequencing Center
1--Naval Medical Research Center Biological Defense Research Directorate
1--Microbiology, University of Pennsylvania
1--MSHS Pathogen Surveillance Program
1--Piantadosi Lab, Emory Department of Pathology
1--Florida Bureau of Public Health Laboratories","39--INNO Diagnostics Reference Laboratory
28--Laboratorio Clinico Toledo
23--Quest Diagnostics Incorporated
15--Helix/Illumina
10--Laboratory Corporation of America
8--Aegis Sciences Corporation
2--Bureau of the Public Health Laboratory, NYC DOHMH
2--Weill Cornell Medicine
2--Eurofins Diatherix
1--Microbiology, University of Pennsylvania
1--Fort Belvoir Community Hospital
1--UF Health Shands Hospital - Core Laboratory
1--Florida Bureau of Public Health Laboratories
1--Grady Memorial Hospital, Clinical Microbiology Laboratory
1--MSHS Clinical Microbiology Laboratories
1--University of Florida Health Pathology Laboratories","EPI_ISL_979487, EPI_ISL_979499, EPI_ISL_1562443, EPI_ISL_2346157, EPI_ISL_2443787, EPI_ISL_2534147, EPI_ISL_2534149, EPI_ISL_2534153, EPI_ISL_2534155, EPI_ISL_2534157, EPI_ISL_2534158, EPI_ISL_2534159, EPI_ISL_2534161, EPI_ISL_2534163, EPI_ISL_2534165, EPI_ISL_2534166, EPI_ISL_2534172, EPI_ISL_2534174, EPI_ISL_2534175, EPI_ISL_2534178, EPI_ISL_2534179, EPI_ISL_2534180, EPI_ISL_2534181, EPI_ISL_2534185, EPI_ISL_2534186, EPI_ISL_2534187, EPI_ISL_2534194, EPI_ISL_2534198, EPI_ISL_2534200, EPI_ISL_2534204, EPI_ISL_2534205, EPI_ISL_2534206, EPI_ISL_2534207, EPI_ISL_2534208, EPI_ISL_2534209, EPI_ISL_2534210, EPI_ISL_2534211, EPI_ISL_2534212, EPI_ISL_2534213, EPI_ISL_2534214, EPI_ISL_2534215, EPI_ISL_2534216, EPI_ISL_2534217, EPI_ISL_2534218, EPI_ISL_2989933, EPI_ISL_2990976, EPI_ISL_3924639, EPI_ISL_3924687, EPI_ISL_3924691, EPI_ISL_3924692, EPI_ISL_3924698, EPI_ISL_3924701, EPI_ISL_3924702, EPI_ISL_3924711, EPI_ISL_3924724, EPI_ISL_3924730, EPI_ISL_3924732, EPI_ISL_3924756, EPI_ISL_3924774, EPI_ISL_3924865, EPI_ISL_3924881, EPI_ISL_3924885, EPI_ISL_3924928, EPI_ISL_3924930, EPI_ISL_3924931, EPI_ISL_3924932, EPI_ISL_3924933, EPI_ISL_3924934, EPI_ISL_3924935, EPI_ISL_3924936, EPI_ISL_3924937, EPI_ISL_3924938, EPI_ISL_3924939, EPI_ISL_3924940, EPI_ISL_4360080, EPI_ISL_4361705, EPI_ISL_4363725, EPI_ISL_4366156, EPI_ISL_4366395, EPI_ISL_4366796, EPI_ISL_4366834, EPI_ISL_4367371, EPI_ISL_4367401, EPI_ISL_4367457, EPI_ISL_4367529, EPI_ISL_4367932, EPI_ISL_4368077, EPI_ISL_4369121, EPI_ISL_4369248, EPI_ISL_4370226, EPI_ISL_4370822, EPI_ISL_4371057, EPI_ISL_4371123, EPI_ISL_4371325, EPI_ISL_4373484, EPI_ISL_4375904, EPI_ISL_4378477, EPI_ISL_4381356, EPI_ISL_4381611, EPI_ISL_4382426, EPI_ISL_4926648, EPI_ISL_4960842, EPI_ISL_4960923, EPI_ISL_4960975, EPI_ISL_4961720, EPI_ISL_4961845, EPI_ISL_4961899, EPI_ISL_4961913, EPI_ISL_4961941, EPI_ISL_4961960, EPI_ISL_4961999, EPI_ISL_4962048, EPI_ISL_4962110, EPI_ISL_4962346, EPI_ISL_4962407, EPI_ISL_4962448, EPI_ISL_4962529, EPI_ISL_4962563, EPI_ISL_4962609, EPI_ISL_4963673, EPI_ISL_4964014, EPI_ISL_4964994, EPI_ISL_4965914, EPI_ISL_4985381, EPI_ISL_4985523, EPI_ISL_4985728, EPI_ISL_4985821, EPI_ISL_4985824, EPI_ISL_4985851, EPI_ISL_4985908, EPI_ISL_6366953, EPI_ISL_6492476, EPI_ISL_8083562, EPI_ISL_17534262, EPI_ISL_19105403, EPI_ISL_19105855"
28969,AAAATGTCTGGT,12,5,N,232,KMSG,30.6,BA.4.6,100.0,1,USA,100.0,1,2,2,71.4,71.4,5,100.0,"4--Omega Diagnostics
1--Louisiana OPH Lab",5--Omega Diagnostics,"EPI_ISL_15426658, EPI_ISL_15427323, EPI_ISL_15427336, EPI_ISL_15427362, EPI_ISL_15948773"
6502,CAGGAAGCAATG,12,59,ORF1a,2079,QEAM,12.9,BA.5.1,100.0,1,Japan,100.0,1,16,16,94.3,94.3,50,84.7,"13--Fukuoka Institute of Health and Environmental Sciences
12--Pathogen Genomics Center, National Institute of Infectious Diseases
10--Tokyo Metropolitan Institute of Public Health
6--Division of Virology and Zoology, Chiba Prefectural Institute of Public Health
4--Fukuoka City Institute of Health and Environment
3--Life Science Data Research Center at university of tokyo
2--Research Center for Influenza and Respiratory Viruses, National Institute of Infectious Diseases
1--Division of Microbiology, Osaka Institute of Public Health
1--Department of Infectious Diseases, Kobe Institute of Health
1--Kagoshima Prefectural Institute for Environmental Research and Public Health
1--Showa University PCR Center
1--Gunma Prefectural Institute of Public Health and Environmental Sciences
1--Kawaguchi City Health Center
1--Virology section, Okayama Prefectural Institute for Environmental Science and Public Health
1--Saitama Institute of Public Health
1--Sendai City Institute of Public Health","13--Fukuoka Institute of Health and Environmental Sciences
10--Tokyo Metropolitan Institute of Public Health
10--Pathogen Genomics Center, National Institute of Infectious Diseases
6--Chiba Prefectural Institute of Public Health
4--Fukuoka City Institute of Health and Environment
3--Life Science Data Research Center at university of tokyo
2--Department of Veterinary Science and Department of Virology I, National Institute of Infectious Diseases
2--Microbiology laboratory, National Center for Global Health and Medicine Hospital
1--Division of Microbiology, Osaka Institute of Public Health
1--Department of Infectious Diseases, Kobe Institute of Health
1--Kagoshima Prefectural Institute for Environmental Research and Public Health
1--Showa University PCR Center
1--Gunma Prefectural Institute of Public Health and Environmental Sciences
1--Kawaguchi City Health Center
1--Virology section, Okayama Prefectural Institute for Environmental Science and Public Health
1--Saitama Institute of Public Health
1--Sendai City Institute of Public Health","EPI_ISL_15360034, EPI_ISL_15429618, EPI_ISL_15492464, EPI_ISL_15492465, EPI_ISL_15696533, EPI_ISL_15712025, EPI_ISL_15774081, EPI_ISL_15774299, EPI_ISL_15823759, EPI_ISL_15833052, EPI_ISL_15836958, EPI_ISL_15837212, EPI_ISL_15837214, EPI_ISL_15851467, EPI_ISL_15894038, EPI_ISL_15894723, EPI_ISL_15923830, EPI_ISL_15923907, EPI_ISL_15954172, EPI_ISL_15954234, EPI_ISL_15954248, EPI_ISL_15954633, EPI_ISL_15981463, EPI_ISL_15981871, EPI_ISL_15997195, EPI_ISL_16060217, EPI_ISL_16093194, EPI_ISL_16108086, EPI_ISL_16174841, EPI_ISL_16174872, EPI_ISL_16175487, EPI_ISL_16253202, EPI_ISL_16253238, EPI_ISL_16279601, EPI_ISL_16280154, EPI_ISL_16298964, EPI_ISL_16373828, EPI_ISL_16373845, EPI_ISL_16404968, EPI_ISL_16455166, EPI_ISL_16521259, EPI_ISL_16521478, EPI_ISL_16535174, EPI_ISL_16581172, EPI_ISL_16633028, EPI_ISL_16913197, EPI_ISL_16949931, EPI_ISL_16949935, EPI_ISL_16950570, EPI_ISL_16950589, EPI_ISL_16964700, EPI_ISL_16972206, EPI_ISL_16974306, EPI_ISL_17199128, EPI_ISL_17381624, EPI_ISL_17381700, EPI_ISL_17382341, EPI_ISL_17984919, EPI_ISL_19167739"
22304,CAAGATGGATGG,12,835,S,247,SRWM,3.8,BQ.1.28,99.5,3,USA,95.0,14,62,66,0.1,0.1,0,0.1,"347--Centers for Disease Control and Prevention, Division of Viral Diseases, Pathogen Discovery
154--Helix
84--California Department of Public Health
62--Los Angeles County Public Health Laboratories
27--Andersen Lab at The Scripps Research Institute
16--UW Virology Lab
11--Aegis Sciences Corporation
10--Robert Koch Institute
6--Lauring Lab, University of Michigan, Department of Microbiology and Immunology
6--Colorado Department of Public Health and Environment
6--California Department of Public Health - UCSF Center for Advanced Technology
5--County of San Luis Obispo Public Health Laboratory
5--Utah Public Health Laboratory
5--Oregon State Public Health Laboratory
5--Orange County Public Health Laboratory
5--Public Health Ontario
4--California Department of Public Health (CDPH) - VRDL COVID Sequencing Hub
4--OHSU MM Lab
4--AGES IMED Vienna
4--Niigata Prefectural Institute of Public Health and Environmental Sciences
3--County of San Luis Obispo Public Health Department
3--B.C. Centre for Disease Control Public Health Laboratory
3--LSUHS Emerging Viral Threat Laboratory
3--SHIELD SAIL Lab
2--Tokyo Metropolitan Institute of Public Health
2--Santa Clara County Public Health Laboratory
2--Los Angeles County Public Health Laboratory
2--Monterey County Public Health Laboratory
2--Contra Costa Public Health Laboratory
2--Alaska State Virology Laboratory
2--Laboratory Medicine and Pathology, University of Washington
2--British Columbia Centre For Disease Control
2--Arizona State Public Health Laboratory
2--Nevada State Public Health Laboratory
2--Shanghai Institute of Hematology, National Research Center for Translational Medicine, State Key Laboratory of Medical Genomics, Ruijin Hospital Affiliated to Shanghai Jiao Tong University (SJTU) School of Medicine
1--The Caribbean Public Health Agency (CARPHA)
1--Department of Medical Microbiology & Infection prevention, Amsterdam University Medical Centers location AMC
1--Michigan State University
1--School of Medicine and Public Health, UW Madison
1--RIPHL at Rush University Medical Center
1--Puerto Rico Public Health Laboratories, Department of Molecular Bacteriology
1--National Public Health Laboratory, National Centre for Infectious Diseases
1--Laboratorio Estatal de Salud Pública
1--The Translational Genomics Research Institute (TGen) North
1--inbiome
1--Centers for Disease Control and Prevention, Respiratory Viruses Branch
1--Clinical Virology Laboratory
1--NPHL COVID-19 Response Team
1--Arkansas Public Health Laboratory
1--Virology Unit - Azienda Ospedaliero Universitaria Pisana (AOUP)
1--University at Buffalo Genomics and Bioinformatics Core
1--Napa-Solano-Yolo-Marin-Mendocino County Public Health Laboratory
1--Infectious Disease Program, Broad Institute of Harvard and MIT
1--COVID-19 Genomics UK (COG-UK) Consortium
1--Clinical Virology Laboratory, Stanford Anatomic Pathology & Clinical Laboratories
1--University of Texas School of Public Health Houston
1--Israel Central Virology laboratory
1--Tampa General Hospital Esoteric Research & Development Lab
1--Houston Methodist Hospital
1--State Laboratories Division, Hawaii State Department of Health
1--UNC Charlotte Environmental Monitoring Laboratory
1--The University of Texas Southwestern Medical Center Dallas
1--Esoteric Research & Development Laboratory, Tampa General Hospital
1--Center for Global Health, University of New Mexico, Health Sciences Center
1--National Institute for Public Health and the Environment (RIVM)
1--Virginia Division of Consolidated Laboratory Services","155--Helix
154--Kaiser Permanente Southern California
118--Laboratory Corporation of America
74--Quest Diagnostics Incorporated
55--Optum
25--WestPac Labs
16--Tidewater Physicians Multispecialty Group Regional Laboratory
16--UW Virology Lab
13--USC Clinical Lab
11--EXCITE Lab
11--Aegis Sciences Corporation
9--Sharp HealthCare Laboratory
7--TPMG Regional Laboratory
6--Flow Diagnostics Lab
6--Colorado Department of Public Health and Environment
5--Utah Public Health Laboratory
5--Oregon State Public Health Laboratory
5--California Department of Public Health Valencia Branch Laboratory
5--British Columbia Centre For Disease Control
5--Orange County Public Health Laboratory
4--Niigata Prefectural Institute of Public Health and Environmental Sciences
4--Martin Luther King Jr. Community Hospital
4--San Diego County Public Health Laboratory
4--Providence Saint John's Health Center
3--Covid Fighters
3--OHSU MM Lab
3--Quick Medical Diagnosis
3--Scripps Medical Laboratory
3--The Hospital for Sick Children
3--Color Health Inc.
3--Arroyo Grande Community Hospital
3--MD Laboratories
3--Alpha Clinical Laboratory
2--Tokyo Metropolitan Institute of Public Health
2--amedes MVZ DIAMEDIS Sennestadt
2--Willis-Knighton Medical Center Hospital Laboratory
2--SHIELD Southern Illinois University Laboratory
2--FRENCH HOSPITAL LABORATORY
2--nordlab - Partnerschaftspraxis für Laboratoriumsmedizin
2--Monterey County Public Health Laboratory
2--Contra Costa Public Health Laboratory
2--PAMF Palo Alto
2--Alaska State Virology Laboratory
2--KRH Klinikum Region Hannover: Institut für Med. Mikrobiologie und Krankenhaushygiene
2--ARROYO GRANDE COMMUNITY HOSPITAL LABORATORY
2--Public Health Ontario Laboratory
2--Laboratory Medicine and Pathology, University of Washington
2--Arizona State Public Health Laboratory
2--Color Health Inc
2--IVY5 Central Lab, Vanderbilt University Medical Center
2--Nevada State Public Health Laboratory
2--Shanghai Public Health Clinical Center, Fudan University
1--USC Verdugo Hills Hospital
1--Sonic - MVZ Medizinisches Labor Bremen GmbH
1--University of Texas Southwestern Medical Center Clinical Laboratories
1--Tampa General Hospital Esoteric Lab
1--Kaiser Permanente NW Regional Lab
1--National Public Health Laboratory
1--Blake Hanson's Lab at the University of Texas, School of Public Health Houston
1--School of Medicine and Public Health, UW Madison
1--StarMed Healthcare
1--Kaiser Regional-61 Sac Med Cen
1--National Public Health Laboratory, National Centre for Infectious Diseases
1--Pomona Valley Hospital Medical Center
1--St. John Hospital And Medical Center Outpatient Laboratory- TMCIDR Lab
1--California Department of Public Health
1--The Translational Genomics Research Institute (TGen) North
1--UC Davis Genome Center
1--amedes MVZ Hannover
1--Spectrum Health
1--Lifebrain COVID 19 Labor GmbH
1--Centers for Disease Control and Prevention, Respiratory Viruses Branch
1--SHIELD Illinois Clinical Diagnostic Laboratory at UIC
1--Nebraska Public Health Laboratory
1--Hospital General Aguascalientes ISSSTE
1--Arkansas Public Health Laboratory
1--Long Beach City HD
1--Virology Unit - Azienda Ospedaliero Universitaria Pisana (AOUP)
1--Napa-Solano-Yolo-Marin-Mendocino County Public Health Laboratory
1--Kaiser Regional Laboratory - 72 Fresno
1--University of Michigan Clinical Microbiology Laboratory
1--TriCore Reference Laboratories
1--Stanford Health Care
1--Public Health Laboratory, Public Health Service, Amsterdam, The Netherlands
1--Vanderbilt University Medical Center
1--Esoteric Lab, Tampa General Hospital
1--Warde Medical Laboratory
1--French Hospital Medical Center
1--Olive View Medical Center
1--Virginia Tech
1--Houston Methodist Hospital
1--Puerto Rico Public Health Laboratories, Department of Virology
1--Catholic Health Laboratories
1--Kaiser Regional Laboratory - 63 S. Teresa M
1--LSUHS Emerging Viral Threat Lab
1--State Laboratories Division, Hawaii State Department of Health
1--Public Health Laboratory, Public Health Service Amsterdam, The Netherlands
1--Labor Becker & Kollegen (Standort München)
1--Regional Virus Laboratory, Belfast Health and Social Care Trust; and: Genomics Core Technology Unit, Queen's University Belfast.
1--Loyola University Medical Center
1--Broad Institute Clinical Research Sequencing Platform
1--LADR Zentrallabor DR. Kramer & Kollegen Geesthacht
1--Public health laboratories Jerusalem
1--National Institute for Public Health and the Environment (RIVM)
1--Stanford Anatomic Pathology & Clinical Laboratories",
22204,GCTTATGAAAGT,12,12,S,214,AYES,8.8,GK.1.1.1,91.7,2,USA,100.0,1,8,9,77.8,700.0,7,58.3,"4--Centers for Disease Control and Prevention, Division of Viral Diseases, Pathogen Discovery
1--Los Angeles County Public Health Laboratories
1--Helix
1--Houston Methodist Hospital
1--Northwestern University - Center for Pathogen Genomics and Microbial Evolution
1--California Department of Public Health (CDPH)
1--California Department of Public Health
1--RIPHL at Rush University Medical Center
1--California Department of Public Health (CDPH) - UC Davis Genome Center","4--Quest Diagnostics Incorporated
1--Northwestern Memorial Hospital
1--Houston Methodist Hospital
1--Pomona Valley Hospital Medical Center
1--Kaiser Regional-60 S. Sacramen
1--Tidewater Physicians Multispecialty Group Regional Laboratory
1--TPMG Regional Laboratory
1--Kaiser Permanente Southern California
1--University of Illinois at Chicago","EPI_ISL_18546730, EPI_ISL_18602118, EPI_ISL_18643518, EPI_ISL_18662830, EPI_ISL_18679165, EPI_ISL_18723598, EPI_ISL_18740167, EPI_ISL_18757655, EPI_ISL_18776190, EPI_ISL_18809162, EPI_ISL_18849076, EPI_ISL_18943352"
28034,CCGGGTT,7,4,ORF8,47,PG,35.4,BA.5.1.30,100.0,1,USA,100.0,1,4,4,80.0,80.0,4,100.0,"1--California Department of Public Health - UCSF Center for Advanced Technology
1--California Department of Public Health (CDPH) - UCSF Center for Advanced Technology
1--California Department of Public Health - UCSD EXCITE Lab
1--California Department of Public Health (CDPH) - UCSD EXCITE Lab","3--TPMG Regional Laboratory
1--Tidewater Physicians Multispecialty Group - Regional Laboratory","EPI_ISL_17044179, EPI_ISL_17104839, EPI_ISL_18948751, EPI_ISL_18948753"
29443,GAAATGCCTGTA,12,2,N,390,EMPV,34.2,B.1.1.519,100.0,1,USA,100.0,1,2,2,66.7,66.7,2,100.0,"1--Centers for Disease Control and Prevention, Division of Viral Diseases, Pathogen Discovery
1--WVU and Marshall University Combined Genomics Core Facilities","1--QLabs
1--Laboratory Corporation of America","EPI_ISL_2184872, EPI_ISL_2615927"
22304,CAAAATGGCTGG,12,241,S,247,SKWL,5.7,EA.1,94.2,3,Germany,38.2,29,56,58,0.1,0.1,0,0.1,"88--Robert Koch Institute
30--AGES IMED Vienna
12--Public Health Wales Microbiology Cardiff Wales Specialist Virology Centre
10--Centers for Disease Control and Prevention, Division of Viral Diseases, Pathogen Discovery
9--Centre National de Reference des Virus des Infections Respiratoires
9--Ministry of Health Turkey, Public Health Directorate, National Virology Reference Laboratory
5--Lifebrain Covid Labor GmbH
5--Schwessinger Lab
4--COVID-19 Genomics UK (COG-UK) Consortium
4--Delaware Public Health Lab
3--Statens Serum Institut Bioinformatics and Microbial Genomics
3--AZ Delta Medical Laboratories in Roeselare, Belgium
3--Colorado Department of Public Health and Environment
3--Lab voor klinische biologie
2--National Institute of Public Health
2--Laboratoire de santé publique du Québec
2--Ministry of Health Türkiye, Public Health Directorate, National Virology Reference Laboratory
2--OHSU MM Lab
2--Centre Hospitalier (CH) Toulon
2--Sciensano, Viral Diseases Laboratory
2--Communicable Disease Laboratory
2--National Institute for Public Health and the Environment (RIVM)
2--Charité Universitätsmedizin Berlin, Institut für Virologie/Labor Berlin
1--Institute of Virology, Department of Hygiene Microbiology and Public Health at Innsbruck Medical University
1--Imelda Ziekenhuis
1--Department of Medical Microbiology & Infection prevention, Amsterdam University Medical Centers location AMC
1--WHO National Influenza Centre Russian Federation
1--Erasmus Medical Center
1--Plateforme de testing Namuroise, CHU UCL Namur
1--National Public Health Laboratory, National Centre for Infectious Diseases
1--Laboratory for Functional Genome Analysis; Dept. Genomics; Gene Center of the LMU Munich
1--Department of Microbiology, Laboratoire Hospitalier Universitaire de Bruxelles, Université Libre de Bruxelles
1--Hrvatski zavod za javno zdravstvo
1--California Department of Public Health
1--National Center of Infectious and Parasitic Diseases
1--Lauring Lab, University of Michigan, Department of Microbiology and Immunology
1--NYU Langone Health Molecular Microbiology Laboratory
1--Zhejiang Provincial Center for Disease Control and Prevention
1--KU Leuven, Rega Institute, Clinical and Epidemiological Virology
1--Los Angeles County Public Health Laboratories
1--Alberta Precision Labs (APL)
1--Ginkgo Bioworks Clinical Laboratory / XpressCheck
1--National Quality Control Laboratory of Drug and Food
1--NLZOH (National Laboratory for Health, Environment and Food)
1--Shamir Medical Center (Asaf Harofe)
1--Labo Klinische Biologie, UZA
1--UW Virology Lab
1--Charité Universitätsmedizin Berlin, Institut für Virologie
1--National Public Health Organization
1--Laboratory Medicine and Pathology, University of Washington
1--Wojewódzka Stacja Sanitarno-Epidemiologiczna w Rzeszowie, Laboratorium Diagnostyki Medycznej
1--Wojewodzka Stacja Sanitarno-Epidemiologiczna w Rzeszowie, Laboratorium Diagnostyki Medycznej
1--Aegis Sciences Corporation
1--Unità Operativa di Microbiologia, IRCSS Policlinico di Sant'Orsola, Azienda Ospedaliero Universitaria di Bologna
1--Department for Virology, Molecular Biology and Genome Research, R. G. Lugar Center for Public Health Research, National Center for Disease Control and Public Health (NCDC) of Georgia
1--Department of Health Technology and Informatics, The Hong Kong Polytechnic University
1--Public Health Ontario
1--National Influenza Center","24--Covid Fighters
16--Limbach - MVZ Labor Dr. Volkmann & Kollegen
12--Originating lab: Wales Specialist Virology Centre Sequencing lab: Pathogen Genomics Unit
9--MVZ Labor Krone GbR
9--Kanuni Sultan Süleyman Training and Research Hospital
8--Labo Analyses Med
7--Quest Diagnostics Incorporated
6--MVZ für Laboratoriumsmedizin und Mikrobiologie Koblenz-Mittelrhein (Labor Koblenz)
5--SYNLAB MVZ Leinfelden-Echterdingen
5--Lifebrain Covid Labor GmbH
5--LADR Zentrallabor DR. Kramer & Kollegen Geesthacht
4--CCMC
4--Laborarztpraxis Osnabrück
4--Lifebrain COVID 19 Labor GmbH
4--SYNLAB MVZ Weiden
4--Labor Mönchengladbach MVZ Dr. Stein + Kollegen GbR
3--Sonic - Labor Dr. von Froreich GmbH
3--Bioscientia Labor Wermsdorf
3--MVZ Labor Dr. Limbach & Kollegen GbR
3--Colorado Department of Public Health and Environment
3--Lab voor klinische biologie
3--ACT Pathology
3--LabKom - MVZ Labor Bochum MLB GmbH
2--Respiratory Virus Unit, Microbiology Services Colindale, Public Health England
2--Ministry of Health Turkey, Adana Public Health Lab.
2--Limbach - MVZ Clotten Labor Freiburg Labor Dr. Haas Dr. Raif & Kollegen GbR
2--Laboratoire de santé publique du Québec
2--LabKom - Labor Augsburg MVZ GmbH
2--OHSU MM Lab
2--AZ Delta Medical Laboratories in Roeselare, Belgium
2--""Mühlenkreiskliniken Standort Minden: Institut für Laboratoriumsmedizin Mikrobiologie Hygiene und Transfusionsmedizin; wird auch unter dem Namen """"LaborZentrum Weser"""" geführt""
2--Centre Hospitalier (CH) Toulon
2--Labor Berlin Charité Vivantes GmbH / Institut für Virologie
2--Laboratory Corporation of America
2--West of Scotland Specialist Virology Centre, NHSGGC / MRC-University of Glasgow Centre for Virus Research
2--Capital Pathology
2--Department of Clinical Microbiology, Herlev and Gentofte University Hospital
2--Limbach - MVZ Labor Ravensburg Labor Dr. Gärtner
2--Medizinische Laboratorien Düsseldorf
2--Strakonice Hospital
2--MVZ Labor Dr. Quade & Kollegen GmbH
2--Communicable Disease Laboratory
1--Gemotest Medical Laboratory
1--Institute of Virology, Department of Hygiene Microbiology and Public Health at Innsbruck Medical University
1--Clinical Enterprise Airport (DC Indv)
1--AZDelta
1--Imelda Ziekenhuis
1--MVZ Dr. Eberhard & Partner Dortmund
1--Labor Dr. Wisplinghoff - Köln
1--""Klinika za infektivne bolesti """"Dr. Fran Mihaljević""""""
1--amedes MVZ DIAMEDIS Sennestadt
1--Novogenia GmbH
1--UO Microbiologia, IRCCS Az.Ospedaliero-Universitaria di Bologna, Policlinico di S.Orsola
1--National Public Health Laboratory, National Centre for Infectious Diseases
1--Erasmus Medical Center
1--Platform BIS UZA/UAntwerpen
1--Limbach - MVZ Humangenetik Ulm
1--Plateforme de testing Namuroise, CHU UCL Namur
1--Klinikum Vöcklabruck
1--WestPac Labs
1--Department of Bacteria, Parasites and Fungi, Statens Serum Institut, Copenhagen, Denmark
1--Department of Microbiology, Laboratoire Hospitalier Universitaire de Bruxelles, Université Libre de Bruxelles
1--WSSE w Rzeszowie - laboratorium
1--National Center of Infectious and Parasitic Diseases
1--NYU Langone Health Molecular Microbiology Laboratory
1--Zhejiang Provincial Center for Disease Control and Prevention
1--Synlab MVZ Augsburg
1--KU Leuven, Rega Institute, Clinical and Epidemiological Virology
1--nordlab - Partnerschaftspraxis für Laboratoriumsmedizin
1--WSSE Rzeszow Laboratorium Diagnostyki Medycznej
1--Universitätsklinikum Münster Institut für Virologie
1--Golestan University of Medical Siences
1--CHU UCL NAMUR ASBL
1--Department of Microbiology, Faculty of Medicine, University of Ioannina
1--Henry Ford Health Microbiology Laboratory
1--Hopital
1--Helix
1--Alberta Precision Labs (APL)
1--Tidewater Physicians Multispecialty Group Regional Laboratory
1--National Laboratory for Health, Environment and Food, OMM, Maribor
1--Shamir Medical Center (Asaf Harofe)
1--Royal GD
1--UW Virology Lab
1--Helios Universitätsklinikum Wuppertal: Universität Witten/Herdecke: Institut für Medizinische Labordiagnostik
1--Public Health Ontario Laboratory
1--Laboratory Medicine and Pathology, University of Washington
1--Max von Pettenkofer Institute, Virology, National Reference Center for Retroviruses, LMU Munich
1--Labkesda DKI Jakarta
1--Aegis Sciences Corporation
1--Public Health Laboratory, Public Health Service Amsterdam, The Netherlands
1--Universitätsklinikum Frankfurt - Institut für Medizinische Virologie
1--Krankenhausgesellschaft St. Vincenz mbH
1--Department for Virology, Molecular Biology and Genome Research, R. G. Lugar Center for Public Health Research, National Center for Disease Control and Public Health (NCDC) of Georgia
1--Department of Health Technology and Informatics, The Hong Kong Polytechnic University
1--National Institute for Public Health and the Environment (RIVM)
1--Universitair Ziekenhuis Brussel
1--Charité Universitätsmedizin Berlin, Institut für Virologie/Labor Berlin
1--ZAKLAB GmbH",
25591,TCGTAAGAACGG,12,2,ORF3a,66,IVRT,0.0,BA.2,100.0,1,USA,100.0,1,2,2,100.0,100.0,2,100.0,"1--Centers for Disease Control and Prevention, Division of Viral Diseases, Pathogen Discovery
1--Northwestern University - Center for Pathogen Genomics and Microbial Evolution","1--Northwestern Memorial Hospital
1--Laboratory Corporation of America","EPI_ISL_12656046, EPI_ISL_12840087"
3046,GATGAGGATGAAGAAGAA,18,54,ORF1a,927,DEDEEE,11.0,BA.1.17.2,29.6,19,Brazil,37.0,11,21,22,0.1,0.1,0,0.1,"15--Laboratório de Ecologia de Doenças Transmissíveis na Amazônia, Instituto Leônidas e Maria Deane - Fiocruz Amazônia
7--Centers for Disease Control and Prevention, Division of Viral Diseases, Pathogen Discovery
4--Pathogen Genomics Center, National Institute of Infectious Diseases
3--Instituto Butantan
3--National Institute for Public Health and the Environment (RIVM)
3--Robert Koch Institute
2--Minnesota Department of Health, Public Health Laboratory
2--Labo Klinische Biologie, UZA
2--Department of Virology, Henri Mondor University Hospital, Assistance Publique Hôpitaux de Paris, Université Paris-Est Créteil, INSERM U955
1--University of Minnesota Genomics Center
1--Tokyo Medical and Dental University
1--The Ohio State University Applied Microbiology Services Laboratory
1--Laboratoire de santé publique du Québec
1--Laboratório Central de Saúde Pública do Amazonas
1--WHO National Influenza Centre Russian Federation
1--Centre National de Reference des Virus des Infections Respiratoires
1--Gagnon Lab, Southern Illinois University
1--West Java Health Laboratory; School of Life Sciences and Technology, Institut Teknologi Bandung
1--Statens Serum Institut Bioinformatics and Microbial Genomics
1--Instituto Butantan / Mendelics
1--Public Health Ontario
1--Houston Methodist Hospital","15--Laboratório Central de Saúde Pública do Amazonas - LACEN-AM
4--Pathogen Genomics Center, National Institute of Infectious Diseases
3--National Institute for Public Health and the Environment (RIVM)
2--UBS ALCIMINIO DE ASSIS LOURENCO BADY BASSITT
2--STMARTINS ORIADE
2--Infinity Biologix
2--Sonic - Bioscientia - MVZ Labor Saar GmbH
2--Laboratory Corporation of America
1--Platform BIS UZA/UAntwerpen
1--Tokyo Medical and Dental University
1--The Ohio State University Applied Microbiology Services Laboratory
1--Laboratoire de santé publique du Québec
1--Labo Analyses Med
1--Laboratório Central de Saúde Pública do Amazonas
1--Aegis Sciences Corporation
1--Ambulatorio Dr Joao Lania Centro Jose Bonifacio
1--Saint Petersburg Clinical Consultative and Diagnostic Center No 1
1--Minnesota Department of Health, Public Health Laboratory
1--Department of Clinical Microbiology, Herlev and Gentofte University Hospital
1--Public Health Laboratory, Minnesota Department of Health
1--Illinois Department of Public Health
1--Quest Diagnostics Incorporated
1--Centrum voor Medische Analyse
1--AMBULATORIO DR JOAO LANIA CENTRO JOSE BONIFACIO
1--Medizinisches Versorgungszentrum Göttingen (MVZ)  Kinderwunschzentrum Zentrum für Labordiagnostik Institut für Pathologie und Zytologie
1--Houston Methodist Hospital
1--Public Health Ontario Laboratory
1--Essentia Health-St. Mary's Medical Center
1--RSP Prov Jawa Barat
1--Mako Medical","EPI_ISL_1430701, EPI_ISL_1761344, EPI_ISL_1927286, EPI_ISL_1927288, EPI_ISL_1934429, EPI_ISL_2141238, EPI_ISL_2170964, EPI_ISL_5647663, EPI_ISL_5647717, EPI_ISL_5800467, EPI_ISL_6310863, EPI_ISL_8567816, EPI_ISL_9034313, EPI_ISL_9347689, EPI_ISL_9483116, EPI_ISL_9500056, EPI_ISL_9500057, EPI_ISL_9500058, EPI_ISL_9500059, EPI_ISL_9596048, EPI_ISL_9596050, EPI_ISL_9596056, EPI_ISL_9706992, EPI_ISL_9776341, EPI_ISL_9853038, EPI_ISL_9853039, EPI_ISL_9853092, EPI_ISL_9927514, EPI_ISL_9944450, EPI_ISL_10043398, EPI_ISL_10105050, EPI_ISL_10105054, EPI_ISL_10105104, EPI_ISL_10105114, EPI_ISL_10105115, EPI_ISL_10696823, EPI_ISL_10899218, EPI_ISL_11265419, EPI_ISL_11760082, EPI_ISL_12782375, EPI_ISL_14692191, EPI_ISL_15150879, EPI_ISL_15150960, EPI_ISL_15368650, EPI_ISL_15415573, EPI_ISL_15492963, EPI_ISL_15552095, EPI_ISL_15688162, EPI_ISL_15718006, EPI_ISL_16416341, EPI_ISL_16570066, EPI_ISL_18156595, EPI_ISL_18847449, EPI_ISL_19365730"
27295,GATCCGCCG,9,8,ORF6,31,RSA,17.3,XAP,87.5,2,Canada,100.0,1,2,2,100.0,100.0,4,50.0,"7--Laboratoire de santé publique du Québec
1--Public Health Ontario","7--Laboratoire de santé publique du Québec
1--St. Joseph's Healthcare Hamilton","EPI_ISL_12542882, EPI_ISL_12639463, EPI_ISL_12791762, EPI_ISL_13055123, EPI_ISL_13055453, EPI_ISL_13055470, EPI_ISL_13303523, EPI_ISL_19919716"
25673,GGCGGGCGGACA,12,2,ORF3a,94,AGGH,0.3,AY.44,100.0,1,USA,100.0,1,2,2,66.7,100.0,2,100.0,"1--Centers for Disease Control and Prevention, Division of Viral Diseases, Pathogen Discovery
1--Lauring Lab, University of Michigan, Department of Microbiology and Immunology","1--Fulgent Genetics
1--University of Michigan Clinical Microbiology Laboratory","EPI_ISL_3345190, EPI_ISL_4052816"
28160,AGACCTG,7,25,,0,,11.1,AY.4,100.0,1,England,100.0,1,2,2,88.5,88.5,23,92.0,"22--Wellcome Sanger Institute
3--COVID-19 Genomics UK (COG-UK) Consortium","10--Lighthouse Lab in Milton Keynes
6--Berkshire and Surrey Pathology Services Lighthouse Laboratory
5--Health Services Laboratories
2--Quadram Institute Bioscience
1--Rosalind Franklin Laboratory
1--Northumbria University / South Tees Hospitals NHS Foundation Trust / North Cumbria Integrated Care NHS Foundation Trust / North Tees and Hartlepool NHS Foundation Trust / Newcastle Hospitals NHS Foundation Trust","EPI_ISL_5525145, EPI_ISL_5786842, EPI_ISL_6427310, EPI_ISL_6549624, EPI_ISL_6592774, EPI_ISL_6592781, EPI_ISL_6593429, EPI_ISL_6668146, EPI_ISL_6758852, EPI_ISL_6796518, EPI_ISL_6796521, EPI_ISL_6868271, EPI_ISL_6876822, EPI_ISL_6877182, EPI_ISL_6917325, EPI_ISL_6926811, EPI_ISL_6974693, EPI_ISL_7040404, EPI_ISL_7187958, EPI_ISL_7188085, EPI_ISL_7198910, EPI_ISL_7202926, EPI_ISL_7344725, EPI_ISL_7385718, EPI_ISL_7822857"
22303,CACAGCTGG,9,35,S,247,HSW,12.0,BA.2.9,100.0,1,Chile,94.3,2,4,5,94.1,94.1,32,91.4,"28--Instituto de Salud Publica de Chile
3--Laboratory of Molecular Biology, Nanomedicine and Genomics
2--Laboratory of Molecular Virology, School of Medicine, Pontificia Universidad Catolica de Chile
1--Utah Public Health Laboratory
1--Gilead Sciences Clinical Inc","28--Genetica Molecular and Subdepartamento de Virologia ISP Chile
3--Laboratory of Molecular Biology, Copiapo Regional Hospital
2--Laboratorio de Infectologia y Virologia Molecular
1--Utah Public Health Laboratory
1--Gilead Sciences Clinical Inc","EPI_ISL_12810990, EPI_ISL_12907470, EPI_ISL_12999121, EPI_ISL_12999170, EPI_ISL_13154945, EPI_ISL_13155032, EPI_ISL_13155037, EPI_ISL_13155167, EPI_ISL_13155173, EPI_ISL_13165742, EPI_ISL_13439443, EPI_ISL_13439446, EPI_ISL_13439452, EPI_ISL_13719522, EPI_ISL_13719523, EPI_ISL_13720316, EPI_ISL_13725532, EPI_ISL_13725538, EPI_ISL_13725539, EPI_ISL_13726066, EPI_ISL_13726275, EPI_ISL_13727182, EPI_ISL_13727271, EPI_ISL_13736077, EPI_ISL_13736460, EPI_ISL_13736481, EPI_ISL_13736527, EPI_ISL_13736580, EPI_ISL_13811769, EPI_ISL_14008824, EPI_ISL_14036367, EPI_ISL_14332101, EPI_ISL_14332365, EPI_ISL_14981039, EPI_ISL_20318718"
27758,AATGGAGGGA,10,3,ORF7b,1,NGG,60.1,EG.2,100.0,1,USA,66.7,2,2,2,100.0,100.0,2,66.7,"2--Ginkgo Bioworks Clinical Laboratory / XpressCheck
1--Karolinska University Hospital","1--Clinical Enterprise Airport (DC Pooled) - 10 Swab
1--Clinical Enterprise Airport (DC Indv)
1--Karolinska University Hospital Huddinge","EPI_ISL_17768451, EPI_ISL_17768471, EPI_ISL_17769712"
22304,CAGAAGTTG,9,14,S,247,SEV,11.8,BA.2,100.0,1,Colombia,71.4,3,5,5,92.3,92.3,12,85.7,"8--Instituto Nacional de Salud- Dirección de Investigación en Salud Pública
2--Centers for Disease Control and Prevention, Division of Viral Diseases, Pathogen Discovery
2--UNIMOL
1--Laboratorio de Referencia Nacional de Virus Respiratorios. Centro Nacional de Salud Publica. Instituto Nacional de Salud Peru.
1--Florida Bureau of Public Health Laboratories","3--DISAN EJERCITO
2--LABNORATORIO SOL WAYUU
2--Laboratory Corporation of America
2--ANALICEMOS LABORATORIO CLINICO ESPECIALIZADO
1--Laboratorio de Referencia Nacional de Virus Respiratorios. Centro Nacional de Salud Publica. Instituto Nacional de Salud Peru.
1--Laboratario Clínica Iberoamérica
1--Florida Bureau of Public Health Laboratories
1--UNIMOL
1--DIRECCION DE SANIDAD - EJERCITO NACIONAL","EPI_ISL_13542887, EPI_ISL_13542891, EPI_ISL_14015119, EPI_ISL_14015120, EPI_ISL_14152428, EPI_ISL_14291267, EPI_ISL_14291296, EPI_ISL_14291530, EPI_ISL_14535108, EPI_ISL_14583826, EPI_ISL_14583839, EPI_ISL_15075272, EPI_ISL_15075278, EPI_ISL_15076718"
28882,CCGGAA,6,3,N,202,TP,2.1,LY.1,100.0,1,USA,66.7,2,3,3,60.0,60.0,3,100.0,"1--Public Health Ontario
1--Houston Methodist Hospital
1--California Department of Public Health","1--Houston Methodist Hospital
1--The Hospital for Sick Children
1--TPMG Kaiser Regional","EPI_ISL_19499577, EPI_ISL_19628957, EPI_ISL_19980483"
27399,CTGTGAGGGC,10,3,ORF7a,2,L*G,56.3,AY.3,100.0,1,USA,100.0,1,2,2,100.0,100.0,3,100.0,"2--Centers for Disease Control and Prevention, Division of Viral Diseases, Pathogen Discovery
1--Seattle Flu Study","2--Laboratory Corporation of America
1--Incyte Diagnostics Spokane","EPI_ISL_4814819, EPI_ISL_5184057, EPI_ISL_6602319"
22304,CAGCTGGAG,9,3,S,247,SAG,1.7,BA.2,100.0,1,USA,100.0,1,3,3,100.0,100.0,3,100.0,"1--Centers for Disease Control and Prevention, Division of Viral Diseases, Pathogen Discovery
1--Colorado Department of Public Health and Environment
1--Nebraska Public Health Laboratory","1--Colorado Department of Public Health and Environment
1--Laboratory Corporation of America
1--Nebraska Public Health Laboratory","EPI_ISL_12653063, EPI_ISL_13021310, EPI_ISL_13558594"
28070,TGAGGGTGACGTA,13,3,ORF8,59,*G,0.5,AY.6,100.0,1,England,100.0,1,2,2,100.0,100.0,3,100.0,"2--Wellcome Sanger Institute
1--COVID-19 Genomics UK (COG-UK) Consortium","1--Lighthouse Lab in Milton Keynes
1--Northumbria University / South Tees Hospitals NHS Foundation Trust / North Cumbria Integrated Care NHS Foundation Trust / North Tees and Hartlepool NHS Foundation Trust / Newcastle Hospitals NHS Foundation Trust
1--Lighthouse Lab in Glasgow","EPI_ISL_3107008, EPI_ISL_3250846, EPI_ISL_3772106"
22304,CATCTGAGA,9,333,S,247,SSE,3.5,BA.2,99.7,2,USA,94.0,12,63,68,3.7,3622.2,326,98.8,"165--Centers for Disease Control and Prevention, Division of Viral Diseases, Pathogen Discovery
16--Aegis Sciences Corporation
14--Helix
9--Lauring Lab, University of Michigan, Department of Microbiology and Immunology
9--Colorado Department of Public Health and Environment
8--Pandemic Response Lab, R&D
7--Michigan Department of Health and Human Services, Bureau of Laboratories
6--Utah Public Health Laboratory
6--State Hygienic Laboratory at the University of Iowa
6--Health and Enviroment, Kansas Department of Health and Environment
6--Houston Methodist Hospital
5--Illinois Department of Public Health - Springfield Lab
3--Naval Medical Research Center Biological Defense Research Directorate
3--RIPHL at Rush University Medical Center
3--California Department of Public Health
3--Virginia Division of Consolidated Laboratory Services
2--National Microbiology Laboratory (NML)
2--Nebraska Public Health Laboratory
2--Johns Hopkins Hospital Department of Pathology
2--Illinois Department of Public Health - Chicago Lab
2--City of Milwaukee Health Department Laboratory
2--NSW Health Pathology - Institute of Clinical Pathology and Medical Research (ICPMR); Westmead Hospital; University of Sydney
2--State Laboratories Division, Hawaii State Department of Health
2--UNC Charlotte Environmental Monitoring Laboratory
2--Public Health Ontario
2--SHIELD SAIL Lab
2--Robert Koch Institute
2--Pathology and Laboratory Medicine Institute, Cleveland Clinic, Ohio, USA
1--The Ohio State University Applied Microbiology Services Laboratory
1--County of San Luis Obispo Public Health Laboratory
1--Genome Information Research Center, Research Institute for Microbial Diseases, Osaka University
1--Tokyo Metropolitan Institute of Public Health
1--Pathogen Genomics Center, National Institute of Infectious Diseases
1--Michigan State University
1--Departments of Pathology and Medicine, New York University School of Medicine
1--Andersen lab at Scripps Research - SEARCH
1--Southern Nevada Public Health Laboratory
1--Tulare County Public Health Laboratory
1--Tewhey Lab, The Jackson Laboratory
1--Center for Pathogen Genomics and Microbial Evolution, Northwestern University
1--Department of Biomedical Informatics, University of Arkansas for Medical Sciences
1--WVU and Marshall University Combined Genomics Core Facilities
1--New York City Public Health Laboratory
1--Nova Scotia Health Authority
1--Public Health Laboratory, Department of Public Health, Los Angeles County
1--Arkansas Public Health Laboratory
1--Department of Pathology and Laboratory Services, University of Arkansas for Medical Sciences
1--Institute of Environmental Science and Research (ESR)
1--IN State Department of Health Laboratory Services
1--Infectious Disease Program, Broad Institute of Harvard and MIT
1--COVID-19 Genomics UK (COG-UK) Consortium
1--University of Wisconsin, School of Veterinary Medicine, Department of Pathobiological Sciences
1--Unidad de Genomica Avanzada
1--Clinical Microbiology Laboratory, Tel Aviv Sourasky Medical Center
1--Andersen Lab at The Scripps Research Institute
1--Minnesota Department of Health, Public Health Laboratory
1--Instituto Nacional de Saude Doutor Ricardo Jorge (INSA)
1--Lifebrain Covid Labor GmbH
1--LSUHS Emerging Viral Threat Laboratory
1--Wisconsin State Laboratory of Hygiene Communicable Disease Division
1--North Dakota Department of Health, Public Health Laboratory
1--Florida Bureau of Public Health Laboratories
1--Jeremy Wang
1--Wake Forest School of Medicine, Internal Medicine
1--Maryland Genomics, Institute for Genome Sciences, University of Maryland School of Medicine
1--Fulgent Genetics
1--Harris/Thakur/Rasmussen Lab
1--Instituto de Biotecnología de la UNAM","66--Quest Diagnostics Incorporated
54--Laboratory Corporation of America
44--Helix
17--Aegis Sciences Corporation
14--Kaiser Permanente Southern California
9--University of Michigan Clinical Microbiology Laboratory
9--Colorado Department of Public Health and Environment
8--Pandemic Response Lab - NYC
7--Michigan Department of Health and Human Services, Bureau of Laboratories
6--Utah Public Health Laboratory
6--Houston Methodist Hospital
5--State Hygienic Laboratory at the University of Iowa
5--Illinois Department of Public Health - Springfield Lab
3--Fort Belvoir Community Hospital
3--Kansas Health and Environmental Lab
3--Tidewater Physicians Multispecialty Group Regional Laboratory
3--Health and Enviroment, Kansas Department of Health and Environment
2--Histopath
2--EXCITE Lab
2--StarMed Healthcare
2--Labor Blackholm MVZ
2--SHIELD Rosalind Franklin Laboratory
2--Nebraska Public Health Laboratory
2--Switch Health
2--Johns Hopkins Hospital Department of Pathology
2--Illinois Department of Public Health
2--The Hospital for Sick Children
2--Virginia Tech
2--State Laboratories Division, Hawaii State Department of Health
2--Pathology and Laboratory Medicine Institute, Cleveland Clinic, Ohio, USA
1--Alverno Labs
1--The Ohio State University Applied Microbiology Services Laboratory
1--KS Health and Environmental Laboratories
1--Genome Information Research Center, Research Institute for Microbial Diseases, Osaka University
1--Laboratorio Central de Epidemiologia (LCE)
1--Summit Clinical Laboratories
1--Tokyo Metropolitan Institute of Public Health
1--INFINITY BIOLOGIX
1--University of Iowa Hospitals and Clinics
1--Southern Nevada Public Health Laboratory
1--Tulare County Public Health Laboratory
1--Willis-Knighton Medical Center Hospital Laboratory
1--Department of Biomedical Informatics, University of Arkansas for Medical Sciences
1--Spectrum Health
1--Arkansas Public Health Laboratory
1--Department of Pathology and Laboratory Services, University of Arkansas for Medical Sciences
1--NOAH
1--SIERRA VISTA REGIONAL MEDICAL CENTER LABORATORY
1--IN State Department of Health Laboratory Services
1--Barts Health NHS Trust
1--WolfTRACS Surveillance Lab
1--Lurie Children's Hospital
1--University of Wisconsin, School of Veterinary Medicine, Department of Pathobiological Sciences
1--Clinical Microbiology Laboratory, Tel Aviv Sourasky Medical Center
1--Lifebrain Covid Labor GmbH
1--NS-QEII Health Sciences Centre
1--Wisconsin State Laboratory of Hygiene Communicable Disease Division
1--North Dakota Department of Health, Public Health Laboratory
1--Florida Bureau of Public Health Laboratories
1--Reynolds Memorial Hospital
1--Northwestern Memorial Hospital
1--Pathline Labs
1--PIH Health Whittier Hospital
1--Clinical Molecular Microbiology Laboratory, UNC Hospitals
1--NYU Langone Health
1--Alverno Labs - AMITA Health Resurrection Medical Center
1--ARS Algarve - Laboratorio Laura Ayres
1--Maryland Genomics, Institute for Genome Sciences, University of Maryland School of Medicine
1--Waikato DHB Laboratory
1--Carolinas HealthCare Systems Laboratory
1--SARS-CoV-2 testing team, National Institute of Infectious Diseases
1--Fulgent Genetics
1--Maine Health and Environmental Testing Laboratory
1--Broad Institute Clinical Research Sequencing Platform
1--Laboratorio Central de Epidemiología (LCE)",
23593,AGTGGA,6,10,S,677,SG,0.0,BQ.1.1,100.0,1,Sweden,100.0,1,2,2,100.0,100.0,10,100.0,"5--The Public Health Agency of Sweden
5--Region Västerbotten, Klinisk mikrobiologi","5--The Public Health Agency of Sweden
4--Region Västerbotten, Klinisk mikrobiologi
1--Region Jämtland Härjedalen, Östersunds sjukhus","EPI_ISL_16724587, EPI_ISL_16724600, EPI_ISL_16725548, EPI_ISL_16725565, EPI_ISL_16727408, EPI_ISL_17968981, EPI_ISL_17968991, EPI_ISL_17969097, EPI_ISL_17969184, EPI_ISL_18134343"
25592,CACAGAGACTGG,12,9,ORF3a,66,NTET,15.6,AY.122,100.0,1,Russia,88.9,2,2,2,100.0,100.0,5,55.6,"8--Group of Genomics and Postgenomic Technologies of Central Research Institute of Epidemiology
1--Statens Serum Institut Bioinformatics and Microbial Genomics","8--""Molecular diagnostic laboratory of Federal Budget Institution of Science """"Central Research Institute of Epidemiology"""" of The Federal Service on Customers' Rights Protection and Human Well-being Surveillance""
1--Department of Bacteria, Parasites and Fungi, Statens Serum Institut, Copenhagen, Denmark","EPI_ISL_5858038, EPI_ISL_6641107, EPI_ISL_6641108, EPI_ISL_6641109, EPI_ISL_6641118, EPI_ISL_6641123, EPI_ISL_6641130, EPI_ISL_6641151, EPI_ISL_6642071"
22087,AATCCTCGG,9,2,S,175,NPR,24.0,LB.1.3,100.0,1,USA|Canada,50.0,2,2,2,100.0,100.0,2,100.0,"1--Public Health Ontario
1--Colorado Department of Public Health and Environment","1--Colorado Department of Public Health and Environment
1--The Hospital for Sick Children","EPI_ISL_19346436, EPI_ISL_19987217"
22204,AACGGCGCG,9,8,S,214,NGA,10.1,XBB.2.3,100.0,1,USA|France,37.5,4,7,8,100.0,100.0,7,87.5,"1--UK Health Security Agency (UKHSA)
1--Helix
1--Centers for Disease Control and Prevention, Division of Viral Diseases, Pathogen Discovery
1--Centre National de Reference des Virus des Infections Respiratoires
1--Regional Innovative Public Health Laboratory (RIPHL) at Rush University Medical Center
1--Centre Hospitalier Universitaire (CHU) Nîmes
1--Laboratório Microbiologia e Imunologia da Universidade Federal da Bahia
1--National Reference Center for Viruses of Respiratory Infections (CNR VIR), Institut Pasteur","1--Faculdade de Farmácia, Universidade Federal da Bahia
1--Alverno Labs
1--Bpr Analyses Spécialisées
1--Respiratory Virus Unit, Microbiology Services Colindale, Public Health England
1--SYNLAB AQUITAINE LABO MERLEN
1--Centre Hospitalier (CH) Bagnols Sur Cèze
1--Quest Diagnostics Incorporated
1--Kaiser Permanente Southern California","EPI_ISL_17788953, EPI_ISL_17813171, EPI_ISL_17831362, EPI_ISL_17856202, EPI_ISL_17859968, EPI_ISL_17976904, EPI_ISL_18049016, EPI_ISL_20353529"
25950,AACTGTTTT,9,2,ORF3a,186,NCF,12.0,XBB.1.5,100.0,1,USA,100.0,1,2,2,100.0,100.0,2,100.0,"1--Pathology and Laboratory Medicine Institute, Cleveland Clinic, Ohio, USA
1--Pennsylvania Department of Health Bureau of Laboratories","1--Pathology and Laboratory Medicine Institute, Cleveland Clinic, Ohio, USA
1--Pennsylvania Department of Health Bureau of Laboratories","EPI_ISL_17288401, EPI_ISL_17536980"
22304,ACAAACGGG,9,66,S,248,KRD,11.8,HN.8,86.4,3,USA,43.9,6,19,19,0.3,860.0,43,65.2,"19--Laboratoire National de Santé Publique
9--Centers for Disease Control and Prevention, Division of Viral Diseases, Pathogen Discovery
8--Instituto de Biotecnologia de la UNAM
8--Houston Methodist Hospital
6--Public Health Ontario
2--Instituto Oswaldo Cruz FIOCRUZ - Laboratory of Respiratory Viruses and Measles (LVRS)
2--California Department of Public Health (CDPH) - VRDL COVID Sequencing Hub
1--State Hygienic Laboratory at the University of Iowa
1--Gilead Sciences Clinical Inc
1--Texas Department of State Health Services (TXDSHS)
1--Minnesota Department of Health, Public Health Laboratory
1--NYU Langone Health Molecular Microbiology Laboratory
1--Laboratorio de Biología Molecular de Enfermedades Emergentes y EPOC, Instituto Nacional de Enfermedades Respiratorias (INER)
1--Colorado Department of Public Health and Environment
1--Ohio Department of Health Laboratory
1--Georgia Department of Public Health
1--Broad Institute, Infectious Disease Program, Viral Genomics Group
1--National Institute for Public Health and the Environment (RIVM)
1--RIPHL at Rush University Medical Center","17--Laboratoire National De Santé Publique
8--Houston Methodist Hospital
6--Laboratory Corporation of America
4--Laboratorio Central de Epidemiologia (LCE)
4--Public Health Ontario Laboratory
3--Quest Diagnostics Incorporated
3--Laboratorio Central de Epidemiología (LCE)
2--Laboratorio Central de Saude Publica do Estado de Santa Catarina (LACEN/SC)
2--Laboratoire National de Santé Publique
2--Kaiser Regional-31 San Francis
1--Shared Hospital Laboratory
1--State Hygienic Laboratory at the University of Iowa
1--Gilead Sciences Clinical Inc
1--NYU Langone Health Molecular Microbiology Laboratory
1--TXDSHS
1--Instituto Nacional de Enfermedades Respiratorias (INER)
1--The Hospital for Sick Children
1--Colorado Department of Public Health and Environment
1--Georgia Department of Public Health
1--Winona Health Hospital
1--ACL Labs-Advocate Illinois Masonic Medical Center
1--Broad Institute, Infectious Disease Program, Viral Genomics Group
1--National Institute for Public Health and the Environment (RIVM)
1--Centro de Investigacion Biomedica del Noreste (CIBIN)
1--Pathology and Laboratory Medicine Institute, Cleveland Clinic, Ohio, USA","EPI_ISL_18340268, EPI_ISL_18357036, EPI_ISL_18360180, EPI_ISL_18360181, EPI_ISL_18369514, EPI_ISL_18415080, EPI_ISL_18415081, EPI_ISL_18415082, EPI_ISL_18415084, EPI_ISL_18415757, EPI_ISL_18415758, EPI_ISL_18415759, EPI_ISL_18415760, EPI_ISL_18415762, EPI_ISL_18463280, EPI_ISL_18471530, EPI_ISL_18504757, EPI_ISL_18507266, EPI_ISL_18550199, EPI_ISL_18594609, EPI_ISL_18594984, EPI_ISL_18601493, EPI_ISL_18608475, EPI_ISL_18610955, EPI_ISL_18620999, EPI_ISL_18637820, EPI_ISL_18645334, EPI_ISL_18648325, EPI_ISL_18689932, EPI_ISL_18689982, EPI_ISL_18690042, EPI_ISL_18690142, EPI_ISL_18690958, EPI_ISL_18691702, EPI_ISL_18699533, EPI_ISL_18721164, EPI_ISL_18743063, EPI_ISL_18743085, EPI_ISL_18743122, EPI_ISL_18743199, EPI_ISL_18750516, EPI_ISL_18780653, EPI_ISL_18791451, EPI_ISL_18791452, EPI_ISL_18791454, EPI_ISL_18791455, EPI_ISL_18791457, EPI_ISL_18791458, EPI_ISL_18791459, EPI_ISL_18791461, EPI_ISL_18796865, EPI_ISL_18798208, EPI_ISL_18922619, EPI_ISL_18922661, EPI_ISL_18992063, EPI_ISL_18992079, EPI_ISL_18992107, EPI_ISL_18992154, EPI_ISL_18992163, EPI_ISL_19004224, EPI_ISL_19004263, EPI_ISL_19004310, EPI_ISL_19729759, EPI_ISL_19995199, EPI_ISL_20008902, EPI_ISL_20318590"
22102,GACGCTGTG,9,12,S,180,DAV,4.1,JG.3,100.0,1,Scotland,50.0,6,7,7,19.4,19.4,12,100.0,"5--COVID-19 Genomics UK (COG-UK) Consortium
2--UK Health Security Agency (UKHSA)
1--Centers for Disease Control and Prevention, Division of Viral Diseases, Pathogen Discovery
1--Centre National de Reference des Virus des Infections Respiratoires
1--National Institute for Public Health and the Environment (RIVM)
1--University of Glasgow
1--National Public Health Organization","6--West of Scotland Specialist Virology Centre, NHSGGC / MRC-University of Glasgow Centre for Virus Research
2--Respiratory Virus Unit, Microbiology Services Colindale, Public Health England
1--CENTRE HOSPITALIER DE LOURDES
1--National Institute for Public Health and the Environment (RIVM)
1--Laboratory Corporation of America
1--National Public Health Organization","EPI_ISL_18467481, EPI_ISL_18467727, EPI_ISL_18514651, EPI_ISL_18514656, EPI_ISL_18521503, EPI_ISL_18576888, EPI_ISL_18578416, EPI_ISL_18578418, EPI_ISL_18578449, EPI_ISL_18605791, EPI_ISL_18745216, EPI_ISL_18880591"
25686,GAGTTGGAGGAG,12,24,ORF3a,98,ELEE,4.0,BA.5.2,100.0,1,USA,58.3,2,9,9,84.2,84.2,16,66.7,"6--Unidad de Genomica Avanzada
6--Centers for Disease Control and Prevention, Division of Viral Diseases, Pathogen Discovery
3--Instituto de Biotecnologia de la UNAM
3--Nevada State Public Health Laboratory
2--Fulgent Genetics
1--Andersen Lab at The Scripps Research Institute
1--Lauring Lab, University of Michigan, Department of Microbiology and Immunology
1--UNC Charlotte Environmental Monitoring Laboratory
1--Instituto de Biotecnología de la UNAM","5--Centro de Investigacion Biomedica de Occidente (CIBO)
4--Laboratorio Central de Epidemiologia (LCE)
3--Nevada State Public Health Laboratory
2--Helix
2--Quest Diagnostics Incorporated
2--Fulgent Genetics
2--Laboratory Corporation of America
1--EXCITE Lab
1--Centro de Investigación Biomédica de Occidente (CIBO)
1--IVY4 Central Lab, Vanderbilt University Medical Center
1--StarMed Healthcare","EPI_ISL_14600363, EPI_ISL_14600365, EPI_ISL_14600366, EPI_ISL_14610942, EPI_ISL_14868095, EPI_ISL_15015420, EPI_ISL_15092153, EPI_ISL_15098198, EPI_ISL_15248425, EPI_ISL_15323016, EPI_ISL_15373948, EPI_ISL_15375376, EPI_ISL_15389352, EPI_ISL_15414939, EPI_ISL_15490514, EPI_ISL_15545591, EPI_ISL_15671180, EPI_ISL_15671183, EPI_ISL_15671184, EPI_ISL_16204924, EPI_ISL_16204951, EPI_ISL_16204974, EPI_ISL_16204976, EPI_ISL_16204997"
22200,AGGAGGAGG,9,6,S,213,GGG,3.3,BA.2.41,100.0,1,USA,66.7,2,3,3,0.2,1.7,4,66.7,"3--SHIELD SAIL Lab
2--Clinical Bioinformatics Area, Fundación Progreso y Salud
1--University of Louisville Sequencing Technology Center","2--Servicio de Microbiologia, Hospital Universitario Virgen del Rocio, Sevilla, Spain
1--SHIELD Southern Illinois University Laboratory
1--SHIELD Illinois State University Laboratory
1--SHIELD Rosalind Franklin Laboratory
1--Gravity Diagnostics, LLC","EPI_ISL_13435228, EPI_ISL_13459313, EPI_ISL_13459462, EPI_ISL_15802207, EPI_ISL_16233203, EPI_ISL_16239425"
9350,TCTGTTTTGCTT,12,13,ORF1a,3028,ICFA,20.0,B.1.2,92.3,2,USA,100.0,1,4,4,91.7,91.7,11,84.6,"5--Houston Methodist Hospital
5--Arizona State University
2--Centers for Disease Control and Prevention, Division of Viral Diseases, Pathogen Discovery
1--Respiratory Viruses Branch, Division of Viral Diseases, Centers for Disease Control and Prevention","5--Houston Methodist Hospital
5--Arizona State University
2--Helix/Illumina
1--Laboratory Corporation of America","EPI_ISL_1027726, EPI_ISL_1077359, EPI_ISL_1077450, EPI_ISL_1269291, EPI_ISL_1270263, EPI_ISL_2191470, EPI_ISL_2201947, EPI_ISL_2204149, EPI_ISL_12642493, EPI_ISL_12644579, EPI_ISL_13065383, EPI_ISL_13083833, EPI_ISL_15099117"
26184,CCGAGT,6,4,ORF3a,264,PS,10.9,AY.103,100.0,1,USA,100.0,1,2,2,100.0,100.0,4,100.0,"3--Centers for Disease Control and Prevention, Division of Viral Diseases, Pathogen Discovery
1--Tampa General Hospital Esoteric Research & Development Lab","2--Aegis Sciences Corporation
1--Helix
1--Tampa General Hospital Esoteric Lab","EPI_ISL_5557427, EPI_ISL_6069563, EPI_ISL_6171490, EPI_ISL_7159631"
22195,TTAACACCTACC,12,127,S,211,FNTY,1.9,BA.2,95.3,2,Germany,63.8,12,17,18,4.5,22.7,126,100.0,"80--Robert Koch Institute
24--Wellcome Sanger Institute
3--COVID-19 Genomics UK (COG-UK) Consortium
3--Statens Serum Institut Bioinformatics and Microbial Genomics
2--ASST MONZA
2--Charles University, Faculty of Science, BIOCEV, OMICS Genomics
2--ASST Grande ospedale Metropolitano Niguarda
1--Laboratory for Functional Genome Analysis; Dept. Genomics; Gene Center of the LMU Munich
1--Clinical Microbiology Laboratory, Tel Aviv Sourasky Medical Center
1--Department of Biosystems Science and Engineering, ETH Zürich
1--Laboratory of Clinical Microbiology, Virology and Bioemergencies, ASST Fatebenefratelli Sacco - Sacco Hospital
1--Università degli Studi di Milano La Statale
1--Lifebrain Covid Labor GmbH
1--Istituto Zooprofilattico Sperimentale della Lombardia e dell'Emilia Romagna (IZSLER), Risk Analysis and Genomic Epidemiology Unit
1--Microbiology University Politecnica delle Marche
1--Centre Hospitalier Universitaire (CHU) Rouen
1--Public Health Ontario
1--Hospital Universitario Son Espases","22--Eurofins LifeCodexx GmbH
14--SYNLAB MVZ Weiden
14--Rosalind Franklin Laboratory
7--Labor Dr. Krause & Kollegen MVZ GmbH Kiel
5--Bioscientia Labor Wermsdorf
5--Lighthouse Lab in Glasgow
4--Labor Lübeck bzw. Laborärztliche Gemeinschaftspraxis Lübeck
4--MVZ Labor Dr. Limbach & Kollegen GbR
3--Department of Bacteria, Parasites and Fungi, Statens Serum Institut, Copenhagen, Denmark
3--Limbach - MVZ Labor Ravensburg Labor Dr. Gärtner
2--Respiratory Virus Unit, Microbiology Services Colindale, Public Health England
2--Lighthouse Lab in Milton Keynes
2--Universitätsklinikum Münster Institut für Virologie
2--Faculty Hospital Bulovka, Department of Clinical Microbiology
2--ASST MONZA
2--Berkshire and Surrey Pathology Services Lighthouse Laboratory
2--Labor Becker & Kollegen (Standort München)
2--ASST GOM NIGUARDA
1--Sonic - Labor Staber Nürnberg
1--amedes MVZ für Labordiagnostik Rhein-Main
1--Università di Parma Laboratorio di Igiene e Sanità Pubblica
1--amedes MVZ DIAMEDIS Sennestadt
1--Ancona
1--Labor Blackholm MVZ
1--Limbach - MVZ Labor Dr. Volkmann & Kollegen
1--SYNLAB MVZ Leverkusen
1--Synlab MVZ Augsburg
1--Centre Hospitalier Universitaire (CHU) Rouen
1--Sonic - Dr. Staber & Kollegen GmbH München
1--Viollier AG
1--Clinical Microbiology Laboratory, Tel Aviv Sourasky Medical Center
1--Laboratory of Clinical Microbiology, Virology and Bioemergencies, ASST Fatebenefratelli Sacco - Sacco Hospital
1--Lifebrain Covid Labor GmbH
1--amedes MVZ für Laboratoriumsdiagnostik Raubling GmbH
1--Unimi-ATS-CittaMetropolitanaMilanese
1--IMD - MVZ Labor Martinsried
1--Hospital Universitario Son Espases
1--Northumbria University / South Tees Hospitals NHS Foundation Trust / North Cumbria Integrated Care NHS Foundation Trust / North Tees and Hartlepool NHS Foundation Trust / Newcastle Hospitals NHS Foundation Trust
1--Public Health Ontario Laboratory
1--Max von Pettenkofer Institute, Virology, National Reference Center for Retroviruses, LMU Munich
1--Labor Mönchengladbach  MVZ Dr. Stein + Kollegen GbR
1--MVZ Labor Passau GbR
1--Clemenshospital - Alexianer Clemenshospital Münster
1--Medizinische Laboratorien Düsseldorf
1--Health Services Laboratories
1--Sonic - Bioscientia - MVZ Labor Saar GmbH
1--LADR Zentrallabor DR. Kramer & Kollegen Geesthacht
1--MVZ Labor Dr. Reising-Ackermann und Kollegen","EPI_ISL_10747074, EPI_ISL_10918858, EPI_ISL_11126872, EPI_ISL_11428905, EPI_ISL_11433929, EPI_ISL_11451914, EPI_ISL_11454965, EPI_ISL_11471623, EPI_ISL_11509543, EPI_ISL_11513205, EPI_ISL_11546960, EPI_ISL_11605906, EPI_ISL_11611155, EPI_ISL_11635939, EPI_ISL_11642093, EPI_ISL_11643096, EPI_ISL_11643399, EPI_ISL_11645919, EPI_ISL_11653042, EPI_ISL_11664396, EPI_ISL_11673358, EPI_ISL_11674528, EPI_ISL_11676862, EPI_ISL_11688676, EPI_ISL_11775597, EPI_ISL_11808516, EPI_ISL_11818262, EPI_ISL_11819565, EPI_ISL_11822853, EPI_ISL_11867054, EPI_ISL_11917803, EPI_ISL_12018701, EPI_ISL_12086712, EPI_ISL_12185987, EPI_ISL_12186470, EPI_ISL_12186537, EPI_ISL_12186653, EPI_ISL_12186862, EPI_ISL_12191161, EPI_ISL_12191662, EPI_ISL_12192867, EPI_ISL_12236287, EPI_ISL_12236332, EPI_ISL_12236371, EPI_ISL_12236381, EPI_ISL_12236402, EPI_ISL_12236425, EPI_ISL_12240088, EPI_ISL_12253518, EPI_ISL_12257842, EPI_ISL_12312170, EPI_ISL_12334390, EPI_ISL_12334482, EPI_ISL_12334513, EPI_ISL_12343202, EPI_ISL_12345784, EPI_ISL_12348092, EPI_ISL_12349928, EPI_ISL_12363216, EPI_ISL_12365151, EPI_ISL_12366233, EPI_ISL_12429837, EPI_ISL_12449377, EPI_ISL_12513279, EPI_ISL_12514290, EPI_ISL_12514804, EPI_ISL_12519264, EPI_ISL_12523708, EPI_ISL_12525988, EPI_ISL_12525990, EPI_ISL_12526690, EPI_ISL_12526697, EPI_ISL_12526762, EPI_ISL_12526769, EPI_ISL_12565277, EPI_ISL_12606312, EPI_ISL_12672543, EPI_ISL_12672580, EPI_ISL_12674273, EPI_ISL_12674693, EPI_ISL_12676026, EPI_ISL_12678326, EPI_ISL_12678515, EPI_ISL_12678528, EPI_ISL_12689281, EPI_ISL_12722194, EPI_ISL_12731735, EPI_ISL_12736584, EPI_ISL_12736869, EPI_ISL_12772890, EPI_ISL_12777486, EPI_ISL_12779013, EPI_ISL_12813866, EPI_ISL_12814099, EPI_ISL_12821504, EPI_ISL_12827517, EPI_ISL_12866829, EPI_ISL_12915968, EPI_ISL_12995126, EPI_ISL_13000633, EPI_ISL_13004335, EPI_ISL_13004375, EPI_ISL_13009839, EPI_ISL_13013930, EPI_ISL_13028024, EPI_ISL_13034559, EPI_ISL_13034684, EPI_ISL_13131309, EPI_ISL_13143278, EPI_ISL_13144173, EPI_ISL_13228587, EPI_ISL_13237556, EPI_ISL_13238490, EPI_ISL_13240958, EPI_ISL_13246838, EPI_ISL_13247553, EPI_ISL_13280906, EPI_ISL_13300164, EPI_ISL_13311794, EPI_ISL_13343491, EPI_ISL_13357812, EPI_ISL_13379766, EPI_ISL_13476034, EPI_ISL_13900658, EPI_ISL_14070638, EPI_ISL_14234018, EPI_ISL_18682536"
27494,AACGCTG,7,4,ORF7a,34,TL,56.4,AY.43,100.0,1,Spain,100.0,1,3,3,3.1,3.1,4,100.0,"2--Microbiology Department, University Hospital Donostia
1--Clinical Bioinformatics Area, Fundación Progreso y Salud
1--Centro de Secuenciación NASERTIC","2--Microbiology Department, University Hospital Donostia
1--Servicio de Microbiologia, Hospital Puerta del Mar, Cadiz, Spain
1--Servicio de Microbiología Clínica (Complejo Hospitalario de Navarra, Pamplona)","EPI_ISL_8169134, EPI_ISL_8572020, EPI_ISL_8920495, EPI_ISL_16177206"
22198,AGCGAGGAA,9,4,S,212,SEE,0.1,BA.2,100.0,1,England,50.0,3,3,3,1.0,60.0,3,75.0,"2--Wellcome Sanger Institute
1--Institute of Molecular Genetics and Genetic Engineering University of Belgrade
1--Robert Koch Institute","2--Rosalind Franklin Laboratory
1--Centar za laboratorijsku medicinu, Klinički centar Vojvodine
1--SYNLAB MVZ Weiden","EPI_ISL_11701328, EPI_ISL_11917768, EPI_ISL_13143401, EPI_ISL_13906647"
27785,AACGAGTTGT,10,6,ORF7b,10,NEL,11.2,BA.2.32,100.0,1,Indonesia,100.0,1,2,2,100.0,100.0,6,100.0,"4--National Quality Control Laboratory of Drug and Food
2--Genomik Solidaritas Indonesia Laboratorium","4--Labkesda DKI
1--Genomik Solidaritas Indonesia Laboratorium
1--RS Mayapada Jakarta Selatan","EPI_ISL_13398364, EPI_ISL_13469801, EPI_ISL_13469802, EPI_ISL_13469803, EPI_ISL_20062099, EPI_ISL_20062101"
28010,GCACAATCGTTT,12,2,ORF8,39,AQSF,7.6,B.1.429,100.0,1,USA,100.0,1,2,2,66.7,66.7,2,100.0,"1--Respiratory Viruses Branch, Division of Viral Diseases, Centers for Disease Control and Prevention
1--Fulgent Genetics","1--Quest Diagnostics Incorporated
1--Fulgent Genetics","EPI_ISL_1069096, EPI_ISL_1088386"
23596,AGAAATAGAGAT,12,4,S,678,RNRD,0.1,BA.1.1,100.0,1,Austria,50.0,3,4,4,0.2,0.3,4,100.0,"1--Bergthaler laboratory, CeMM Research Center for Molecular Medicine of the Austrian Academy of Sciences
1--Lifebrain Covid Labor GmbH
1--Robert Koch Institute
1--NLZOH (National Laboratory for Health, Environment and Food) / CISLD (Clinical Institute of Special Laboratory Diagnostics), University Children's Hospital, University Medical Center Ljubljana","1--Austrian Agency for Health and Food Safety (AGES)
1--Lifebrain Covid Labor GmbH
1--SYNLAB MVZ Leinfelden-Echterdingen
1--National Laboratory for Health, Environment and Food, OMM, Maribor","EPI_ISL_9460631, EPI_ISL_10204792, EPI_ISL_10580991, EPI_ISL_10825320"
22119,GCGAGGGAGAGA,12,2,S,185,LRGR,1.7,HK.2,100.0,1,Germany,100.0,1,2,2,100.0,100.0,2,100.0,"1--Charité Universitätsmedizin Berlin, Institut für Virologie
1--Robert Koch Institute","1--Sonic - Bioscientia - MVZ Labor Saar GmbH
1--Charité Universitätsmedizin Berlin, Institut für Virologie/Labor Berlin","EPI_ISL_18476732, EPI_ISL_18661833"
22119,AGCCGGAGA,9,23,S,185,LAG,15.1,GA.4.1.3,100.0,1,USA,39.1,8,12,12,0.1,0.1,0,0.1,"6--Centers for Disease Control and Prevention, Division of Viral Diseases, Pathogen Discovery
4--Public Health Ontario
3--National Reference Laboratory, Nigeria Centre for Disease Control and Prevention
2--BIOLIM/FSS-UL
1--Kingston Health Sciences Centre
1--Gilead Sciences Clinical Inc
1--NYU Langone Health Molecular Microbiology Laboratory
1--Colorado Department of Public Health and Environment
1--Charité Universitätsmedizin Berlin, Institut für Virologie
1--UK Health Security Agency (UKHSA)
1--Ginkgo Biosecurity
1--Inciensa, Instituto de Investigación y Enseñanza en Nutrición y Salud","3--Quest Diagnostics Incorporated
3--Laboratory Corporation of America
2--LNR/CHU SO
2--Shared Hospital Laboratory
2--GOMBE, PHL
2--Public Health Ontario Laboratory
1--Gilead Sciences Clinical Inc
1--NYU Langone Health Molecular Microbiology Laboratory
1--Ekiti
1--Respiratory Virus Unit, Microbiology Services Colindale, Public Health England
1--Colorado Department of Public Health and Environment
1--EORLA
1--Charité Universitätsmedizin Berlin, Institut für Virologie/Labor Berlin
1--HOSPITAL DE NIÑOS DR. CARLOS SAENZ HERRERA [SAN JOSE/SAN JOSE]
1--Rwanda Biomedical Centre","EPI_ISL_18248734, EPI_ISL_18307750, EPI_ISL_18339388, EPI_ISL_18394391, EPI_ISL_18400018, EPI_ISL_18400020, EPI_ISL_18400041, EPI_ISL_18410868, EPI_ISL_18493707, EPI_ISL_18548827, EPI_ISL_18557508, EPI_ISL_18582886, EPI_ISL_18591368, EPI_ISL_18593991, EPI_ISL_18750076, EPI_ISL_18824073, EPI_ISL_18824077, EPI_ISL_19034234, EPI_ISL_19034236, EPI_ISL_19728281, EPI_ISL_20000364, EPI_ISL_20000404, EPI_ISL_20319132"
27922,GCCTGTGG,8,4,ORF8,9,MP,74.8,B.1.351,100.0,1,USA,100.0,1,3,3,100.0,100.0,4,100.0,"2--Centers for Disease Control and Prevention, Division of Viral Diseases, Pathogen Discovery
1--Centers for Disease Control and Prevention, Division of Viral Diseases
1--Minnesota Department of Health, Public Health Laboratory","2--Aegis Sciences Corporation
1--Centers for Disease Control and Prevention, Division of Viral Diseases
1--Mayo Clinic & Mayo Clinic Laboratories","EPI_ISL_1372474, EPI_ISL_1668066, EPI_ISL_1737159, EPI_ISL_17577417"
22099,GACAGGGGA,9,4,S,179,DRG,20.8,HV.1,100.0,1,Sweden,100.0,1,3,3,40.0,40.0,4,100.0,"2--Akademiska Sjukhuset, Clinical Microbiology and Hospital Hygiene
1--Unilabs Eskilstuna Laboratorium
1--Karolinska University Hospital","2--Akademiska Sjukhuset, Clinical Microbiology and Hospital Hygiene
1--Unilabs Eskilstuna Laboratorium
1--Karolinska University Hospital Huddinge","EPI_ISL_18586923, EPI_ISL_18598521, EPI_ISL_18626739, EPI_ISL_18754324"
27850,CATGGTG,7,11,ORF7b,32,MV,0.0,BN.1.3.1,100.0,1,USA,81.8,2,4,5,0.1,0.1,0,0.1,"5--Centers for Disease Control and Prevention, Division of Viral Diseases, Pathogen Discovery
2--Centers for Disease Control and Prevention, Respiratory Viruses Branch
2--Institute of Tropical Disease, Universitas Airlangga
1--MSK Microbiology Lab
1--Aegis Sciences Corporation","3--Laboratory Corporation of America
2--Centers for Disease Control and Prevention, Respiratory Viruses Branch
2--Adi Husada Undaan Hospital
1--Helix
1--MSK Microbiology Lab
1--Quest Diagnostics Incorporated
1--Aegis Sciences Corporation","EPI_ISL_16309189, EPI_ISL_16319571, EPI_ISL_16573249, EPI_ISL_16668342, EPI_ISL_16681149, EPI_ISL_16984821, EPI_ISL_16984822, EPI_ISL_17041156, EPI_ISL_17181277, EPI_ISL_17530956, EPI_ISL_17531049"
25461,GGGCCAGCTATG,12,3,ORF3a,23,GPAM,0.0,CA.3,100.0,1,Qatar|New_Zealand|Australia,33.3,3,3,3,100.0,100.0,2,66.7,"1--Institute of Environmental Science and Research (ESR)
1--Biomedical Research Center (BRC), Qatar University / Qatar Genome Project (QGP)
1--Virology Research Laboratory; Area of Virology, Serology and Virology Division (SAViD), New South Wales Health Pathology Randwick","1--Waikato DHB Laboratory
1--Ministry of Public Health / Hamad Medical Corporation
1--Kirby Institute/Sydpath","EPI_ISL_15278550, EPI_ISL_15922916, EPI_ISL_16119642"
1139,ACACTG,6,2,ORF1a,291,NT,10.6,AY.3,100.0,1,USA,100.0,1,2,2,100.0,100.0,2,100.0,"1--Centers for Disease Control and Prevention, Division of Viral Diseases, Pathogen Discovery
1--Texas Department of State Health Services (TXDSHS)","1--TXDSHS
1--Aegis Sciences Corporation","EPI_ISL_5436115, EPI_ISL_6314220"
22306,CATAGCGACCGG,12,15,S,248,HSDR,2.6,BF.8,100.0,1,USA,100.0,1,2,2,60.0,60.0,15,100.0,"12--Missouri State Public Health Laboratory
3--Centers for Disease Control and Prevention, Division of Viral Diseases, Pathogen Discovery","12--Missouri State Public Health Laboratory
2--Quest Diagnostics Incorporated
1--Laboratory Corporation of America","EPI_ISL_15029091, EPI_ISL_15161143, EPI_ISL_15238058, EPI_ISL_16014378, EPI_ISL_16014379, EPI_ISL_16014383, EPI_ISL_16014385, EPI_ISL_16014388, EPI_ISL_16014389, EPI_ISL_16014391, EPI_ISL_16014394, EPI_ISL_16014396, EPI_ISL_16014397, EPI_ISL_16014398, EPI_ISL_16014399"
22304,CAGGGGAGA,9,1443,S,247,SGE,4.9,BA.2.52,84.4,10,USA,19.1,48,195,202,0.1,0.1,0,0.1,"161--Robert Koch Institute
90--Centers for Disease Control and Prevention, Division of Viral Diseases, Pathogen Discovery
69--Public Health Wales Microbiology Cardiff Wales Specialist Virology Centre
67--COVID-19 Genomics UK (COG-UK) Consortium
56--Statens Serum Institut Bioinformatics and Microbial Genomics
48--Department of Virology, Henri Mondor University Hospital, Assistance Publique Hôpitaux de Paris, Université Paris-Est Créteil, INSERM U955
41--Utah Public Health Laboratory
35--U.O. Igiene, Ospedale Policlinico San Martino
29--Laborizon Centre
25--CNR Virus des Infections Respiratoires - France SUD
24--Clinical Microbiology Laboratory, Tel Aviv Sourasky Medical Center
24--Shamir Medical Center (Asaf Harofe)
23--U.O. Microbiologia, Laboratorio Unico Centro Servizi - AUSL della Romagna
22--Gen-Bio Inovie Gravanches
22--Helix
21--Pandemic Response Lab, R&D
17--Fondazione del Piemonte per l'Oncologia IRCCS
17--National Institute for Public Health and the Environment (RIVM)
17--Lifebrain Covid Labor GmbH
16--UOSD Genetica e Citogenetica - Azienda ULSS 3 Serenissima; Istituto Zooprofilattico Sperimentale delle Venezie
15--Institut Pasteur
14--Lauring Lab, University of Michigan, Department of Microbiology and Immunology
14--California Department of Public Health
13--CQRC QUALITY CONTROL CHEMICAL BIOLOGICAL RISK AOOR Villa Sofia Cervello Palermo
13--Istituto Zooprofilattico Sperimentale delle Venezie
13--ASST MONZA
13--Centre National de Reference des Virus des Infections Respiratoires
13--Colorado Department of Public Health and Environment
12--Istituto Zooprofilattico Sperimentale dell’Abruzzo e Molise “G. Caporale”
12--Azienda Sanitaria dell'Alto Adige
12--Laboratoire national de sante, Microbiology, Microbial Genomics Platform
11--National Public Health Organization
11--Instituto de Salud Publica de Chile
11--CQRC_QUALITY CONTROL CHEMICAL BIOLOGICAL RISK_AOOR Villa Sofia Cervello Palermo
10--Centre Hospitalier Universitaire (CHU) Reunion
10--SC (UCO) Igiene e Sanità Pubblica, ASUGI, Trieste
9--ASST Grande ospedale Metropolitano Niguarda
9--Fondazione IRCCS Ca' Granda Ospedale Maggiore Policlinico
9--Dipartimento di Medicina di Laboratorio, Azienda Sanitaria Universitaria Friuli Centrale (ASU FC)
9--Laboratoire de virologie, CNR arbovirus Associé, Chu de la Réunion
8--Labo Klinische Biologie, UZA
8--Public Health Ontario
8--Institut Hospitalo-Universitaire Mediterranee Infection
7--Servicio Microbiología H.U. Dr. Negrín
7--Istituto Zooprofilattico Sperimentale della Lombardia e dell'Emilia Romagna (IZSLER), Risk Analysis and Genomic Epidemiology Unit
7--Università degli Studi di Milano La Statale
7--IRCCS Regina Elena National Cancer Institute
7--Norwegian Institute of Public Health, Department of Virology
7--Johns Hopkins Hospital Department of Pathology
6--Health and Environment Research Institude of Gwangju
6--Laboratory of Clinical Microbiology, Virology and Bioemergencies, ASST Fatebenefratelli Sacco - Sacco Hospital
6--SYNLAB ITALIA
6--CHU Clermont-Ferrand, service de virologie
6--GIGA Medical Genomics
6--Instituto Nacional de Saude Doutor Ricardo Jorge (INSA)
6--Section for Molecular Diagnostics
5--Laboratoire Cerba
5--Laboratoire de Biologie Médicale (LBM) Alpigene
5--University College of London
5--Pathogen Genomics Center, National Institute of Infectious Diseases
5--Charité Universitätsmedizin Berlin, Institut für Virologie/Labor Berlin
4--Ospedale Cotugno, AO Dei Colli
4--Laboratoire de santé publique du Québec
4--Maladies infectieuses, Hospices Civils de Lyon
4--Houston Methodist Hospital
4--University of Bari Biomedical Sciences and Human Oncology
4--""Microbiology and Virology Laboratory, """"Policlinico Riuniti, Azienda Ospedaliero Universitaria, Foggia""""""
4--National Institute of Infectious Diseases-Prof. Dr. Matei Bals Molecular Diagnostics Laboratory
4--South Carolina Dept. of Health &amp; Environmental Control, CoV_South Carolina Dept. of Health &amp; Environmental Control
4--AZ Delta Medical Laboratories in Roeselare, Belgium
4--UCLouvain/IREC/MBLG-CTMA
4--Microbiology, Microbial Genomics Platform, LNS Laboratoire National De Santé
4--CHU Purpan - Laboratoire de Virologie - Institut Fédératif de Biologie
4--Aegis Sciences Corporation
4--Respiratory emmergent viruses laboratory, Institute of Public Health,
3--Naval Medical Research Center Biological Defense Research Directorate
3--Clinical Virology Laboratory
3--Institut f. med. Mikrobiologie & Hygiene - Österr. AGES GmbH
3--Alberta Precision Labs (APL)
3--Hospital Clínico Universitario Virgen de la Arrixaca
3--Department of Medical Microbiology & Infection prevention, Amsterdam University Medical Centers location AMC
3--Enfer
3--Fulgent Genetics
3--Institute of Environmental Science and Research (ESR)
3--Centre Hospitalier Universitaire (CHU) Nice
3--Ministry of Health Turkey
3--Microbiology and Virology Unit, Florence Careggi University Hospital; Department of Experimental and Clinical Medicine, University of Florence, Florence, Italy
3--Heinrich Pette Institute, Leibniz Institute for Experimental Virology
3--KU Leuven, Rega Institute, Clinical and Epidemiological Virology
3--Center of Medical Microbiology, Virology, and Hospital Hygiene, University of Duesseldorf
3--Riga East University Hospital, National Microbiology Reference Laboratory
3--NSW Health Pathology - Institute of Clinical Pathology and Medical Research (ICPMR); Westmead Hospital; University of Sydney
2--National Microbiology Laboratory (NML)
2--Riga East Clinical University Hospital, National Microbiology Reference Laboratory
2--Mathers Lab
2--Institute of Environmental Science and Research (ESR), Kenepuru Science Centre
2--Santa Clara County Public Health Laboratory
2--Assistance Publique - Hôpitaux de Paris (AP-HP) Saint-Louis
2--Eurofins Genomics Europe Sequencing GmbH
2--Dept. of Microbiology and Infection Control, Akershus University Hospital HF
2--A.O. PERUGIA
2--Los Angeles County Public Health Laboratory
2--Los Angeles County Public Health Laboratories
2--Bundeswehr Institute of Microbiology
2--Assistance Publique - Hopitaux de Paris (AP-HP) Bichat-Claude Bernard
2--Israel Central Virology laboratory
2--Wojewódzka Stacja Sanitarno-Epidemiologiczna w Gdańsku
2--Division of Emerging Infectious Diseases, Bureau of Infectious Diseases Diagnosis Control, Korea Disease Control and Prevention Agency
2--Eurofins-NMDL
2--Molecular Virology Unit, Microbiology and Virology Department, Fondazione IRCCS Policlinico San Matteo, Pavia
2--National Platform bis COVID ULB-IBC
2--Infectious Disease Program, Broad Institute of Harvard and MIT
2--National Public Health Laboratory, Cameroon
2--Virology Laboratory, Scientific Department, Army Medical Center
2--UW Virology Lab
2--NSW Health Pathology - Institute of Clinical Pathology and Medical Research; Westmead Hospital; University of Sydney
2--Basurto University Hospital: Clinical Microbiology Laboratory
2--Institute of Microbiology and Immunology, Faculty of Medicine, University of Ljubljana
2--Cantacuzino National Military-Medical Institute, Viral Respiratory Infections Laboratory
2--New York City Public Health Laboratory
2--Microbiology University Politecnica delle Marche
2--OHSU MM Lab
2--Clinical Bioinformatics Area, Fundación Progreso y Salud
2--University Hospital Ostrava
2--Laboratory of Genomics and Bioinformatics, Comenius University Science Park
2--Dr Risch Laboratory
2--Clinical Bacteriology, University Hospital Basel
2--UNIMOL
1--Institute of Pathogenic Microbiology, Guangdong Provincial Center for Disease Control and Prevention
1--Baylor College of Medicine
1--Centre Hospitalier (CH) Simone Veil
1--Plateforme de testing Namuroise
1--Biopath Laboratoires
1--Centre Hospitalier Universitaire (CHU) Montpellier
1--Contra Costa Public Health Laboratory
1--University of Rome Tor Vergata: Departm Experim Medicine Chair of Virology (EuCARE Project - Grant 101046016)
1--Department of Microbiology, University Hospital in Pilsen
1--Unilabs Eskilstuna Laboratorium
1--MEPHI, Aix Marseille University
1--Creighton COVID Consortium
1--Center of Advanced Studies and Technology, Molecular Genetics Laboratory
1--Nevada State Public Health Laboratory
1--Bushman
1--Kingston Health Sciences Centre
1--Hannover Medical School, Institute of Virology
1--Northwestern University - Center for Pathogen Genomics and Microbial Evolution
1--1. Laboratory of Communicable Diseases (Estonia); 2. Eurofins Genomics Europe Sequencing GmbH
1--Instituto Butantan
1--Assistance Publique Hôpitaux de Paris (AP-HP) Saint Louis
1--National Institute of Public Health
1--Laboratory of Infectious Diseases, Department of Biomedical and Clinical Sciences, University of Milan
1--Assistance Publique Hopitaux de Paris (AP-HP) Saint Louis
1--Centre Hospitalier Universitaire (CHU) Rouen
1--Laboratório de Microbiologia Molecular - Universidade FEEVALE
1--Andersen Lab at The Scripps Research Institute
1--Microvida
1--Istituto di Microbiologia e Virologia, Fondazione Policlinico Universitario A. Gemelli IRCCS
1--Newfoundland and Labrador - Eastern Health
1--Jeremy Wang
1--Puerto Rico Science, Technology and Research Trust
1--Inciensa, Instituto de Investigación y Enseñanza en Nutrición y Salud
1--The City of Milwaukee Health Department
1--""""""National Public Health Organization""""""
1--Washington State Department of Health Public Health Laboratories
1--Laboratorio di Riferimento Regionale della Sicilia Occidentale per l’Emergenza COVID-19
1--Unità Operativa Complessa Laboratorio Analisi - ASP Ragusa
1--Eurofins Biomnis Lyon
1--Laboratory for Functional Genome Analysis; Dept. Genomics; Gene Center of the LMU Munich
1--Hospital Universitari Vall d'Hebron - Vall d'Hebron Institut de Recerca
1--SOC Microbiologia e Virologia - AO Pugliese-Ciaccio
1--Institute for Medical Research, Infectious Disease Research Centre, National Institutes of Health, Ministry of Health Malaysia
1--Microbiological Diagnostic Unit - Public Health Laboratory (MDU-PHL)
1--B.C. Centre for Disease Control Public Health Laboratory
1--Grubaugh Lab - Yale School of Public Health
1--Laboratorio de Referencia Nacional de Virus Respiratorios. Centro Nacional de Salud Publica. Instituto Nacional de Salud Peru.
1--Instituto de Diagnostico y Referencia Epidemiologicos (INDRE)
1--Leiden University Medical Center
1--University of Rome Tor Vergata: Departm Experim Medicine Chair of Virology
1--Genesupport
1--HUG, Laboratory of Virology and the Health2030 Genome Center
1--Covid laboratory, Department of Microbiology, St. Anne's University Hospital Brno
1--Departments of Pathology and Medicine, New York University School of Medicine
1--ARGO Laboratorio Genomica ed Epigenomica
1--DASA
1--Central Virology Laboratory
1--Institut de Pathologie et Genetique (IPG)
1--Centro de Investigación Biomédica de La Rioja
1--AGES IMED Vienna
1--IACS LaSARD
1--Stanford University School of Medicine, Clinical Virology Laboratory
1--Instituto Nacional de Medicina Genomica
1--MS PHL
1--Microbiology Department, University Hospital Donostia
1--Servizo de Microbioloxía. Complexo Hospitalario de Santiago de Compostela
1--Houston Health Department
1--Lab voor klinische biologie
1--State Laboratories Division, Hawaii State Department of Health
1--Department of Biosystems Science and Engineering, ETH Zürich
1--UNC Charlotte Environmental Monitoring Laboratory
1--Arizona State University
1--Laboratorio di Epatologia Molecolare  A.O.U  G. Martino Messina
1--National Institute for Infectious Diseases (INMI) L. Spallanzani I.R.C.C.S","68--Originating lab: Wales Specialist Virology Centre Sequencing lab: Pathogen Genomics Unit
52--Department of Bacteria, Parasites and Fungi, Statens Serum Institut, Copenhagen, Denmark
41--Utah Public Health Laboratory
41--Laboratory Corporation of America
36--Quest Diagnostics Incorporated
31--Regional Virus Laboratory, Belfast Health and Social Care Trust; and: Genomics Core Technology Unit, Queen's University Belfast.
26--Virology Department, Royal Infirmary of Edinburgh, NHS Lothian / School of Biological Sciences, University of Edinburgh
24--Clinical Microbiology Laboratory, Tel Aviv Sourasky Medical Center
24--Shamir Medical Center (Asaf Harofe)
24--Laboratorio CQRC
23--U.O. Microbiologia Laboratorio Unico Centro Servizi - AUSL della Romagna
22--Kaiser Permanente Southern California
21--Pandemic Response Lab - NYC
20--Labo Analyses Med
17--Lifebrain Covid Labor GmbH
16--SYNLAB MVZ Weiden
16--National Institute for Public Health and the Environment (RIVM)
14--U.O. Igiene, Ospedale Policlinico San Martino IRCCS Genova
14--Labor Dr. Krause & Kollegen MVZ GmbH Kiel
14--MVZ für Laboratoriumsmedizin und Mikrobiologie Koblenz-Mittelrhein (Labor Koblenz)
13--ASST MONZA
13--Colorado Department of Public Health and Environment
12--University of Michigan Clinical Microbiology Laboratory
12--Bioscientia Labor Wermsdorf
12--Azienda Sanitaria dell'Alto Adige - Laboratorio Aziendale di Microbiologia e Virologia
11--National Public Health Organization
11--Genetica Molecular and Subdepartamento de Virologia ISP Chile
11--SC (UCO) Igiene e Sanità Pubblica, ASUGI, Trieste
10--Limbach - MVZ Clotten Labor Freiburg  Labor Dr. Haas Dr. Raif & Kollegen GbR
9--Helix
9--ASST GOM NIGUARDA
9--OSPEDALE CIVILE TERAMO - CENTRO TRASFUSIONALE
9--Genbio - Pt / Clermont Gravanches
9--Fondazione IRCCS Ca' Granda Ospedale Maggiore Policlinico
9--AULSS 3 Venezia
9--AOPD
8--Institut Hospitalo-Universitaire Mediterranee Infection
8--LADR Zentrallabor DR. Kramer & Kollegen Geesthacht
7--Servicio Microbiología H.U. Dr. Negrín
7--IRCCS San Gallicano Dermatological Institute
7--Platform BIS UZA/UAntwerpen
7--Tidewater Physicians Multispecialty Group Regional Laboratory
7--Johns Hopkins Hospital Department of Pathology
7--S.S.D. Microbiologia, Stabilimento ospedaliero di Sanremo, ASL 1 Liguria
7--Respiratory Virus Unit, Microbiology Services Colindale, Public Health England
7--Limbach - MVZ Labor Ravensburg Labor Dr. Gärtner
6--Health and Environment Research Institude of Gwangju
6--S.C. Laboratorio Analisi, ASL 3 Liguria
6--Synlab
6--Clinical Microbiology, Infection Prevention and Control
6--Sonic - MVZ Medizinisches Labor Bremen GmbH
6--Diagnosticum - Labor Neukirchen
6--CNR Virus des Infections Respiratoires - France SUD
5--Laboratory of Clinical Microbiology, Virology and Bioemergencies, ASST Fatebenefratelli Sacco - Sacco Hospital
5--University College London, Great Ormond Street Hospital for Children NHS Foundation Trust, Imperial College Healthcare NHS Trust
5--BIO67-BIOSPHERE
5--California Department of Public Health Valencia Branch Laboratory
5--The Hospital for Sick Children
5--Labor Berlin Charité Vivantes GmbH / Institut für Virologie
5--S.C. Laboratorio Analisi, Ospedale di Lavagna, ASL 4 Liguria
5--Dipartimento di Medicina di Laboratorio, Azienda Sanitaria Universitaria Friuli Centrale (ASU FC)
5--Aegis Sciences Corporation
4--Klinikum Ernst von Bergmann gemeinnützige GmbH - stationärer Bereich
4--AZDelta
4--Laboratorio di Epidemiologia Molecolare e Sanità Pubblica-Policlinico Bari
4--Laboratoire de santé publique du Québec
4--MVZ Labor Dr. Limbach & Kollegen GbR
4--Medical Microbiology Unit, Department for Laboratory Medicine, Drammen Hospital, Vestre Viken Health Trust
4--Houston Methodist Hospital
4--Synlab MVZ Augsburg
4--Centre hospitalier D'AURILLAC
4--South Carolina Dept. of Health &amp; Environmental Control, CoV_South Carolina Dept. of Health &amp; Environmental Control
4--Stanford Health Care
4--SYNLAB MVZ Leverkusen
4--Labor Mönchengladbach  MVZ Dr. Stein + Kollegen GbR
4--Azienda Ospedaliero Universitaria Riuniti, Foggia
4--SARS-CoV-2 testing team, National Institute of Infectious Diseases
4--Respiratory emmergent viruses laboratory, Institute of Public Health,
4--Unimi-ATS CittaMetropolitanaMilanese
3--LPA BESANCON
3--Laboratoires d'analyses medicales - KETTERTHILL
3--Institut f. med. Mikrobiologie & Hygiene - Österr. AGES GmbH
3--Hopital
3--Hospital Center Luxembourg
3--Alberta Precision Labs (APL)
3--AOUC Azienda Ospedaliero-Universitaria Careggi
3--STMARTINS ORIADE
3--Hospital Clínico Universitario Virgen de la Arrixaca
3--AULSS 9 Scaligera - Legnago
3--Groupement Sylab
3--Fort Belvoir Community Hospital
3--Labor Dr. Fenner und Kollegen
3--Enfer
3--Fulgent Genetics
3--LENYS Laboratoire
3--MDI Limbach Berlin GmbH; MVZ Labor Berlin
3--LABORATOIRE FORTE BIO DAX
3--BioneXt Lab
3--Arcispedale Santa Maria Nuova Autoimmunità Allergologia e Biotecnologie Innovative
3--SYNLAB MVZ Leinfelden-Echterdingen
3--Centre Hospitalier Universitaire (CHU) Nice
3--Ministry of Health Turkey
3--LABORATOIRE BIOALLIANCE
3--OSPEDALE CIVILE TERAMO- CENTRO TRASFUSIONALE
3--University of Liège COVID-19 testing center
3--Department of Public Health Iasi
3--Università di Parma Laboratorio di Igiene e Sanità Pubblica
3--Centrālā Laboratorija
3--KU Leuven, Rega Institute, Clinical and Epidemiological Virology
3--LBM du Cèdre
3--LAM BARRAND
3--Unimi-ATS-CittaMetropolitanaMilanese
3--H Divino Espirito Santo - Ponta Delgada
3--Cliniques universitaires Saint-Luc
3--Sonic - Bioscientia - MVZ Labor Saar GmbH
3--Laboratoire national de sante, Microbiology, Virology
3--MVZ Labor Dr. Reising-Ackermann und Kollegen
2--A.S.L. TO3
2--TPMG Regional Laboratory
2--Laboratoire Storck P.(Biolia)
2--Limbach - MVZ Labor Dr. Volkmann & Kollegen
2--A.S.L. CN1
2--Axi - Darmon
2--A.S.L. CITTA' DI TORINO - OSPEDALE MOLINETTE
2--Assistance Publique - Hôpitaux de Paris (AP-HP) Saint-Louis
2--Eurofins LifeCodexx GmbH
2--Hospital Center Emile Mayrisch
2--Inovie As Les Cedres
2--Labor 28 MVZ GmbH
2--St. Joseph's Healthcare Hamilton
2--BIOLLAN Brognard
2--BARENTIN INTERLABO
2--Cerballiance Beausejour
2--Department of Clinical Microbiology, Odense University Hospital, Odense, Denmark
2--IVY4 Central Lab, Vanderbilt University Medical Center
2--Dr. Risch Ostschweiz AG
2--CHU - Saint-Denis
2--A.S.L. NOVARA
2--Dept. of Microbiology and Infection Control, Akershus University Hospital HF
2--Flow Diagnostics Lab
2--St Vincent's Pathology (SydPath)
2--NPHL-Cameroon
2--Assistance Publique - Hopitaux de Paris (AP-HP) Bichat-Claude Bernard
2--LABORATOIRE CREAVALLEE
2--ZOTZ KLIMAS MVZ Düsseldorf-Centrum GbR ÜBAG für Labormedizin, Genetik, Zytologie, Pathologie
2--Centre Hospitalier Universitaire Clermont-Ferrand
2--Maublanc
2--Reunilab St Gille
2--Eurofins-NMDL
2--MVZ Labor Krone GbR
2--UVA Clinical Microbiology Lab
2--Sonic - Labor Dr. von Froreich GmbH
2--Fondazione IRCCS Policlinico San Matteo
2--Limbach - MVZ Labor Westmecklenburg  Schmudlach-Oswald-Kettermann & Kollegen
2--LABORIZON BRETAGNE
2--Limbach - MVZ Humangenetik Ulm
2--Biogroup Labo Lbm  2A2B  Site De Moriani
2--Cerballiance Cote D'Azur Site Frejus
2--CERBALLIANCE BEAUSEJOUR
2--Laboratoire multi-site du Diaconat
2--amedes Göttingen
2--National Platform bis COVID ULB-IBC
2--MVZ Medizinische Labore Dessau Kassel GmbH
2--Virology Laboratory, Scientific Department, Army Medical Center
2--UW Virology Lab
2--Riga East University Hospital
2--IMD - MVZ Labor Martinsried
2--West of Scotland Specialist Virology Centre, NHSGGC / MRC-University of Glasgow Centre for Virus Research
2--University of Rome Tor Vergata: Departm Experim Medicine Chair of Virology
2--Basurto University Hospital: Clinical Microbiology Laboratory
2--Institute of Microbiology and Immunology, Faculty of Medicine, University of Ljubljana
2--Broad Institute Clinical Research Sequencing Platform
2--Cantacuzino National Military-Medical Institute, Viral Respiratory Infections Laboratory
2--ASL NA1-P.O. San Paolo
2--UT-Unified State Labs: Public Health Utah DOH
2--HAVRE BIOCEANE
2--Southern Community Labs Dunedin
2--CHU Toulouse
2--A.S.L. CITTA' DI TORINO - OSPEDALE AMEDEO DI SAVOIA
2--REUNILAB ST GILLE
2--Biogroup Laboratoire Lenys
2--Reunilab Riviere St Louis
2--Medizinisches Versorgungszentrum Göttingen (MVZ)  Kinderwunschzentrum Zentrum für Labordiagnostik Institut für Pathologie und Zytologie
2--OHSU MM Lab
2--Switch Health
2--University Hospital Ostrava
2--Centre Hospitalier Universitaire (CHU) Saint Denis
2--Department of Clinical Microbiology
2--Department of Clinical Microbiology, Hvidovre Hospital
2--Public Health Laboratory, Public Health Service Amsterdam, The Netherlands
2--Laboratory for Molecular Diagnostics,IPHMN
2--AULSS 1 Dolomiti
2--Public health laboratories Jerusalem
1--Institute of Pathogenic Microbiology, Guangdong Provincial Center for Disease Control and Prevention
1--Synlab Eesti OÜ
1--Baylor College of Medicine
1--Laboratoire de Biologie Médicale (LBM) - 2A2B - Site De Moriani
1--Centre Hospitalier (CH) Simone Veil
1--Plateforme de testing Namuroise
1--Laboratoire De Wingles
1--ST AVOLD EspaceBio
1--DOHMH Jamaica
1--PANNES BPR Analyses spécialisées
1--USC Clinical Lab
1--SYNLAB Jena Oncoscreen
1--Ostfold Hospital Trust - Kalnes, Centre for Laboratory Medicine, Section for gene technology and infection serology
1--LABORATOIRE BIO-VAL
1--Department of Medical Microbiology, Baerum Hospital, Vestre Viken Health Trust
1--Unilabs Skövde Laboratorium
1--Diagnostyka Sp. z  o. o. Szczecin
1--Division of Infectious Disease Diagnosis Control, Chungcheong Regional Center for Disease Control and Prevention, Korea Disease Control and Prevention Agency, KDCA
1--LESP Tabasco
1--AV ALEXANDER FLEMING 3|SYNLAB HEPPIGNIES|LABORATOIRE
1--Synlab Bordeaux Atlantique
1--Laboratoire de Biologie Médicale (LBM) Flaubert
1--Gen-Bio Inovie Gravanches
1--CENTRE HOSPITALIER DE BASTIA
1--University Hospitals of Geneva, Laboratory of Virology
1--Gemona-Dipartimento di Prevenzione
1--Centre Hospitalier Universitaire (CHU) Montpellier
1--HOPITAL NORD OUEST - CH VILLEFRANCHE
1--Bio66 - Medipole
1--Wittersheim
1--Ascoli Piceno
1--Contra Costa Public Health Laboratory
1--Udine-Dipartimento di prevenzione
1--Azienda Sanitaria Locale di Piacenza - Presidio Ospedaliero - Laboratorio di Microbiologia
1--B34 - Castres
1--LABO BIOSEVRES BRESSUIRE
1--Department of Microbiology, University Hospital in Pilsen
1--LabPLUS
1--Laboratorio di Patologia Clinica, Ospedale San Paolo in Valloria, ASL 2 Liguria
1--MEPHI, Aix Marseille University
1--Northumbria University / South Tees Hospitals NHS Foundation Trust / North Cumbria Integrated Care NHS Foundation Trust / North Tees and Hartlepool NHS Foundation Trust / Newcastle Hospitals NHS Foundation Trust
1--ASTI
1--Bundeswehrkrankenhaus Hamburg
1--SYNLAB
1--Max von Pettenkofer Institute, Virology, National Reference Center for Retroviruses, LMU Munich
1--Center of Advanced Studies and Technology, Molecular Genetics Laboratory
1--Division of Infectious Disease Diagnosis Control, Honam Regional Center for Disease Control and Prevention, Korea Disease Control and Prevention Agency, KDCA
1--Biogroup Laboratoire Meudon De Gaulle
1--Hospital of the University of Pennsylvania Molecular Pathology Lab
1--SOC Microbiologia e Virologia PO Pugliese Catanzaro
1--Cerballiance Rhone Alpes
1--EUC Inc.
1--OCME Office Of Chief Medical Examiner
1--Medizinische Laboratorien Düsseldorf
1--Biogroup Laboratoire Kaysersberg
1--Nevada State Public Health Laboratory
1--Biofusion - Montauban Pont De Chaume
1--CENTRE HOSPITALIER DE GUERET
1--BIOPATH LABM
1--Biogroup Laboratoire Wittersheim
1--LABORATOIRE MAYMAT
1--REUNILAB BOIS NEFLES ST PAUL
1--CH AUXERRE
1--Regional Public Health Authority with the seat in Banská Bystrica, Slovakia
1--Hannover Medical School, Institute of Virology
1--CHU Purpan - Laboratoire de Virologie - Institut Federatif de Biologie
1--Labo Analyses Med Biomedilam
1--A.S.L. NOVARA - ISTITUTO S.S. TRINITA - BORGOMANERO
1--Department of Medical Microbiology & Infection prevention, Amsterdam University Medical Centers location AMC
1--LabMicTA
1--""""""Victor Babes"""" Hospital""
1--Laboratoires Reunis
1--Assistance Publique Hôpitaux de Paris (AP-HP) Saint Louis
1--USL2
1--Laboratory of Infectious Diseases, Department of Biomedical and Clinical Sciences, University of Milan
1--Assistance Publique Hopitaux de Paris (AP-HP) Saint Louis
1--Limbach - MVZ Labor Eveld & Kollegen Essen
1--GH du HAVRE
1--LBM 2A2B PORTO VECCHIO
1--CENTRE HOSPITALIER PELLEGRIN
1--LBM UNIBIO VALENTIN
1--IRCCS INMI Lazzaro Spallanzani
1--AULSS 9 Scaligera - San Bonifacio
1--La Celle Saint Cloud La Caravelle
1--A.O. PERUGIA
1--Federico II
1--A.S.L. BIELLA - OSPEDALE DEGLI INFERMI
1--Haaglanden Medisch Centrum
1--EUROFINS CBM LEON BLUM
1--Cbm (K)- Muret Plt Technique
1--Universitätsklinikum Münster Institut für Virologie
1--SYNLAB NORMANDIE
1--Laboratoire SYNLAB Normandie Maine
1--Laboratório de Microbiologia Molecular - Universidade FEEVALE
1--MAYOR'S OFFICE - 8000 NORTH STADIUM DRIVE
1--Cbm (K) - Toulouse Roseraie
1--Hôpital Bichat-Claude Bernard
1--Laboratoire d'analyses medicales - Arc-En-Ciel Cerballiance
1--Microvida
1--AULSS 5 Polesana
1--A.S.L. CUNEO 1 - MONDOVI
1--Reunilab Bois Nefles St Paul
1--Mission Hospital, LLLP
1--The City of Milwaukee Health Department
1--Clinical Molecular Microbiology Laboratory, UNC Hospitals
1--AULSS 6 Euganea
1--Biogroup-Labo-Laboratoire De La Croix-Rouge
1--UNISINU
1--Felix-Platter Spital
1--SYNLAB PAYS DE SAVOIE
1--Medizinisches Labor Mohr
1--LAC UCoimbra
1--""""""National Public Health Organization""""""
1--Dianalabs SA
1--Regional Public Health Authority with the seat in Košice, Slovakia
1--Bundeswehrzentralkrankenhaus Koblenz
1--AAS4-Servizio vaccinazioni
1--Biogroup Laboratoire Guebwiller
1--Laverty Pathology
1--Masevaux
1--Servicio de Microbiologia, Hospital Universitario Virgen del Rocio, Sevilla, Spain
1--PathLab Bay of Plenty
1--Bords Du Loir
1--Hôpital Jacques Monod
1--AULSS 2 Marca Trevigiana
1--Ancona
1--Unità Operativa Complessa Laboratorio Analisi - ASP Ragusa
1--ATS Città Di Milano
1--Lsoc - Juvignac
1--Hospital Universitari Vall d'Hebron - Vall d'Hebron Institut de Recerca
1--Labor team w AG
1--Laboratorio di Riferimento Regionale della Sicilia Occidentale per l'Emergenza COVID-19
1--Santa Clara Valley Medical Center
1--BioneXt LAB - Laboratoire d'analyses médicales
1--Microbiological Diagnostic Unit - Public Health Laboratory (MDU-PHL)
1--Creighton University Medical Center
1--Limbach - MVZ  Labor Vorpommern-Rügen Stralsund
1--LABORATOIRE SAINT-SEVER
1--LAM BIOPOLE ORTHEZ
1--U.O.C. Laboratorio Analisi, Ospedale G. Gaslini IRCCS Genova
1--Hospital de Barbastro
1--EORLA
1--Cerballiance Oise
1--Clinical Virology
1--Biogroup Laboratoire Site Jaures
1--PAMF Palo Alto
1--BioCarmes Caen
1--Biogroup Laboratoire Site Parc De L'Europe
1--CENTRE HOSPITALIER LUCIEN HUSSEL
1--Biorylis Leon Martin
1--Biogroup Laboratoire Site Clemenceau
1--Laboratorio de Referencia Nacional de Virus Respiratorios. Centro Nacional de Salud Publica. Instituto Nacional de Salud Peru.
1--Incyte Diagnostics Spokane
1--Virologisches Institut des Universitätsklinikums Erlangen
1--Labo Analyses Med Unilabs Henin Beaumont
1--Livry Gargan
1--CH JURA SUD
1--REUNILAB RIVIERE ST-LOUIS
1--Northwestern Memorial Hospital
1--Servicio de Microbiologia, Hospital Puerta del Mar, Cadiz, Spain
1--Fécamp
1--Labo Analyses Med Laboratoire Bmpr Za Chemin Saulnier
1--""""""CDPH, Viral and Rickettsial Disease Laboratory""""""
1--British Columbia Centre For Disease Control
1--ARS Algarve - Laboratorio Laura Ayres
1--Biogroup Laboratoire Biorylis Talmont Saint Hilaire
1--Laboratorio Borinquen
1--Sultanah Aminah Hospital
1--ALESSANDRIA
1--PO San Paolo
1--OmniPathology Laboratory
1--Cbm (K) - Plaisance Du Touch
1--Wales Specialist Virology Centre Sequencing lab: Pathogen Genomics Unit
1--Novatium
1--WITTENHEIM BIORHIN
1--A.S.L. ASTI
1--Laboratoire Bio Ard'Aisne Charleville-Mézières (Cours Briand)
1--Covid laboratory, Department of Microbiology, St. Anne's University Hospital Brno
1--(UD)-Esterno
1--AULSS 7 Pedemontana - Santorso
1--Histopath
1--Biogroup Laboratoire De Mordelles
1--Cerballiance Cote D'Azur
1--BIOLAB 33
1--UNILIANS BIOGROUP Décines
1--Limbach - MVZ Labor Nürnberg
1--Pathogen Genomics Center, National Institute of Infectious Diseases
1--Sonic - Labor Lademannbogen MVZ GmbH
1--Biogroup Laboratoire Gobelins
1--Labor Lübeck bzw. Laborärztliche Gemeinschaftspraxis Lübeck
1--Biogroup Laboratoire Bio Lam Lcd Wilson
1--DASA
1--Central Virology Laboratory
1--Biogroup Laboratoire Levallois   Leclerc
1--Akershus University Hospital, Department for Microbiology and Infectious Disease Control
1--Biogroup Laboratoire Rouffach
1--Clinique Saint-Pierre Ottignies
1--CENTRE HOSPITALIER VAL D'ARIEGE
1--SYNLAB MVZ Berlin
1--NL-Dr. Leonard A. Miller Centre for Health Services
1--Biogroup Laboratoire Laboratoire De Guer
1--AOUIVR
1--CH Tondela Viseu
1--LABORATOIRE BIOLAB AVENIR
1--Counties
1--REUNILAB LES AVIRONS
1--4Cyte Pathology
1--Yale Clinical Virology Lab
1--Gemelli
1--Centro Medico ABC
1--Center of Medical Microbiology, Virology, and Hospital Hygiene, University of Duesseldorf
1--Centrum voor Medische Analyse
1--MS PHL
1--""S.C. Laboratorio di analisi, Ente ospedaliero """"Ospedali Galliera"""" Genova""
1--Microbiology Department, University Hospital Donostia
1--A.S.L. CUNEO 1 - mondovi
1--Servizo de Microbioloxía. Complexo Hospitalario de Santiago de Compostela
1--Dianovis GmbH Greiz
1--HOSPITAL DE NIÑOS DR. CARLOS SAENZ HERRERA
1--Public Health Ontario Laboratory
1--Limbach - MVZ Labor Münster (Cullen)
1--Genbio Pt / Clermont Gravanches
1--Synlab Bourgogne
1--EXCITE Lab, University of California, San Diego
1--Lab voor klinische biologie
1--NYU Langone Health
1--State Laboratories Division, Hawaii State Department of Health
1--LABO GCS INTER HOSP
1--Biogroup Laboratoire Lyon   Duquesne
1--Arizona State University
1--Labor Becker & Kollegen (Standort München)
1--HOSPITAL DOS FORNECEDORES DE CANA
1--Reunilab Les Avirons
1--Laboratorio di Epatologia Molecolare  A.O.U  G. Martino Messina
1--UNIMOL
1--SP Wojewódzki Szpital Zespolony w Szczecinie
1--Hospital San Pedro Logroño
1--GH A.CHENEVIER-H.MONDOR",
23581,TACTCACTCTCG,12,3,S,672,SYSL,46.2,B.1.1.63,100.0,1,USA,66.7,2,2,2,100.0,100.0,2,66.7,"2--Alaska State Virology Lab,  Alaska State Public Health Labs
1--Philippine Genome Center","2--Alaska State Virology Lab,  Alaska State Public Health Labs
1--Research Institute for Tropical Medicine, Inc. (RITM)","EPI_ISL_2155966, EPI_ISL_2348956, EPI_ISL_2348957"
6477,AATGTCGCGCATTGG,15,4,ORF1a,2071,MSRIG,1.1,BA.2.75.5,75.0,2,Singapore,75.0,2,2,2,100.0,100.0,2,50.0,"3--National Public Health Laboratory, National Centre for Infectious Diseases
1--Centers for Disease Control and Prevention, Division of Viral Diseases, Pathogen Discovery","3--National Public Health Laboratory, National Centre for Infectious Diseases
1--Quest Diagnostics Incorporated","EPI_ISL_15229417, EPI_ISL_15231858, EPI_ISL_15341196, EPI_ISL_15705621"
5788,ACTCCTTCAGATTTT,15,21,ORF1a,1841,TPSDF,4.6,BA.1.15,100.0,1,Russia,85.7,4,5,6,0.1,17.9,20,95.2,"15--N.F. Gamaleya National Research Center for Epidemiology and Microbiology of the Ministry of Health of the Russian Federation / Moscow Healthcare Department
2--WHO National Influenza Centre Russian Federation
1--Shamir Medical Center (Asaf Harofe)
1--Institute of Environmental Science and Research (ESR)
1--COVID-19 Genomics UK (COG-UK) Consortium
1--Pathogenic Microorganisms Variability Laboratory","15--N.F. Gamaleya National Research Center for Epidemiology and Microbiology of the Ministry of Health of the Russian Federation / Moscow Healthcare Department
1--Bashkortostan Republican Clinical Hospital No 2
1--Shamir Medical Center (Asaf Harofe)
1--LabPLUS
1--Pathogenic Microorganisms Variability Laboratory
1--Respiratory Virus Unit, Microbiology Services Colindale, Public Health England
1--Ivanovo Municipal Clinical Hospital No 1","EPI_ISL_9141914, EPI_ISL_9588246, EPI_ISL_9636588, EPI_ISL_9862183, EPI_ISL_10012765, EPI_ISL_11865067, EPI_ISL_15868706, EPI_ISL_15869799, EPI_ISL_15869800, EPI_ISL_15869801, EPI_ISL_15871804, EPI_ISL_15872545, EPI_ISL_15876559, EPI_ISL_15880155, EPI_ISL_15883659, EPI_ISL_15884967, EPI_ISL_15885033, EPI_ISL_15885286, EPI_ISL_15885552, EPI_ISL_15885577, EPI_ISL_15886134"
27649,GAGAGTAGG,9,2,ORF7a,85,RE*,7.0,AY.125,100.0,1,Colombia,100.0,1,2,2,100.0,100.0,2,100.0,"1--UNIMOL
1--Laboratorio de Virología - Universidad Simón Bolívar","1--LDSP-Barranquilla
1--SOCIEDAD CLINICA IBEROAMERICA S.A.S.","EPI_ISL_9338440, EPI_ISL_12349227"
22205,CCCAGAGGCCGA,12,4,S,214,AQRP,0.4,GE.1.5,100.0,1,England,50.0,3,3,3,0.0,25.0,4,100.0,"2--UK Health Security Agency (UKHSA)
1--Ginkgo Bioworks Clinical Laboratory / XpressCheck
1--University of Glasgow","2--Respiratory Virus Unit, Microbiology Services Colindale, Public Health England
1--West of Scotland Specialist Virology Centre, NHSGGC / MRC-University of Glasgow Centre for Virus Research
1--Clinical Enterprise Airport 4-Assay (DC Indv) - COVID-19","EPI_ISL_18227654, EPI_ISL_18302350, EPI_ISL_18421572, EPI_ISL_18659167"
27501,CCAATTTT,8,18,ORF7a,36,PI,63.5,AY.103,100.0,1,USA,100.0,1,3,3,18.1,18.1,13,72.2,"16--Centers for Disease Control and Prevention, Division of Viral Diseases, Pathogen Discovery
1--UNMC COVID-19 Response Team
1--Public Health Lab- Molecular, Oklahoma Department of Health","16--Aegis Sciences Corporation
1--Public Health Lab- Molecular, Oklahoma Department of Health
1--Nebraska Medicine","EPI_ISL_3849339, EPI_ISL_3857821, EPI_ISL_4201837, EPI_ISL_4390876, EPI_ISL_4980816, EPI_ISL_4993865, EPI_ISL_5112995, EPI_ISL_5514443, EPI_ISL_5546626, EPI_ISL_6064355, EPI_ISL_6167568, EPI_ISL_6311677, EPI_ISL_6311690, EPI_ISL_6311892, EPI_ISL_6421922, EPI_ISL_6785892, EPI_ISL_7939455, EPI_ISL_15567544"
22205,CGGCAGGCT,9,2349,S,215,GRL,8.8,A.2.5,65.8,5,USA,31.1,31,113,116,69.2,Inf,1214,51.9,"289--Centers for Disease Control and Prevention, Division of Viral Diseases, Pathogen Discovery
269--Gorgas Memorial Laboratory of Health Studies
263--Laboratoire de santé publique du Québec
251--Gorgas Memorial Institute of Health Studies
212--MSHS Pathogen Surveillance Program
169--Inciensa, Instituto Costarricense de Investigación y Enseñanza en Nutrición y Salud
107--Pandemic Response Lab, R&D
84--Centro de Estudios en Salud, Universidad del Valle de Guatemala
73--Genomics and Proteomics Departament, Gorgas Memorial Institute For Health Studies
72--""Asociación de Salud Integral / Clínica Familiar """"Luis Ángel García""""""
50--Andersen Lab at The Scripps Research Institute
41--Universidad de Costa Rica e Instituto Costarricense de Investigacion y Ensenanza en Nutricion y Salud
38--Florida Bureau of Public Health Laboratories
33--Texas Department of State Health Services (TXDSHS)
26--California Department of Public Health
23--AMES Centro Polidiagnostico Strumentale S.r.l.
19--NIC-INSPI
17--National Microbiology Laboratory (NML)
16--Public Health Agency of Canada (PHAC) National Microbiology Laboratory
13--Seattle Flu Study
13--Centro de Investigación en Enfermedades Infecciosas (CIENI), Instituto Nacional de Enfermedades Respiratorias (INER)
12--New York City Public Health Laboratory
10--Inciensa, Instituto Costarricense de InvestigaciOn y Enseñanza en NutriciOn y Salud
10--Helix
10--New Mexico Department of Health Scientific Laboratory
9--Viral Special Pathogens Branch, Centers for Disease Control and Prevention
9--Infectious Disease Program, Broad Institute of Harvard and MIT
8--TGen North
7--US Air Force School of Aerospace Medicine
7--Houston Methodist Hospital
7--NIC-Instituto Nacional de Investigación en Salud Pública
6--Respiratory Viruses Branch, Division of Viral Diseases, Centers for Disease Control and Prevention
6--Altius Institute for Biomedical Research
6--MD PHL
6--San Diego County Public Health Laboratory
6--Instituto Nacional Enfermedades Infecciosas C.G.Malbran
5--Utah Public Health Laboratory
5--Wadsworth Center, New York State Department of Health
5--Laboratory Medicine and Pathology, University of Washington
4--Instituto de Salud Publica de Chile
4--Santa Clara County Public Health Laboratory
4--Laboratory of Respiratory Viruses and Measles, Oswaldo Cruz Institute, FIOCRUZ
4--North Dakota Department of Health, Public Health Laboratory
4--Oregon SARS-CoV-2 Genome Sequencing Center
4--Arizona State Public Health Laboratory
4--Cedars-Sinai Medical Center, Molecular Pathology Laboratory of Department of Pathology & Laboratory Medicine and Genomic Core
3--INSPI-CRN DE INFLUENZA Y OTROS VIRUS RESPIRATORIOS
3--Tulare County Public Health Laboratory
3--Rhode Island State Health Laboratory
3--B.C. Centre for Disease Control Public Health Laboratory
3--Institute of Biomedicine (IBiMED), Universidade de Aveiro
3--Laboratoire national de sante, Microbiology, Microbial Genomics Platform
3--Grubaugh Lab - Yale School of Public Health
3--Jeremy Wang
3--Arizona State University
3--Virginia Division of Consolidated Laboratory Services
3--Robert Koch Institute
2--Omics Sciences Laboratory
2--Departments of Pathology and Medicine, New York University School of Medicine
2--Population Medicine and Diagnostic Sciences,  Cornell University
2--Laboratorio Central de Salud Pública
2--New York Genome Center
2--Gilead Sciences Clinical Inc, Virology
2--Los Angeles County Public Health Laboratories
2--Center for Global Health, University of New Mexico Health Sciences Center
2--Stanford University School of Medicine, Clinical Virology Laboratory
2--Unidad de Genomica Avanzada
2--Laboratorio Nacional de Salud Publica
2--DeRisi Lab, University of California, San Francisco
2--Instituto Nacional de Enfermedades Respiratorias (INER): Centro de Investigación en Enfermedades Infecciosas (CIENI)
2--Institute of Molecular and Translational Medicine / Laboratory of Experimental Medicine, Faculty of Medicine and Dentistry, Palacky University
1--Virology Laboratory, FISABIO - Public Health, Generalitat Valenciana
1--Center for Microbiome Research
1--Gencore - Universidad de los Andes
1--Pathogen Genomics Center, National Institute of Infectious Diseases
1--GIGA Medical Genomics
1--GA Department of Public Health
1--Houston Health Dept.
1--Statens Serum Institut Bioinformatics and Microbial Genomics
1--Biomédicos de Mérida
1--Tewhey Lab, The Jackson Laboratory
1--Erasmus Medical Center
1--Bureau of the Public Health Laboratory, NYC DOHMH
1--Centers for Disease Control and Prevention, Respiratory Viruses Branch
1--Piantadosi Lab, Emory Department of Pathology
1--University of Wisconsin-Madison AIDS Vaccine Research Laboratories
1--IZSM-U.O.C. Virologia
1--Synergy Laboratories
1--Clinical Bioinformatics Area, Fundación Progreso y Salud
1--IN State Department of Health Laboratory Services
1--ASST Grande ospedale Metropolitano Niguarda
1--NJ_PHEL
1--Wellcome Sanger Institute
1--Maryland Public Health Laboratory (MD PHL)
1--Salemi Lab, University of Florida
1--Microbiology Department, Complexo Hospitalario Universitario de Vigo
1--Wisconsin State Laboratory of Hygiene Communicable Disease Division
1--Boston University/National Emerging Infectious Disease Laboratories
1--UW Virology Lab
1--Gorgas memorial Institute for Health Studies
1--Massachusetts State Public Health Laboratory
1--Genomics and Discovery, Respiratory Viruses Branch, Division of Viral Diseases, Centers for Disease Control and Prevention
1--Laboratorio de Virología y Microbiología Molecular, Depto. de Microbiología, Facultad de Medicina, Universidad de El Salvador.
1--Philippine Genome Center
1--Maryland Genomics, Institute for Genome Sciences, University of Maryland School of Medicine
1--Infectious Disease Program,  Broad Institute of Harvard and MIT
1--University of Louisville Sequencing Technology Center
1--Fulgent Genetics
1--Carrington Lab, Department of PreClinical Sciences, Faculty of Medical Sciences, The University of the West Indies
1--Orange County Public Health Laboratory
1--Instituto de Biotecnología de la UNAM
1--Maryland Public Health Laboratory
1--Centro de Investigación en Nanomateriais e Biomedicina (CINBIO)
1--State of New Hampshire Public Health Laboratories
1--Public Health Ontario
1--Wyoming Public Health Laboratory","263--Laboratoire de santé publique du Québec
262--Gorgas Memorial Laboratory of Health Studies
247--Gorgas Memorial Institute of Health Studies
203--CNDR
187--Laboratory Corporation of America
107--Pandemic Response Lab - NYC
84--TecniScan S.A.
55--Laboratorio Nacional de Salud
55--Aegis Sciences Corporation
48--Laboratorio Nacional de Salud, Ministerio de Salud Publica y Asistencia Social
46--San Diego County Public Health Laboratory
38--Florida Bureau of Public Health Laboratories
29--TXDSHS
28--Helix/Illumina
23--ASL Napoli 1 Centro
23--Laboratorio Nacional de Salud Publica
22--INSPI-CRN DE INFLUENZA Y OTROS VIRUS RESPIRATORIOS
19--California Department of Public Health Valencia Branch Laboratory
15--Hospital Herrera Llerandi
14--Laboratorio de Vigilancia en Salud Pública el Salvador
12--Fulgent Genetics
12--Dynacare
12--Switch Health
12--Altius Institute for Biomedical Sciences
10--Kaiser Permanente Southern California
10--CML/Belize
9--Laboratorio Central de Salud Publica
9--MSHS Clinical Microbiology Laboratories
8--AREA DE SALUD SIQUIRRES
7--US Air Force School of Aerospace Medicine
7--HOSPITAL CIUDAD NEILY
7--Houston Methodist Hospital
7--EXCITE Lab
7--HOSPITAL DR. TONY FACIO CASTRO
7--Instituto Nacional De Investigación En Salud Pública-Crn De Influenza Y Otros Virus Respiratorios
6--State Testing Facility
6--Rhode Island Department of Health
6--Servicio Virosis Respiratorias-Departamento Virología-INEI
6--Tidewater Physicians Multispecialty Group Regional Laboratory
6--AREA DE SALUD CATEDRAL NORESTE
6--TGen North
6--MD PHL
5--Alberta Precision Labs (APL)
5--AREA DE SALUD CORREDORES
5--Utah Public Health Laboratory
5--HOSPITAL DR. FERNANDO ESCALANTE PRADILLA
5--Laboratory Medicine and Pathology, University of Washington
5--HOSPITAL SAN JUAN DE DIOS
5--AREA DE SALUD PAVAS (COOPESALUD)
5--TAMIZAJE COMUNITARIO - PASO CANOAS
4--HOSPITAL METROPOLITANO
4--HOSPITAL DR. CARLOS LUIS VALVERDE VEGA
4--Laboratorio Nacional de Salud Pública Dr. Defilló - LNSPDD
4--North Dakota Department of Health, Public Health Laboratory
4--Arizona State Public Health Laboratory
4--Cedars-Sinai Medical Center, Molecular Pathology Laboratory of Department of Pathology & Laboratory Medicine and Genomic Core
4--OHSU Lab Services Molecular Microbiology Lab
4--Centro de Investigación Biomédica del Noreste (CIBIN)
4--Curative Labs
4--AREA DE SALUD GOICOECHEA 2 - CLINICA DR. JIMENEZ NUÑEZ
4--Centro de Diagnostico de Enfermedades Desatendidas
4--Hospital Regional Anita Moreno Los Santos
4--Genetica Molecular and Subdepartamento de Virologia ISP Chile
4--Santa Clara Valley Medical Center
4--Hospital Enrique Baltodano Briceño
4--AREA DE SALUD ALAJUELITA
4--Hospital Tony Facio Castro
4--Texas Department of State Health Services (TXDSHS)
4--Laboratorio Central de Epidemiología (LCE)
4--New Mexico Department of Health Scientific Laboratory
3--DOHMH Morrisania
3--HOSPITAL LA ANEXION
3--Helix
3--LABORATORIO CLINICO LABIN
3--Virginia Division of Consolidated Laboratory Services
3--Centro Hospitalar de Entre o Douro e Vouga (CHEDV)
3--Rhode Island State Health Laboratory
3--HOSPITAL GUAPILES
3--Clinical Molecular Microbiology Laboratory, UNC Hospitals
3--AREA DE SALUD OSA
3--unknown
3--Tulare County Public Health Laboratory
3--Hospital San Juan De Dios
3--Unidad de Investigación Médica de Yucatán (UIMY)
3--British Columbia Centre For Disease Control
3--HOSPITAL MONSEÑOR SANABRIA
3--Arizona State University
3--Laboratoire national de sante, Microbiology, Virology
3--""Hospital Regional Dr. Luis """"Chicho"""" Fábrega""
2--DOHMH Crown Heights
2--AREA DE SALUD TURRIALBA-JIMENEZ
2--Baptist Health Medical Center
2--Gilead Sciences Clinical Inc, Virology
2--Sonora Quest Laboratories
2--HOSPITAL SAN VITO DE COTO BRUS
2--AREA DE SALUD SAN JUAN-SAN DIEGO-CONCEPCION 2
2--HNN
2--Hospital General San Juan de Dios
2--OCME Office Of Chief Medical Examiner
2--Area De Salud Siquirres [Siquirres/Limon]
2--Massachusetts General Hospital
2--HOSPITAL DR. ENRIQUE BALTODANO BRICEÑO
2--AREA DE SALUD OROTINA-SAN MATEO
2--AREA DE SALUD DESAMPARADOS 1 - CLINICA DR. MARCIAL FALLAS
2--Salud Digna, A.C
2--RI State Health Laboratories
2--Area De Salud Catedral Noreste
2--AREA DE SALUD LOS SANTOS
2--Area De Salud Moravia
2--NB-Hôpital Georges L. Dumont
2--Infinity Biologix
2--Population Medicine and Diagnostic Sciences,  Cornell University
2--AREA DE SALUD GUATUSO
2--Laboratorio Central de Salud Pública
2--Curative
2--DOHMH PHL
2--Stanford Health Care
2--AREA DE SALUD MORAVIA
2--Hospital Maximiliano Peralta Jiménez
2--UCLA Clinical Micro Lab
2--Mako Medical
2--HOSPITAL DR. WILLIAM ALLEN
2--VI-US Virgin Islands Department of Health
2--NYC Pandemic Response Lab
2--Unidad de Investigación Biomédica de Zacatecas (UIBZ)
2--AREA DE SALUD ZAPOTE-CATEDRAL - CLINICA DR. CARLOS DURAN
2--LABORATORIO CLINICO CENAHCE
2--CENTRO PENAL LUIS PAULINO MORA
2--DeRisi Lab, University of California, San Francisco
2--NYU Langone Health
2--QEII Health Sciences Centre
2--Area De Salud Mata Redonda-Hospital - Clinica Dr. Moreno Cañas
1--Sharp HealthCare Laboratory
1--Area De Salud Turrialba-Jimenez
1--Hospital La Anexion
1--New York Presbyterian Hospital
1--GA Department of Public Health
1--DOHMH Jamaica
1--AS Belén Flores
1--IZSM
1--Laboratorio de Virología y Microbiología Molecular, Depto. de Microbiología, Facultad de Medicina, Universidad de El Salvador/INS-laboratorio de Ref. Ministerio de Salud
1--Bureau of the Public Health Laboratory, NYC DOHMH
1--AREA DE SALUD HORQUETAS-RIO FRIO
1--The Caribbean Public Health Agency
1--New York Presbetyrian / Weill Cornell Medicine
1--University of Wisconsin-Madison AIDS Vaccine Research Laboratories
1--Lighthouse Lab in Milton Keynes
1--Laboratorio Central de Epidemiologi­a (LCE)
1--AREA DE SALUD PURISCAL-TURRUBARES
1--AREA DE SALUD ALAJUELA OESTE
1--Hospital San Vicente De Paul
1--AREA DE SALUD HATILLO - CLINICA DR. SOLON NUÑEZ
1--Área De Salud Oreamuno-Pacayas-Tierra Blanca
1--Maryland Public Health Laboratory (MD PHL)
1--AREA DE SALUD SAN ISIDRO
1--Servicio de Microbiologia, Hospital Universitario San Cecilio, Granada, Spain
1--Emory Molecular Diagnostics Laboratory, Emory Healthcare
1--AREA DE SALUD GUATUSO [GUATUSO/ALAJUELA]
1--Instituto de Medicina Tropical & Salud Global Universidad Iberoamericana
1--Massachusetts State Public Health Laboratory
1--Region Oriental
1--AREA DE SALUD COBANO
1--HOSPITAL GOLFITO MANUEL MORA VALVERDE
1--Infectious Disease Program,  Broad Institute of Harvard and MIT
1--Inciensa, Instituto Costarricense de Investigación y Enseñanza en Nutrición y Salud
1--Orange County Public Health Laboratory
1--Area De Salud Paraiso-Cervantes
1--ASST GOM NIGUARDA
1--AREA DE SALUD SAN FRANCISCO-SAN ANTONIO (COOPESANA)
1--Maryland Public Health Laboratory
1--State of New Hampshire Public Health Laboratories
1--HOSPITAL DR. MAX PERALTA JIMENEZ
1--MONTEFIORE MEDICAL CENTER LABORATORIES
1--Hospital Monseñor Sanabria
1--HOSPITAL MEXICO
1--Labor Dr. Heidrich & Kollegen MVZ GmbH Hamburg
1--Kaiser Permanente Washington Health Research Institute
1--Nemocnice Prostějov, a.s.
1--Dr. Jorge P. Royeca Hospital
1--Hospital San Carlos
1--Houston Health Dept.
1--Biomédicos de Mérida
1--Hospital Dr. William Allen
1--Area De Salud Fortuna
1--HOSPITAL GUAPILES [POCOCI/LIMON]
1--Área De Salud Alajuelita
1--Centers for Disease Control and Prevention, Respiratory Viruses Branch
1--Weill Cornell Medicine
1--HOSPITAL SAN VICENTE DE PAUL
1--""""""NM Dept. Health, Scientific Laboratory Division """"""
1--AREA DE SALUD NARANJO
1--AREA DE SALUD CORONADO
1--IN State Department of Health Laboratory Services
1--Area De Salud Coronado
1--UMass Memorial Medical Center
1--COOPESIBA BARVA
1--AREA DE SALUD ASERRI [ASERRI/SAN JOSE]
1--CGB laboratoř, a.s.
1--Gorgas memorial Institute for Health Studies
1--DOHMH Corona
1--Servicio de Microbiología del Complejo Hospitalario Universitario de Ferrol
1--MVZ Labor Krone GbR
1--AREA DE SALUD BAGACES
1--Area De Salud Siquirres
1--Wyoming Public Health Laboratory
1--Laboratorio Central de Epidemiologia (LCE)
1--Sonic - MVZ Medizinisches Labor Bremen GmbH
1--LNS
1--AREA DE SALUD OREAMUNO-PACAYAS-TIERRA BLANCA
1--Hospital Universitari i Politècnic La Fe de València
1--Statens Serum Institut Bioinformatics and Microbial Genomics
1--AREA DE SALUD CORRALILLO
1--AREA DE SALUD LIMON
1--AREA DE SALUD MATA REDONDA-HOSPITAL - CLINICA DR. MORENO CAÑAS
1--DE Public Health Laboratory
1--AREA DE SALUD GARABITO
1--Tamizaje Comunitario - Paso Canoas
1--NJDOH, Public Health and Environmental Laboratories
1--HOSPITAL DR. RAFAEL A. CALDERON GUARDIA
1--Hospital Golfito Manuel Mora Valverde
1--AREA DE SALUD DESAMPARADOS 2 (COOPESALUD)
1--NYC Department of Health and Mental Hygiene
1--Wisconsin State Laboratory of Hygiene Communicable Disease Division
1--UW Virology Lab
1--University of Liège COVID-19 testing center
1--DOHMH Riverside
1--AREA DE SALUD COTO BRUS
1--AREA DE SALUD GOLFITO
1--Maryland Genomics, Institute for Genome Sciences, University of Maryland School of Medicine
1--AREA DE SALUD PARRITA
1--Ucsf San Ignacio Ch
1--Hospital México
1--Broad Institute Clinical Research Sequencing Platform
1--AREA DE SALUD NANDAYURE
1--Central Laboratory, Bureau of Public Health (BOG) and Academic Hospital Paramaribo
1--Hospital De Guápiles
1--HIV Research Laboratory
1--Columbia University Irving Medical Center
1--Hospital Metropolitano
1--Omics Sciences Laboratory
1--Bluewater Diagnostic Laboratory, LLC
1--AREA DE SALUD PARAISO-CERVANTES
1--Microbiology Department. Complexo Hospitalario Universitario de Vigo
1--California Department of Public Health
1--Instituto Nacional de Enfermedades Respiratorias (INER)
1--BMC Clinical Microbiology Laboratory
1--Hospital Luis Vernaza
1--CLINICA BIBLICA
1--Laboratorio de Salud Pública Bogota
1--AREA DE SALUD CURRIDABAT 2
1--Synergy Laboratories
1--AREA DE SALUD SIQUIRRES [SIQUIRRES/LIMON]
1--San Isidro de Heredia
1--Instituto Nacional de Medicina Genomica
1--AS Barva
1--Hackensack Medical Center
1--Seattle Flu Study
1--Yale Clinical Virology Lab
1--Instituto Nacional de Cancerología
1--Public Health Ontario Laboratory
1--AREA DE SALUD ASERRI
1--Area De Salud Corralillo
1--Hospital Escalante Pradilla
1--SARS-CoV-2 testing team, National Institute of Infectious Diseases
1--Area De Salud Nandayure
1--HOSPITAL LA ANEXION [NICOYA/GUANACASTE]
1--Maine Health and Environmental Testing Laboratory
1--Laboratorio Nacional de Vigilancia de la Salud – Sección de Virologia
1--AREA DE SALUD TALAMANCA",
27407,GGCTGAGAA,9,14,ORF7a,5,AEN,11.4,AY.44,100.0,1,USA,85.7,2,3,3,100.0,100.0,6,42.9,"10--Centers for Disease Control and Prevention, Division of Viral Diseases, Pathogen Discovery
2--Public Health Ontario
2--Houston Methodist Hospital","9--Aegis Sciences Corporation
2--Houston Methodist Hospital
2--Public Health Ontario Laboratory
1--Quest Diagnostics Incorporated","EPI_ISL_6171861, EPI_ISL_6386352, EPI_ISL_6571338, EPI_ISL_6787472, EPI_ISL_6909070, EPI_ISL_7081720, EPI_ISL_7176740, EPI_ISL_7224354, EPI_ISL_7243877, EPI_ISL_7613103, EPI_ISL_7702607, EPI_ISL_7940631, EPI_ISL_8116624, EPI_ISL_8149317"
25455,AACTCGGCTAGG,12,10,ORF3a,21,NSAR,11.8,BA.2.12.1,100.0,1,USA,100.0,1,3,3,100.0,100.0,10,100.0,"7--Centers for Disease Control and Prevention, Division of Viral Diseases, Pathogen Discovery
2--Virginia Commonwealth University
1--Jeremy Wang","6--Laboratory Corporation of America
2--Virginia Division of Consolidated Laboratory Services
1--Clinical Molecular Microbiology Laboratory, UNC Hospitals
1--Quest Diagnostics Incorporated","EPI_ISL_13151500, EPI_ISL_13161523, EPI_ISL_13553203, EPI_ISL_13553204, EPI_ISL_13571280, EPI_ISL_13585227, EPI_ISL_13645626, EPI_ISL_13778428, EPI_ISL_13834569, EPI_ISL_14555257"
22304,TTCCTGGACTTG,12,2,S,247,FPGL,0.0,BA.2,100.0,1,Portugal|Germany,50.0,2,2,2,100.0,100.0,2,100.0,"1--Instituto Nacional de Saude Doutor Ricardo Jorge (INSA)
1--Robert Koch Institute","1--Limbach - MVZ Labor Dr. Volkmann & Kollegen
1--ARS Algarve - Laboratorio Laura Ayres","EPI_ISL_12863584, EPI_ISL_13004514"
26181,AACTGTGAG,9,6,ORF3a,263,NCE,6.5,B.1.429,100.0,1,USA,100.0,1,2,2,100.0,100.0,6,100.0,"5--Centers for Disease Control and Prevention, Division of Viral Diseases, Pathogen Discovery
1--State Laboratories Division, Hawaii State Department of Health","3--Quest Diagnostics Incorporated
2--Helix/Illumina
1--State Laboratories Division, Hawaii State Department of Health","EPI_ISL_1291087, EPI_ISL_1340442, EPI_ISL_1444381, EPI_ISL_1512222, EPI_ISL_1515805, EPI_ISL_1906123"
2168,TAGAAGACTCATCTC,15,3,ORF1a,634,LEDSS,28.1,BA.5.9,100.0,1,Japan,100.0,1,2,2,100.0,100.0,2,66.7,"2--Himeji City Institute of Environment and Health
1--Wakayama Prefectural Research Center of Environment and Public Health","2--Himeji City Institute of Environment and Health
1--Wakayama Prefectural Research Center of Environment and Public Health","EPI_ISL_14642891, EPI_ISL_15245257, EPI_ISL_16984040"
22204,GCTCAAGAAAGG,12,2,S,213,RAQE,27.5,B.1.429,100.0,1,USA,100.0,1,2,2,100.0,100.0,2,100.0,"1--Quest Diagnostics
1--California Department of Public Health","1--Quest Diagnostics
1--California Department of Public Health Valencia Branch Laboratory","EPI_ISL_915269, EPI_ISL_2977707"
27552,CAAGATGGCGA,11,8,ORF7a,53,QDG,10.0,AY.25,100.0,1,USA,100.0,1,4,4,100.0,100.0,6,75.0,"5--Centers for Disease Control and Prevention, Division of Viral Diseases, Pathogen Discovery
1--Houston Methodist Hospital
1--Gagnon Lab, Southern Illinois University
1--US Air Force School of Aerospace Medicine","3--Quest Diagnostics Incorporated
2--Aegis Sciences Corporation
1--Houston Methodist Hospital
1--Illinois Department of Public Health
1--US Air Force School of Aerospace Medicine","EPI_ISL_3396869, EPI_ISL_3397022, EPI_ISL_3858005, EPI_ISL_4020960, EPI_ISL_4079986, EPI_ISL_5340286, EPI_ISL_5517532, EPI_ISL_5859754"
27989,AGCGACGTTTAAA,13,2,ORF8,32,SD,5.9,B.1.617.2,100.0,1,England,100.0,1,2,2,100.0,100.0,2,100.0,"1--COVID-19 Genomics UK (COG-UK) Consortium
1--Wellcome Sanger Institute","1--Lighthouse Lab in Milton Keynes
1--Quadram Institute Bioscience","EPI_ISL_7895182, EPI_ISL_8238912"
28031,AATTTTGGG,9,6,ORF8,46,KFW,0.6,BA.5.2.1,100.0,1,USA,83.3,2,3,3,0.1,0.1,0,0.1,"4--Centers for Disease Control and Prevention, Division of Viral Diseases, Pathogen Discovery
1--Arizona State University
1--Laboratoire de santé publique du Québec","4--Laboratory Corporation of America
1--Arizona State University
1--Laboratoire de santé publique du Québec","EPI_ISL_13640927, EPI_ISL_13640963, EPI_ISL_13644625, EPI_ISL_13728829, EPI_ISL_13778973, EPI_ISL_14361490"
2164,AAATCAACA,9,9,ORF1a,633,KST,1.6,BQ.1.1.48,100.0,1,USA,100.0,1,4,4,100.0,100.0,5,55.6,"4--Pathology and Laboratory Medicine Institute, Cleveland Clinic, Ohio, USA
2--Centers for Disease Control and Prevention, Division of Viral Diseases, Pathogen Discovery
2--Andersen Lab at The Scripps Research Institute
1--City of Milwaukee Health Department Laboratory","4--Pathology and Laboratory Medicine Institute, Cleveland Clinic, Ohio, USA
2--Sharp HealthCare Laboratory
2--Helix
1--Summit Clinical Laboratories","EPI_ISL_16448761, EPI_ISL_17167380, EPI_ISL_17190756, EPI_ISL_17197964, EPI_ISL_17288496, EPI_ISL_17492610, EPI_ISL_17594934, EPI_ISL_17649397, EPI_ISL_17649488"
22303,GAGTTGGGG,9,4,S,247,ELG,2.3,BA.5.1,100.0,1,Mexico,100.0,1,3,3,100.0,100.0,4,100.0,"2--Instituto de Biotecnologia de la UNAM
1--Instituto Nacional de Medicina Genomica
1--Unidad de Genomica Avanzada","3--Laboratorio Central de Epidemiologia (LCE)
1--SALUD DIGNA","EPI_ISL_15224542, EPI_ISL_15389319, EPI_ISL_15671235, EPI_ISL_15671237"